# WaveFront *.obj file (generated by Autodesk ATF)

mtllib T2601_BaseP30.mtl

g Solide1

v -30.000000 -40.500002 0.000000
v -30.000000 -40.500002 3.000000
v -30.000000 -40.000000 0.000000
v -30.000000 -40.000000 3.000000
v -30.000000 -35.000000 0.000000
v -30.000000 -35.000000 3.000000
v -30.000000 -34.500000 0.000000
v -30.000000 -34.500000 3.000000
v -30.000000 34.500000 0.000000
v -30.000000 34.500000 3.000000
v -30.000000 35.000000 0.000000
v -30.000000 35.000000 3.000000
v -30.000000 40.000000 0.000000
v -30.000000 40.000000 3.000000
v -30.000000 40.500002 0.000000
v -30.000000 40.500002 3.000000
v -29.866025 -40.999999 0.000000
v -29.866025 -40.999999 3.000000
v -29.866025 -39.500000 0.000000
v -29.866025 -39.500000 3.000000
v -29.866025 -35.500000 0.000000
v -29.866025 -35.500000 3.000000
v -29.866025 -34.000001 0.000000
v -29.866025 -34.000001 3.000000
v -29.866025 34.000001 0.000000
v -29.866025 34.000001 3.000000
v -29.866025 35.500000 0.000000
v -29.866025 35.500000 3.000000
v -29.866025 39.500000 0.000000
v -29.866025 39.500000 3.000000
v -29.866025 40.999999 0.000000
v -29.866025 40.999999 3.000000
v -29.500000 -41.366024 0.000000
v -29.500000 -41.366024 3.000000
v -29.500000 -39.133976 0.000000
v -29.500000 -39.133976 3.000000
v -29.500000 -35.866024 0.000000
v -29.500000 -35.866024 3.000000
v -29.500000 -33.633974 0.000000
v -29.500000 -33.633974 3.000000
v -29.500000 33.633974 0.000000
v -29.500000 33.633974 3.000000
v -29.500000 35.866024 0.000000
v -29.500000 35.866024 3.000000
v -29.500000 39.133976 0.000000
v -29.500000 39.133976 3.000000
v -29.500000 41.366024 0.000000
v -29.500000 41.366024 3.000000
v -29.000001 -41.500001 0.000000
v -29.000001 -41.500001 3.000000
v -29.000001 -39.000001 0.000000
v -29.000001 -39.000001 3.000000
v -29.000001 -35.999999 0.000000
v -29.000001 -35.999999 3.000000
v -29.000001 -33.499999 0.000000
v -29.000001 -33.499999 3.000000
v -29.000001 33.499999 0.000000
v -29.000001 33.499999 3.000000
v -29.000001 35.999999 0.000000
v -29.000001 35.999999 3.000000
v -29.000001 39.000001 0.000000
v -29.000001 39.000001 3.000000
v -29.000001 41.500001 0.000000
v -29.000001 41.500001 3.000000
v -26.868861 -39.000001 0.000000
v -26.868861 -39.000001 3.000000
v -26.868861 -35.999999 0.000000
v -26.868861 -35.999999 3.000000
v -26.868861 35.999999 0.000000
v -26.868861 35.999999 3.000000
v -26.868861 39.000001 0.000000
v -26.868861 39.000001 3.000000
v -26.656513 -39.022806 0.000000
v -26.656513 -39.022806 3.000000
v -26.656513 -35.977194 0.000000
v -26.656513 -35.977194 3.000000
v -26.656513 35.977194 0.000000
v -26.656513 35.977194 3.000000
v -26.656513 39.022806 0.000000
v -26.656513 39.022806 3.000000
v -26.453853 -39.090183 0.000000
v -26.453853 -39.090183 3.000000
v -26.453853 -35.909817 0.000000
v -26.453853 -35.909817 3.000000
v -26.453853 35.909817 0.000000
v -26.453853 35.909817 3.000000
v -26.453853 39.090183 0.000000
v -26.453853 39.090183 3.000000
v -26.270120 -39.199057 0.000000
v -26.270120 -39.199057 3.000000
v -26.270120 -35.800943 0.000000
v -26.270120 -35.800943 3.000000
v -26.270120 35.800943 0.000000
v -26.270120 35.800943 3.000000
v -26.270120 39.199057 0.000000
v -26.270120 39.199057 3.000000
v -26.136363 -22.500000 0.000000
v -26.136363 -22.500000 3.000000
v -26.136363 22.500000 0.000000
v -26.136363 22.500000 3.000000
v -25.965061 -23.581560 0.000000
v -25.965061 -23.581560 3.000000
v -25.965061 -21.418440 0.000000
v -25.965061 -21.418440 3.000000
v -25.965061 21.418440 0.000000
v -25.965061 21.418440 3.000000
v -25.965061 23.581560 0.000000
v -25.965061 23.581560 3.000000
v -25.634432 -23.060436 3.000000
v -25.634432 -21.939564 3.000000
v -25.634432 21.939564 3.000000
v -25.634432 23.060436 3.000000
v -25.467923 -24.557250 0.000000
v -25.467923 -24.557250 3.000000
v -25.467923 -20.442750 0.000000
v -25.467923 -20.442750 3.000000
v -25.467923 20.442750 0.000000
v -25.467923 20.442750 3.000000
v -25.467923 24.557250 0.000000
v -25.467923 24.557250 3.000000
v -25.420158 -39.579294 0.000000
v -25.420158 -39.579294 3.000000
v -25.420158 -35.420706 0.000000
v -25.420158 -35.420706 3.000000
v -25.420158 35.420706 0.000000
v -25.420158 35.420706 3.000000
v -25.420158 39.579294 0.000000
v -25.420158 39.579294 3.000000
v -25.229526 -24.105618 3.000000
v -25.229526 -20.894382 3.000000
v -25.229526 20.894382 3.000000
v -25.229526 24.105618 3.000000
v -25.047646 -33.499999 0.000000
v -25.047646 -33.499999 3.000000
v -25.047646 33.499999 0.000000
v -25.047646 33.499999 3.000000
v -25.000000 -41.500001 0.000000
v -25.000000 -41.500001 3.000000
v -25.000000 41.500001 0.000000
v -25.000000 41.500001 3.000000
v -24.693613 -25.331559 0.000000
v -24.693613 -25.331559 3.000000
v -24.693613 -19.668441 0.000000
v -24.693613 -19.668441 3.000000
v -24.693613 19.668441 0.000000
v -24.693613 19.668441 3.000000
v -24.693613 25.331559 0.000000
v -24.693613 25.331559 3.000000
v -24.489243 -39.558914 0.000000
v -24.489243 -39.558914 3.000000
v -24.489243 -35.441086 0.000000
v -24.489243 -35.441086 3.000000
v -24.489243 35.441086 0.000000
v -24.489243 35.441086 3.000000
v -24.489243 39.558914 0.000000
v -24.489243 39.558914 3.000000
v -24.474399 -24.933953 3.000000
v -24.474399 -20.066047 3.000000
v -24.474399 20.066047 3.000000
v -24.474399 24.933953 3.000000
v -24.386363 -22.500000 0.000000
v -24.386363 22.500000 0.000000
v -24.335511 -22.918801 1.700000
v -24.335511 -22.081199 1.700000
v -24.335511 22.081199 1.700000
v -24.335511 22.918801 1.700000
v -24.185913 -23.313265 0.000000
v -24.185913 -21.686735 0.000000
v -24.185913 21.686735 0.000000
v -24.185913 23.313265 0.000000
v -24.070201 -41.390433 0.000000
v -24.070201 -41.390433 3.000000
v -24.070201 41.390433 0.000000
v -24.070201 41.390433 3.000000
v -23.946257 -23.660464 1.700000
v -23.946257 -21.339536 1.700000
v -23.946257 21.339536 1.700000
v -23.946257 23.660464 1.700000
v -23.779817 -33.336589 0.000000
v -23.779817 -33.336589 3.000000
v -23.779817 33.336589 0.000000
v -23.779817 33.336589 3.000000
v -23.717923 -25.828698 0.000000
v -23.717923 -25.828698 3.000000
v -23.717923 -19.171302 0.000000
v -23.717923 -19.171302 3.000000
v -23.717923 19.171302 0.000000
v -23.717923 19.171302 3.000000
v -23.717923 25.828698 0.000000
v -23.717923 25.828698 3.000000
v -23.656738 -39.141841 0.000000
v -23.656738 -39.141841 3.000000
v -23.656738 -35.858159 0.000000
v -23.656738 -35.858159 3.000000
v -23.656738 35.858159 0.000000
v -23.656738 35.858159 3.000000
v -23.656738 39.141841 0.000000
v -23.656738 39.141841 3.000000
v -23.630476 -23.940222 0.000000
v -23.630476 -21.059778 0.000000
v -23.630476 21.059778 0.000000
v -23.630476 23.940222 0.000000
v -23.471036 -25.433569 3.000000
v -23.471036 -19.566432 3.000000
v -23.471036 19.566432 3.000000
v -23.471036 25.433569 3.000000
v -23.256922 -24.136279 1.700000
v -23.256922 -20.863721 1.700000
v -23.256922 20.863721 1.700000
v -23.256922 24.136279 1.700000
v -23.191340 -41.067739 0.000000
v -23.191340 -41.067739 3.000000
v -23.191340 41.067739 0.000000
v -23.191340 41.067739 3.000000
v -23.083038 -38.408434 0.000000
v -23.083038 -38.408434 3.000000
v -23.083038 -36.591566 0.000000
v -23.083038 -36.591566 3.000000
v -23.083038 36.591566 0.000000
v -23.083038 36.591566 3.000000
v -23.083038 38.408434 0.000000
v -23.083038 38.408434 3.000000
v -22.878680 -37.500000 0.000000
v -22.878680 -37.500000 3.000000
v -22.878680 37.500000 0.000000
v -22.878680 37.500000 3.000000
v -22.847302 -24.237239 0.000000
v -22.847302 -20.762761 0.000000
v -22.847302 20.762761 0.000000
v -22.847302 24.237239 0.000000
v -22.636364 -25.999999 0.000000
v -22.636364 -25.999999 3.000000
v -22.636364 -19.000000 0.000000
v -22.636364 -19.000000 3.000000
v -22.636364 19.000000 0.000000
v -22.636364 19.000000 3.000000
v -22.636364 25.999999 0.000000
v -22.636364 25.999999 3.000000
v -22.594857 -32.857041 0.000000
v -22.594857 -32.857041 3.000000
v -22.594857 32.857041 0.000000
v -22.594857 32.857041 3.000000
v -22.425425 -24.237239 1.700000
v -22.425425 -20.762761 1.700000
v -22.425425 20.762761 1.700000
v -22.425425 24.237239 1.700000
v -22.411563 -40.549588 0.000000
v -22.411563 -40.549588 3.000000
v -22.411563 40.549588 0.000000
v -22.411563 40.549588 3.000000
v -22.354946 -25.536990 3.000000
v -22.354946 -19.463011 3.000000
v -22.354946 19.463011 3.000000
v -22.354946 25.536990 3.000000
v -22.015805 -24.136279 0.000000
v -22.015805 -20.863721 0.000000
v -22.015805 20.863721 0.000000
v -22.015805 24.136279 0.000000
v -21.760538 -40.180631 0.000000
v -21.760538 -40.180631 3.000000
v -21.760538 40.180631 0.000000
v -21.760538 40.180631 3.000000
v -21.642251 -23.940222 1.700000
v -21.642251 -21.059778 1.700000
v -21.642251 21.059778 1.700000
v -21.642251 23.940222 1.700000
v -21.570220 -32.092702 0.000000
v -21.570220 -32.092702 3.000000
v -21.570220 32.092702 0.000000
v -21.570220 32.092702 3.000000
v -21.326470 -23.660464 0.000000
v -21.326470 -21.339536 0.000000
v -21.326470 21.339536 0.000000
v -21.326470 23.660464 0.000000
v -21.276863 -25.230248 3.000000
v -21.276863 -19.769752 3.000000
v -21.276863 19.769752 3.000000
v -21.276863 25.230248 3.000000
v -21.086814 -23.313265 1.700000
v -21.086814 -21.686735 1.700000
v -21.086814 21.686735 1.700000
v -21.086814 23.313265 1.700000
v -21.019468 -40.076780 0.000000
v -21.019468 -40.076780 3.000000
v -21.019468 40.076780 0.000000
v -21.019468 40.076780 3.000000
v -20.937216 -22.918801 0.000000
v -20.937216 -22.081199 0.000000
v -20.937216 22.081199 0.000000
v -20.937216 22.918801 0.000000
v -20.886364 -22.500000 1.700000
v -20.886364 22.500000 1.700000
v -20.764074 -25.999999 0.000000
v -20.764074 -25.999999 3.000000
v -20.764074 25.999999 0.000000
v -20.764074 25.999999 3.000000
v -20.636363 -19.000000 0.000000
v -20.636363 -19.000000 3.000000
v -20.636363 19.000000 0.000000
v -20.636363 19.000000 3.000000
v -20.382385 -24.554772 3.000000
v -20.382385 -20.445228 3.000000
v -20.382385 20.445228 3.000000
v -20.382385 24.554772 3.000000
v -20.292103 -40.252576 0.000000
v -20.292103 -40.252576 3.000000
v -20.292103 40.252576 0.000000
v -20.292103 40.252576 3.000000
v -20.267384 -26.062658 3.000000
v -20.267384 26.062658 3.000000
v -20.158937 -30.726700 0.000000
v -20.158937 -30.726700 3.000000
v -20.158937 30.726700 0.000000
v -20.158937 30.726700 3.000000
v -20.035763 -26.137323 0.000000
v -20.035763 26.137323 0.000000
v -19.870996 -18.847759 0.000000
v -19.870996 -18.847759 3.000000
v -19.870996 18.847759 0.000000
v -19.870996 18.847759 3.000000
v -19.801816 -26.246700 3.000000
v -19.801816 26.246700 3.000000
v -19.792323 -23.601787 3.000000
v -19.792323 -21.398213 3.000000
v -19.792323 21.398213 3.000000
v -19.792323 23.601787 3.000000
v -19.759103 -30.291030 3.000000
v -19.759103 30.291030 3.000000
v -19.680264 -40.683413 0.000000
v -19.680264 -40.683413 3.000000
v -19.680264 40.683413 0.000000
v -19.680264 40.683413 3.000000
v -19.602358 -30.088115 0.000000
v -19.602358 30.088115 0.000000
v -19.586364 -22.500000 3.000000
v -19.586364 22.500000 3.000000
v -19.413500 -29.811203 3.000000
v -19.413500 29.811203 3.000000
v -19.407467 -26.530437 0.000000
v -19.407467 26.530437 0.000000
v -19.396539 -26.540601 3.000000
v -19.396539 26.540601 3.000000
v -19.222150 -18.414214 0.000000
v -19.222150 -18.414214 3.000000
v -19.222150 18.414214 0.000000
v -19.222150 18.414214 3.000000
v -19.161568 -29.364738 0.000000
v -19.161568 29.364738 0.000000
v -19.126962 -29.293931 3.000000
v -19.126962 29.293931 3.000000
v -19.087029 -26.910419 3.370676
v -19.087029 26.910419 3.370676
v -18.965465 -27.125356 0.000000
v -18.965465 27.125356 0.000000
v -18.906653 -25.266604 3.000000
v -18.906653 25.266604 3.000000
v -18.852062 -27.413945 3.646833
v -18.852062 27.413945 3.646833
v -18.849216 -28.577335 0.000000
v -18.849216 -28.577335 3.502862
v -18.849216 28.577335 0.000000
v -18.849216 28.577335 3.502862
v -18.788605 -17.765367 0.000000
v -18.788605 -17.765367 3.000000
v -18.788605 17.765367 0.000000
v -18.788605 17.765367 3.000000
v -18.770454 -27.840385 0.000000
v -18.770454 27.840385 0.000000
v -18.764307 -28.001585 3.702235
v -18.764307 28.001585 3.702235
v -18.745821 -39.617231 3.000000
v -18.745821 -38.382771 3.000000
v -18.745821 38.382771 3.000000
v -18.745821 39.617231 3.000000
v -18.636364 -17.000000 0.000000
v -18.636364 -17.000000 3.000000
v -18.636364 17.000000 0.000000
v -18.636364 17.000000 3.000000
v -18.516781 -30.307534 3.000000
v -18.516781 30.307534 3.000000
v -18.344992 -40.784802 3.000000
v -18.344992 -37.215197 3.000000
v -18.344992 37.215197 3.000000
v -18.344992 40.784802 3.000000
v -18.280396 -42.129683 0.000000
v -18.280396 -42.129683 3.000000
v -18.280396 42.129683 0.000000
v -18.280396 42.129683 3.000000
v -18.175427 -27.500000 0.000000
v -18.175427 -27.500000 2.500000
v -18.175427 27.500000 0.000000
v -18.175427 27.500000 2.500000
v -18.057345 -24.198086 3.000000
v -18.057345 24.198086 3.000000
v -17.948920 -28.051248 4.500000
v -17.948920 -28.051248 8.250000
v -17.948920 -26.948752 4.500000
v -17.948920 -26.948752 8.250000
v -17.948920 26.948752 4.500000
v -17.948920 26.948752 8.250000
v -17.948920 28.051248 4.500000
v -17.948920 28.051248 8.250000
v -17.899519 -27.500000 8.625000
v -17.899519 27.500000 8.625000
v -17.703722 -28.547428 8.625000
v -17.703722 -26.452572 8.625000
v -17.703722 26.452572 8.625000
v -17.703722 28.547428 8.625000
v -17.663516 -31.127076 3.000000
v -17.663516 31.127076 3.000000
v -17.625000 -27.500000 8.899519
v -17.625000 27.500000 8.899519
v -17.586771 -41.758966 3.000000
v -17.586771 -36.241035 3.000000
v -17.586771 36.241035 3.000000
v -17.586771 41.758966 3.000000
v -17.550651 -29.079297 4.500000
v -17.550651 -29.079297 8.250000
v -17.550651 -25.920703 4.500000
v -17.550651 -25.920703 8.250000
v -17.550651 25.920703 4.500000
v -17.550651 25.920703 8.250000
v -17.550651 29.079297 4.500000
v -17.550651 29.079297 8.250000
v -17.447740 -28.448260 8.899519
v -17.447740 -26.551740 8.899519
v -17.447740 26.551740 8.899519
v -17.447740 28.448260 8.899519
v -17.267686 -42.913871 0.000000
v -17.267686 -42.913871 3.000000
v -17.267686 42.913871 0.000000
v -17.267686 42.913871 3.000000
v -17.200832 -27.967801 9.000000
v -17.200832 -27.032199 9.000000
v -17.200832 27.032199 9.000000
v -17.200832 27.967801 9.000000
v -17.142770 -29.453394 8.625000
v -17.142770 -25.546606 8.625000
v -17.142770 25.546606 8.625000
v -17.142770 29.453394 8.625000
v -17.046965 -39.000001 0.000000
v -17.046965 -39.000001 1.250000
v -17.046965 39.000001 0.000000
v -17.046965 39.000001 1.250000
v -16.939899 -29.268451 8.899519
v -16.939899 -25.731549 8.899519
v -16.939899 25.731549 8.899519
v -16.939899 29.268451 8.899519
v -16.926752 -23.433352 3.000000
v -16.926752 23.433352 3.000000
v -16.848903 -39.867768 0.000000
v -16.848903 -39.867768 1.250000
v -16.848903 -38.132234 0.000000
v -16.848903 -38.132234 1.250000
v -16.848903 38.132234 0.000000
v -16.848903 38.132234 1.250000
v -16.848903 39.867768 0.000000
v -16.848903 39.867768 1.250000
v -16.820288 -28.822517 9.000000
v -16.820288 -26.177483 9.000000
v -16.820288 26.177483 9.000000
v -16.820288 28.822517 9.000000
v -16.807904 -29.894052 4.500000
v -16.807904 -29.894052 8.250000
v -16.807904 -25.105948 4.500000
v -16.807904 -25.105948 8.250000
v -16.807904 25.105948 4.500000
v -16.807904 25.105948 8.250000
v -16.807904 29.894052 4.500000
v -16.807904 29.894052 8.250000
v -16.750000 -27.500000 2.500000
v -16.750000 27.500000 2.500000
v -16.699148 -27.918801 9.000000
v -16.699148 -27.081199 9.000000
v -16.699148 27.081199 9.000000
v -16.699148 27.918801 9.000000
v -16.626143 -31.695910 3.000000
v -16.626143 31.695910 3.000000
v -16.587713 -30.250001 0.000000
v -16.587713 -30.250001 2.500000
v -16.587713 -24.749999 0.000000
v -16.587713 -24.749999 2.500000
v -16.587713 24.749999 0.000000
v -16.587713 24.749999 2.500000
v -16.587713 30.250001 0.000000
v -16.587713 30.250001 2.500000
v -16.553323 -42.434149 3.000000
v -16.553323 -35.565851 3.000000
v -16.553323 35.565851 3.000000
v -16.553323 42.434149 3.000000
v -16.549548 -28.313265 2.500000
v -16.549548 -26.686735 2.500000
v -16.549548 26.686735 2.500000
v -16.549548 28.313265 2.500000
v -16.309894 -28.660464 9.000000
v -16.309894 -26.339536 9.000000
v -16.309894 26.339536 9.000000
v -16.309894 28.660464 9.000000
v -16.293945 -40.563664 0.000000
v -16.293945 -40.563664 1.250000
v -16.293945 -37.436337 0.000000
v -16.293945 -37.436337 1.250000
v -16.293945 37.436337 0.000000
v -16.293945 37.436337 1.250000
v -16.293945 40.563664 0.000000
v -16.293945 40.563664 1.250000
v -16.292427 -30.095544 8.625000
v -16.292427 -24.904456 8.625000
v -16.292427 24.904456 8.625000
v -16.292427 30.095544 8.625000
v -16.170063 -29.849803 8.899519
v -16.170063 -25.150197 8.899519
v -16.170063 25.150197 8.899519
v -16.170063 29.849803 8.899519
v -16.125000 -29.448557 9.000000
v -16.125000 -25.551443 9.000000
v -16.125000 25.551443 9.000000
v -16.125000 29.448557 9.000000
v -16.075066 -43.380980 0.000000
v -16.075066 -43.380980 3.000000
v -16.075066 43.380980 0.000000
v -16.075066 43.380980 3.000000
v -15.994114 -28.940222 2.500000
v -15.994114 -26.059778 2.500000
v -15.994114 26.059778 2.500000
v -15.994114 28.940222 2.500000
v -15.820988 -30.385478 4.500000
v -15.820988 -30.385478 8.250000
v -15.820988 -24.614522 4.500000
v -15.820988 -24.614522 8.250000
v -15.820988 24.614522 4.500000
v -15.820988 24.614522 8.250000
v -15.820988 30.385478 4.500000
v -15.820988 30.385478 8.250000
v -15.620558 -29.136279 9.000000
v -15.620558 -25.863721 9.000000
v -15.620558 25.863721 9.000000
v -15.620558 29.136279 9.000000
v -15.618893 -23.042762 3.000000
v -15.618893 23.042762 3.000000
v -15.492008 -40.949855 0.000000
v -15.492008 -40.949855 1.250000
v -15.492008 -37.050145 0.000000
v -15.492008 -37.050145 1.250000
v -15.492008 37.050145 0.000000
v -15.492008 37.050145 1.250000
v -15.492008 40.949855 0.000000
v -15.492008 40.949855 1.250000
v -15.476369 -31.974714 3.000000
v -15.476369 31.974714 3.000000
v -15.356638 -42.737193 3.000000
v -15.356638 -35.262809 3.000000
v -15.356638 35.262809 3.000000
v -15.356638 42.737193 3.000000
v -15.267534 -30.387151 8.625000
v -15.267534 -24.612849 8.625000
v -15.267534 24.612849 8.625000
v -15.267534 30.387151 8.625000
v -15.242205 -30.113802 8.899519
v -15.242205 -24.886198 8.899519
v -15.242205 24.886198 8.899519
v -15.242205 30.113802 8.899519
v -15.235189 -29.737675 9.000000
v -15.235189 -25.262325 9.000000
v -15.235189 25.262325 9.000000
v -15.235189 29.737675 9.000000
v -15.210940 -29.237239 2.500000
v -15.210940 -25.762761 2.500000
v -15.210940 25.762761 2.500000
v -15.210940 29.237239 2.500000
v -14.799155 -43.493171 0.000000
v -14.799155 -43.493171 3.000000
v -14.799155 43.493171 0.000000
v -14.799155 43.493171 3.000000
v -14.789060 -29.237239 9.000000
v -14.789060 -25.762761 9.000000
v -14.789060 25.762761 9.000000
v -14.789060 29.237239 9.000000
v -14.723195 -30.487204 4.500000
v -14.723195 -30.487204 8.250000
v -14.723195 -24.512796 4.500000
v -14.723195 -24.512796 8.250000
v -14.723195 24.512796 4.500000
v -14.723195 24.512796 8.250000
v -14.723195 30.487204 4.500000
v -14.723195 30.487204 8.250000
v -14.601923 -40.949855 0.000000
v -14.601923 -40.949855 1.250000
v -14.601923 -37.050145 0.000000
v -14.601923 -37.050145 1.250000
v -14.601923 37.050145 0.000000
v -14.601923 37.050145 1.250000
v -14.601923 40.949855 0.000000
v -14.601923 40.949855 1.250000
v -14.379442 -29.136279 2.500000
v -14.379442 -25.863721 2.500000
v -14.379442 25.863721 2.500000
v -14.379442 29.136279 2.500000
v -14.304712 -29.639878 9.000000
v -14.304712 -25.360122 9.000000
v -14.304712 25.360122 9.000000
v -14.304712 29.639878 9.000000
v -14.293667 -31.944220 3.000000
v -14.293667 31.944220 3.000000
v -14.281634 -30.024793 8.899519
v -14.281634 -24.975207 8.899519
v -14.281634 24.975207 8.899519
v -14.281634 30.024793 8.899519
v -14.254093 -23.062251 3.000000
v -14.254093 23.062251 3.000000
v -14.206508 -30.288832 8.625000
v -14.206508 -24.711168 8.625000
v -14.206508 24.711168 8.625000
v -14.206508 30.288832 8.625000
v -14.126395 -42.635250 3.000000
v -14.126395 -35.364749 3.000000
v -14.126395 35.364749 3.000000
v -14.126395 42.635250 3.000000
v -14.005886 -28.940222 9.000000
v -14.005886 -26.059778 9.000000
v -14.005886 26.059778 9.000000
v -14.005886 28.940222 9.000000
v -13.799986 -40.563664 0.000000
v -13.799986 -40.563664 1.250000
v -13.799986 -37.436337 0.000000
v -13.799986 -37.436337 1.250000
v -13.799986 37.436337 0.000000
v -13.799986 37.436337 1.250000
v -13.799986 40.563664 0.000000
v -13.799986 40.563664 1.250000
v -13.767174 -33.010631 3.000000
v -13.767159 -33.009660 0.000000
v -13.767159 33.009660 0.000000
v -13.767174 33.010631 3.000000
v -13.690106 -28.660464 2.500000
v -13.690106 -26.339536 2.500000
v -13.690106 26.339536 2.500000
v -13.690106 28.660464 2.500000
v -13.662785 -30.185490 4.500000
v -13.662785 -30.185490 8.250000
v -13.662785 -24.814510 4.500000
v -13.662785 -24.814510 8.250000
v -13.662785 24.814510 4.500000
v -13.662785 24.814510 8.250000
v -13.662785 30.185490 4.500000
v -13.662785 30.185490 8.250000
v -13.636364 -20.000000 0.000000
v -13.636364 -20.000000 3.000000
v -13.636364 20.000000 0.000000
v -13.636364 20.000000 3.000000
v -13.627237 -33.777859 3.000000
v -13.627415 -33.777406 0.000000
v -13.627415 33.777406 0.000000
v -13.627237 33.777859 3.000000
v -13.603039 -32.248211 3.000000
v -13.603039 32.248211 3.000000
v -13.602461 -32.246876 0.000000
v -13.602461 32.246876 0.000000
v -13.543321 -43.241348 0.000000
v -13.543321 -43.241348 3.000000
v -13.543321 43.241348 0.000000
v -13.543321 43.241348 3.000000
v -13.494456 -29.172075 9.000000
v -13.494456 -25.827925 9.000000
v -13.494456 25.827925 9.000000
v -13.494456 29.172075 9.000000
v -13.465992 -21.294096 0.000000
v -13.465992 -21.294096 3.000000
v -13.465992 21.294096 0.000000
v -13.465992 21.294096 3.000000
v -13.450452 -28.313265 9.000000
v -13.450452 -26.686735 9.000000
v -13.450452 26.686735 9.000000
v -13.450452 28.313265 9.000000
v -13.418084 -29.594796 8.899519
v -13.418084 -25.405204 8.899519
v -13.418084 25.405204 8.899519
v -13.418084 29.594796 8.899519
v -13.412287 -30.250001 0.000000
v -13.412287 -30.250001 2.500000
v -13.412287 -24.749999 0.000000
v -13.412287 -24.749999 2.500000
v -13.412287 24.749999 0.000000
v -13.412287 24.749999 2.500000
v -13.412287 30.250001 0.000000
v -13.412287 30.250001 2.500000
v -13.300852 -27.918801 2.500000
v -13.300852 -27.081199 2.500000
v -13.300852 27.081199 2.500000
v -13.300852 27.918801 2.500000
v -13.252649 -29.813867 8.625000
v -13.252649 -25.186133 8.625000
v -13.252649 25.186133 8.625000
v -13.252649 29.813867 8.625000
v -13.250000 -27.500000 9.000000
v -13.250000 27.500000 9.000000
v -13.245028 -39.867768 0.000000
v -13.245028 -39.867768 1.250000
v -13.245028 -38.132234 0.000000
v -13.245028 -38.132234 1.250000
v -13.245028 38.132234 0.000000
v -13.245028 38.132234 1.250000
v -13.245028 39.867768 0.000000
v -13.245028 39.867768 1.250000
v -13.204505 -34.433236 0.000000
v -13.204505 -34.433236 3.000000
v -13.204505 34.433236 0.000000
v -13.204505 34.433236 3.000000
v -13.159788 -31.606534 3.000000
v -13.159788 31.606534 3.000000
v -13.159324 31.606083 3.000000
v -13.158395 -31.605184 0.000000
v -13.158395 -31.605184 3.000662
v -13.158395 31.605184 0.000000
v -13.158395 31.605184 3.000000
v -13.046966 -39.000001 0.000000
v -13.046966 -39.000001 1.250000
v -13.046966 39.000001 0.000000
v -13.046966 39.000001 1.250000
v -12.995909 -42.139373 3.000000
v -12.995909 -35.860627 3.000000
v -12.995909 35.860627 3.000000
v -12.995909 42.139373 3.000000
v -12.966491 -22.500000 0.000000
v -12.966491 -22.500000 3.000000
v -12.966491 22.500000 0.000000
v -12.966491 22.500000 3.000000
v -12.957920 -23.490024 3.000000
v -12.957920 23.490024 3.000000
v -12.953950 -31.407299 0.000000
v -12.953950 -31.407299 3.089410
v -12.953950 31.407299 0.000000
v -12.953950 31.407299 3.089410
v -12.944523 -28.415158 9.000000
v -12.944523 -26.584842 9.000000
v -12.944523 26.584842 9.000000
v -12.944523 28.415158 9.000000
v -12.782973 -29.521086 4.500000
v -12.782973 -29.521086 8.250000
v -12.782973 -25.478914 4.500000
v -12.782973 -25.478914 8.250000
v -12.782973 25.478914 4.500000
v -12.782973 25.478914 8.250000
v -12.782973 29.521086 4.500000
v -12.782973 29.521086 8.250000
v -12.768180 -28.881884 8.899519
v -12.768180 -26.118116 8.899519
v -12.768180 26.118116 8.899519
v -12.768180 28.881884 8.899519
v -12.750000 -27.500000 9.000000
v -12.750000 27.500000 9.000000
v -12.534779 -29.026401 8.625000
v -12.534779 -25.973599 8.625000
v -12.534779 25.973599 8.625000
v -12.534779 29.026401 8.625000
v -12.419696 -27.982342 8.899519
v -12.419696 -27.017658 8.899519
v -12.419696 27.017658 8.899519
v -12.419696 27.982342 8.899519
v -12.409302 -42.645922 0.000000
v -12.409302 -42.645922 3.000000
v -12.409302 42.645922 0.000000
v -12.409302 42.645922 3.000000
v -12.331797 -30.895541 3.181390
v -12.331786 30.895503 3.181459
v -12.202584 -28.583724 4.500000
v -12.202584 -28.583724 8.250000
v -12.202584 -26.416276 4.500000
v -12.202584 -26.416276 8.250000
v -12.202584 26.416276 4.500000
v -12.202584 26.416276 8.250000
v -12.202584 28.583724 4.500000
v -12.202584 28.583724 8.250000
v -12.171898 -23.535533 0.000000
v -12.171898 -23.535533 3.000000
v -12.171898 23.535533 0.000000
v -12.171898 23.535533 3.000000
v -12.149851 -28.032784 8.625000
v -12.149851 -26.967216 8.625000
v -12.149851 26.967216 8.625000
v -12.149851 28.032784 8.625000
v -12.087688 -41.303296 3.000000
v -12.087688 -36.696703 3.000000
v -12.087688 36.696703 3.000000
v -12.087688 41.303296 3.000000
v -12.000000 -27.500000 4.500000
v -12.000000 -27.500000 8.250000
v -12.000000 27.500000 4.500000
v -12.000000 27.500000 8.250000
v -11.929313 -30.642958 0.000000
v -11.929313 30.642958 0.000000
v -11.849623 -24.286726 3.000000
v -11.849623 24.286726 3.000000
v -11.824573 -27.500000 0.000000
v -11.824573 -27.500000 2.500000
v -11.824573 27.500000 0.000000
v -11.824573 27.500000 2.500000
v -11.813534 -35.870316 0.000000
v -11.813534 -35.870316 3.000000
v -11.813534 35.870316 0.000000
v -11.813534 35.870316 3.000000
v -11.638300 -30.491483 3.000000
v -11.638300 30.491483 3.000000
v -11.500151 -40.217624 3.000000
v -11.500151 -37.782376 3.000000
v -11.500151 37.782376 3.000000
v -11.500151 40.217624 3.000000
v -11.488972 -41.755118 0.000000
v -11.488972 -41.755118 3.000000
v -11.488972 41.755118 0.000000
v -11.488972 41.755118 3.000000
v -11.296966 -39.000001 3.000000
v -11.296966 39.000001 3.000000
v -11.136364 -24.330127 0.000000
v -11.136364 -24.330127 3.000000
v -11.136364 24.330127 0.000000
v -11.136364 24.330127 3.000000
v -11.062777 -36.908052 0.000000
v -11.062777 -36.908052 3.000000
v -11.062777 36.908052 0.000000
v -11.062777 36.908052 3.000000
v -11.031170 -25.379059 3.000000
v -11.031170 25.379059 3.000000
v -10.944897 -30.220473 3.000000
v -10.944897 30.220473 3.000000
v -10.896063 -29.345996 3.000000
v -10.896063 29.345996 3.000000
v -10.856889 -40.641117 0.000000
v -10.856889 -40.641117 3.000000
v -10.856889 40.641117 0.000000
v -10.856889 40.641117 3.000000
v -10.744354 -30.163410 0.000000
v -10.744354 30.163410 0.000000
v -10.634795 -38.115268 0.000000
v -10.634795 -38.115268 3.000000
v -10.634795 38.115268 0.000000
v -10.634795 38.115268 3.000000
v -10.577860 -26.666524 3.000000
v -10.577860 26.666524 3.000000
v -10.564260 -39.394157 0.000000
v -10.564260 -39.394157 3.000000
v -10.564260 39.394157 0.000000
v -10.564260 39.394157 3.000000
v -10.531400 -28.030672 3.000000
v -10.531400 28.030672 3.000000
v -10.218940 -30.055425 3.000000
v -10.218940 30.055425 3.000000
v -9.930459 -24.829628 0.000000
v -9.930459 -24.829628 3.000000
v -9.930459 24.829628 0.000000
v -9.930459 24.829628 3.000000
v -9.476523 -30.000000 0.000000
v -9.476523 -30.000000 3.000000
v -9.476523 30.000000 0.000000
v -9.476523 30.000000 3.000000
v -8.636364 -25.000000 0.000000
v -8.636364 -25.000000 3.000000
v -8.636364 25.000000 0.000000
v -8.636364 25.000000 3.000000
v 8.636364 -25.000000 0.000000
v 8.636364 -25.000000 3.000000
v 8.636364 25.000000 0.000000
v 8.636364 25.000000 3.000000
v 9.476523 -30.000000 0.000000
v 9.476523 -30.000000 3.000000
v 9.476523 30.000000 0.000000
v 9.476523 30.000000 3.000000
v 9.930459 -24.829628 0.000000
v 9.930459 -24.829628 3.000000
v 9.930459 24.829628 0.000000
v 9.930459 24.829628 3.000000
v 10.218940 -30.055425 3.000000
v 10.218940 30.055425 3.000000
v 10.531400 -28.030672 3.000000
v 10.531400 28.030672 3.000000
v 10.564260 -39.394157 0.000000
v 10.564260 -39.394157 3.000000
v 10.564260 39.394157 0.000000
v 10.564260 39.394157 3.000000
v 10.577860 -26.666524 3.000000
v 10.577860 26.666524 3.000000
v 10.634795 -38.115268 0.000000
v 10.634795 -38.115268 3.000000
v 10.634795 38.115268 0.000000
v 10.634795 38.115268 3.000000
v 10.744354 -30.163410 0.000000
v 10.744354 30.163410 0.000000
v 10.856889 -40.641117 0.000000
v 10.856889 -40.641117 3.000000
v 10.856889 40.641117 0.000000
v 10.856889 40.641117 3.000000
v 10.896063 -29.345996 3.000000
v 10.896063 29.345996 3.000000
v 10.944897 -30.220473 3.000000
v 10.944897 30.220473 3.000000
v 11.031170 -25.379059 3.000000
v 11.031170 25.379059 3.000000
v 11.062777 -36.908052 0.000000
v 11.062777 -36.908052 3.000000
v 11.062777 36.908052 0.000000
v 11.062777 36.908052 3.000000
v 11.136364 -24.330127 0.000000
v 11.136364 -24.330127 3.000000
v 11.136364 24.330127 0.000000
v 11.136364 24.330127 3.000000
v 11.348110 -39.617231 3.000000
v 11.348110 -38.382771 3.000000
v 11.348110 38.382771 3.000000
v 11.348110 39.617231 3.000000
v 11.488972 -41.755118 0.000000
v 11.488972 -41.755118 3.000000
v 11.488972 41.755118 0.000000
v 11.488972 41.755118 3.000000
v 11.638300 -30.491483 3.000000
v 11.638300 30.491483 3.000000
v 11.748939 -40.784802 3.000000
v 11.748939 -37.215197 3.000000
v 11.748939 37.215197 3.000000
v 11.748939 40.784802 3.000000
v 11.813534 -35.870316 0.000000
v 11.813534 -35.870316 3.000000
v 11.813534 35.870316 0.000000
v 11.813534 35.870316 3.000000
v 11.824573 -27.500000 0.000000
v 11.824573 -27.500000 2.500000
v 11.824573 27.500000 0.000000
v 11.824573 27.500000 2.500000
v 11.849623 -24.286726 3.000000
v 11.849623 24.286726 3.000000
v 11.929313 -30.642958 0.000000
v 11.929313 30.642958 0.000000
v 12.051080 -28.051248 4.500000
v 12.051080 -28.051248 8.250000
v 12.051080 -26.948752 4.500000
v 12.051080 -26.948752 8.250000
v 12.051080 26.948752 4.500000
v 12.051080 26.948752 8.250000
v 12.051080 28.051248 4.500000
v 12.051080 28.051248 8.250000
v 12.100481 -27.500000 8.625000
v 12.100481 27.500000 8.625000
v 12.171898 -23.535533 0.000000
v 12.171898 -23.535533 3.000000
v 12.171898 23.535533 0.000000
v 12.171898 23.535533 3.000000
v 12.296278 -28.547428 8.625000
v 12.296278 -26.452572 8.625000
v 12.296278 26.452572 8.625000
v 12.296278 28.547428 8.625000
v 12.331786 -30.895503 3.181459
v 12.331797 30.895541 3.181390
v 12.375000 -27.500000 8.899519
v 12.375000 27.500000 8.899519
v 12.409302 -42.645922 0.000000
v 12.409302 -42.645922 3.000000
v 12.409302 42.645922 0.000000
v 12.409302 42.645922 3.000000
v 12.449349 -29.079297 4.500000
v 12.449349 -29.079297 8.250000
v 12.449349 -25.920703 4.500000
v 12.449349 -25.920703 8.250000
v 12.449349 25.920703 4.500000
v 12.449349 25.920703 8.250000
v 12.449349 29.079297 4.500000
v 12.449349 29.079297 8.250000
v 12.507160 -41.758966 3.000000
v 12.507160 -36.241035 3.000000
v 12.507160 36.241035 3.000000
v 12.507160 41.758966 3.000000
v 12.552260 -28.448260 8.899519
v 12.552260 -26.551740 8.899519
v 12.552260 26.551740 8.899519
v 12.552260 28.448260 8.899519
v 12.799168 -27.967801 9.000000
v 12.799168 -27.032199 9.000000
v 12.799168 27.032199 9.000000
v 12.799168 27.967801 9.000000
v 12.857230 -29.453394 8.625000
v 12.857230 -25.546606 8.625000
v 12.857230 25.546606 8.625000
v 12.857230 29.453394 8.625000
v 12.953950 -31.407299 0.000000
v 12.953950 -31.407299 3.089410
v 12.953950 31.407299 0.000000
v 12.953950 31.407299 3.089410
v 12.957920 -23.490024 3.000000
v 12.957920 23.490024 3.000000
v 12.966491 -22.500000 0.000000
v 12.966491 -22.500000 3.000000
v 12.966491 22.500000 0.000000
v 12.966491 22.500000 3.000000
v 13.046966 -39.000001 0.000000
v 13.046966 -39.000001 1.250000
v 13.046966 39.000001 0.000000
v 13.046966 39.000001 1.250000
v 13.060101 -29.268451 8.899519
v 13.060101 -25.731549 8.899519
v 13.060101 25.731549 8.899519
v 13.060101 29.268451 8.899519
v 13.158395 -31.605184 0.000000
v 13.158395 -31.605184 3.000000
v 13.158395 31.605184 0.000000
v 13.158395 31.605184 3.000662
v 13.159324 -31.606083 3.000000
v 13.159788 -31.606534 3.000000
v 13.159788 31.606534 3.000000
v 13.179712 -28.822517 9.000000
v 13.179712 -26.177483 9.000000
v 13.179712 26.177483 9.000000
v 13.179712 28.822517 9.000000
v 13.192096 -29.894052 4.500000
v 13.192096 -29.894052 8.250000
v 13.192096 -25.105948 4.500000
v 13.192096 -25.105948 8.250000
v 13.192096 25.105948 4.500000
v 13.192096 25.105948 8.250000
v 13.192096 29.894052 4.500000
v 13.192096 29.894052 8.250000
v 13.204505 -34.433236 0.000000
v 13.204505 -34.433236 3.000000
v 13.204505 34.433236 0.000000
v 13.204505 34.433236 3.000000
v 13.245028 -39.867768 0.000000
v 13.245028 -39.867768 1.250000
v 13.245028 -38.132234 0.000000
v 13.245028 -38.132234 1.250000
v 13.245028 38.132234 0.000000
v 13.245028 38.132234 1.250000
v 13.245028 39.867768 0.000000
v 13.245028 39.867768 1.250000
v 13.250000 -27.500000 2.500000
v 13.250000 27.500000 2.500000
v 13.300852 -27.918801 9.000000
v 13.300852 -27.081199 9.000000
v 13.300852 27.081199 9.000000
v 13.300852 27.918801 9.000000
v 13.412287 -30.250001 0.000000
v 13.412287 -30.250001 2.500000
v 13.412287 -24.749999 0.000000
v 13.412287 -24.749999 2.500000
v 13.412287 24.749999 0.000000
v 13.412287 24.749999 2.500000
v 13.412287 30.250001 0.000000
v 13.412287 30.250001 2.500000
v 13.450452 -28.313265 2.500000
v 13.450452 -26.686735 2.500000
v 13.450452 26.686735 2.500000
v 13.450452 28.313265 2.500000
v 13.465992 -21.294096 0.000000
v 13.465992 -21.294096 3.000000
v 13.465992 21.294096 0.000000
v 13.465992 21.294096 3.000000
v 13.540608 -42.434149 3.000000
v 13.540608 -35.565851 3.000000
v 13.540608 35.565851 3.000000
v 13.540608 42.434149 3.000000
v 13.543321 -43.241348 0.000000
v 13.543321 -43.241348 3.000000
v 13.543321 43.241348 0.000000
v 13.543321 43.241348 3.000000
v 13.602461 -32.246876 0.000000
v 13.602461 32.246876 0.000000
v 13.603039 -32.248211 3.000000
v 13.603039 32.248211 3.000000
v 13.627237 -33.777859 3.000000
v 13.627415 -33.777406 0.000000
v 13.627415 33.777406 0.000000
v 13.627237 33.777859 3.000000
v 13.636364 -20.000000 0.000000
v 13.636364 -20.000000 3.000000
v 13.636364 20.000000 0.000000
v 13.636364 20.000000 3.000000
v 13.690106 -28.660464 9.000000
v 13.690106 -26.339536 9.000000
v 13.690106 26.339536 9.000000
v 13.690106 28.660464 9.000000
v 13.707573 -30.095544 8.625000
v 13.707573 -24.904456 8.625000
v 13.707573 24.904456 8.625000
v 13.707573 30.095544 8.625000
v 13.767174 -33.010631 3.000000
v 13.767159 -33.009660 0.000000
v 13.767159 33.009660 0.000000
v 13.767174 33.010631 3.000000
v 13.799986 -40.563664 0.000000
v 13.799986 -40.563664 1.250000
v 13.799986 -37.436337 0.000000
v 13.799986 -37.436337 1.250000
v 13.799986 37.436337 0.000000
v 13.799986 37.436337 1.250000
v 13.799986 40.563664 0.000000
v 13.799986 40.563664 1.250000
v 13.829937 -29.849803 8.899519
v 13.829937 -25.150197 8.899519
v 13.829937 25.150197 8.899519
v 13.829937 29.849803 8.899519
v 13.875000 -29.448557 9.000000
v 13.875000 -25.551443 9.000000
v 13.875000 25.551443 9.000000
v 13.875000 29.448557 9.000000
v 14.005886 -28.940222 2.500000
v 14.005886 -26.059778 2.500000
v 14.005886 26.059778 2.500000
v 14.005886 28.940222 2.500000
v 14.179012 -30.385478 4.500000
v 14.179012 -30.385478 8.250000
v 14.179012 -24.614522 4.500000
v 14.179012 -24.614522 8.250000
v 14.179012 24.614522 4.500000
v 14.179012 24.614522 8.250000
v 14.179012 30.385478 4.500000
v 14.179012 30.385478 8.250000
v 14.254093 -23.062251 3.000000
v 14.254093 23.062251 3.000000
v 14.293667 -31.944220 3.000000
v 14.293667 31.944220 3.000000
v 14.379442 -29.136279 9.000000
v 14.379442 -25.863721 9.000000
v 14.379442 25.863721 9.000000
v 14.379442 29.136279 9.000000
v 14.601923 -40.949855 0.000000
v 14.601923 -40.949855 1.250000
v 14.601923 -37.050145 0.000000
v 14.601923 -37.050145 1.250000
v 14.601923 37.050145 0.000000
v 14.601923 37.050145 1.250000
v 14.601923 40.949855 0.000000
v 14.601923 40.949855 1.250000
v 14.732466 -30.387151 8.625000
v 14.732466 -24.612849 8.625000
v 14.732466 24.612849 8.625000
v 14.732466 30.387151 8.625000
v 14.737293 -42.737193 3.000000
v 14.737293 -35.262809 3.000000
v 14.737293 35.262809 3.000000
v 14.737293 42.737193 3.000000
v 14.757795 -30.113802 8.899519
v 14.757795 -24.886198 8.899519
v 14.757795 24.886198 8.899519
v 14.757795 30.113802 8.899519
v 14.764811 -29.737675 9.000000
v 14.764811 -25.262325 9.000000
v 14.764811 25.262325 9.000000
v 14.764811 29.737675 9.000000
v 14.789060 -29.237239 2.500000
v 14.789060 -25.762761 2.500000
v 14.789060 25.762761 2.500000
v 14.789060 29.237239 2.500000
v 14.799155 -43.493171 0.000000
v 14.799155 -43.493171 3.000000
v 14.799155 43.493171 0.000000
v 14.799155 43.493171 3.000000
v 15.210940 -29.237239 9.000000
v 15.210940 -25.762761 9.000000
v 15.210940 25.762761 9.000000
v 15.210940 29.237239 9.000000
v 15.276805 -30.487204 4.500000
v 15.276805 -30.487204 8.250000
v 15.276805 -24.512796 4.500000
v 15.276805 -24.512796 8.250000
v 15.276805 24.512796 4.500000
v 15.276805 24.512796 8.250000
v 15.276805 30.487204 4.500000
v 15.276805 30.487204 8.250000
v 15.476369 -31.974714 3.000000
v 15.476369 31.974714 3.000000
v 15.492008 -40.949855 0.000000
v 15.492008 -40.949855 1.250000
v 15.492008 -37.050145 0.000000
v 15.492008 -37.050145 1.250000
v 15.492008 37.050145 0.000000
v 15.492008 37.050145 1.250000
v 15.492008 40.949855 0.000000
v 15.492008 40.949855 1.250000
v 15.618893 -23.042762 3.000000
v 15.618893 23.042762 3.000000
v 15.620558 -29.136279 2.500000
v 15.620558 -25.863721 2.500000
v 15.620558 25.863721 2.500000
v 15.620558 29.136279 2.500000
v 15.695288 -29.639878 9.000000
v 15.695288 -25.360122 9.000000
v 15.695288 25.360122 9.000000
v 15.695288 29.639878 9.000000
v 15.718366 -30.024793 8.899519
v 15.718366 -24.975207 8.899519
v 15.718366 24.975207 8.899519
v 15.718366 30.024793 8.899519
v 15.793492 -30.288832 8.625000
v 15.793492 -24.711168 8.625000
v 15.793492 24.711168 8.625000
v 15.793492 30.288832 8.625000
v 15.967536 -42.635250 3.000000
v 15.967536 -35.364749 3.000000
v 15.967536 35.364749 3.000000
v 15.967536 42.635250 3.000000
v 15.994114 -28.940222 9.000000
v 15.994114 -26.059778 9.000000
v 15.994114 26.059778 9.000000
v 15.994114 28.940222 9.000000
v 16.075066 -43.380980 0.000000
v 16.075066 -43.380980 3.000000
v 16.075066 43.380980 0.000000
v 16.075066 43.380980 3.000000
v 16.293945 -40.563664 0.000000
v 16.293945 -40.563664 1.250000
v 16.293945 -37.436337 0.000000
v 16.293945 -37.436337 1.250000
v 16.293945 37.436337 0.000000
v 16.293945 37.436337 1.250000
v 16.293945 40.563664 0.000000
v 16.293945 40.563664 1.250000
v 16.309894 -28.660464 2.500000
v 16.309894 -26.339536 2.500000
v 16.309894 26.339536 2.500000
v 16.309894 28.660464 2.500000
v 16.337215 -30.185490 4.500000
v 16.337215 -30.185490 8.250000
v 16.337215 -24.814510 4.500000
v 16.337215 -24.814510 8.250000
v 16.337215 24.814510 4.500000
v 16.337215 24.814510 8.250000
v 16.337215 30.185490 4.500000
v 16.337215 30.185490 8.250000
v 16.505544 -29.172075 9.000000
v 16.505544 -25.827925 9.000000
v 16.505544 25.827925 9.000000
v 16.505544 29.172075 9.000000
v 16.549548 -28.313265 9.000000
v 16.549548 -26.686735 9.000000
v 16.549548 26.686735 9.000000
v 16.549548 28.313265 9.000000
v 16.581916 -29.594796 8.899519
v 16.581916 -25.405204 8.899519
v 16.581916 25.405204 8.899519
v 16.581916 29.594796 8.899519
v 16.587713 -30.250001 0.000000
v 16.587713 -30.250001 2.500000
v 16.587713 -24.749999 0.000000
v 16.587713 -24.749999 2.500000
v 16.587713 24.749999 0.000000
v 16.587713 24.749999 2.500000
v 16.587713 30.250001 0.000000
v 16.587713 30.250001 2.500000
v 16.626143 -31.695910 3.000000
v 16.626143 31.695910 3.000000
v 16.699148 -27.918801 2.500000
v 16.699148 -27.081199 2.500000
v 16.699148 27.081199 2.500000
v 16.699148 27.918801 2.500000
v 16.747351 -29.813867 8.625000
v 16.747351 -25.186133 8.625000
v 16.747351 25.186133 8.625000
v 16.747351 29.813867 8.625000
v 16.750000 -27.500000 9.000000
v 16.750000 27.500000 9.000000
v 16.848903 -39.867768 0.000000
v 16.848903 -39.867768 1.250000
v 16.848903 -38.132234 0.000000
v 16.848903 -38.132234 1.250000
v 16.848903 38.132234 0.000000
v 16.848903 38.132234 1.250000
v 16.848903 39.867768 0.000000
v 16.848903 39.867768 1.250000
v 16.926752 -23.433352 3.000000
v 16.926752 23.433352 3.000000
v 17.046965 -39.000001 0.000000
v 17.046965 -39.000001 1.250000
v 17.046965 39.000001 0.000000
v 17.046965 39.000001 1.250000
v 17.055477 -28.415158 9.000000
v 17.055477 -26.584842 9.000000
v 17.055477 26.584842 9.000000
v 17.055477 28.415158 9.000000
v 17.098022 -42.139373 3.000000
v 17.098022 -35.860627 3.000000
v 17.098022 35.860627 3.000000
v 17.098022 42.139373 3.000000
v 17.217027 -29.521086 4.500000
v 17.217027 -29.521086 8.250000
v 17.217027 -25.478914 4.500000
v 17.217027 -25.478914 8.250000
v 17.217027 25.478914 4.500000
v 17.217027 25.478914 8.250000
v 17.217027 29.521086 4.500000
v 17.217027 29.521086 8.250000
v 17.231820 -28.881884 8.899519
v 17.231820 -26.118116 8.899519
v 17.231820 26.118116 8.899519
v 17.231820 28.881884 8.899519
v 17.250000 -27.500000 9.000000
v 17.250000 27.500000 9.000000
v 17.267686 -42.913871 0.000000
v 17.267686 -42.913871 3.000000
v 17.267686 42.913871 0.000000
v 17.267686 42.913871 3.000000
v 17.465221 -29.026401 8.625000
v 17.465221 -25.973599 8.625000
v 17.465221 25.973599 8.625000
v 17.465221 29.026401 8.625000
v 17.580304 -27.982342 8.899519
v 17.580304 -27.017658 8.899519
v 17.580304 27.017658 8.899519
v 17.580304 27.982342 8.899519
v 17.663516 -31.127076 3.000000
v 17.663516 31.127076 3.000000
v 17.797416 -28.583724 4.500000
v 17.797416 -28.583724 8.250000
v 17.797416 -26.416276 4.500000
v 17.797416 -26.416276 8.250000
v 17.797416 26.416276 4.500000
v 17.797416 26.416276 8.250000
v 17.797416 28.583724 4.500000
v 17.797416 28.583724 8.250000
v 17.850149 -28.032784 8.625000
v 17.850149 -26.967216 8.625000
v 17.850149 26.967216 8.625000
v 17.850149 28.032784 8.625000
v 18.000000 -27.500000 4.500000
v 18.000000 -27.500000 8.250000
v 18.000000 27.500000 4.500000
v 18.000000 27.500000 8.250000
v 18.006243 -41.303296 3.000000
v 18.006243 -36.696703 3.000000
v 18.006243 36.696703 3.000000
v 18.006243 41.303296 3.000000
v 18.057345 -24.198086 3.000000
v 18.057345 24.198086 3.000000
v 18.175427 -27.500000 0.000000
v 18.175427 -27.500000 2.500000
v 18.175427 27.500000 0.000000
v 18.175427 27.500000 2.500000
v 18.280396 -42.129683 0.000000
v 18.280396 -42.129683 3.000000
v 18.280396 42.129683 0.000000
v 18.280396 42.129683 3.000000
v 18.516781 -30.307534 3.000000
v 18.516781 30.307534 3.000000
v 18.593780 -40.217624 3.000000
v 18.593780 -37.782376 3.000000
v 18.593780 37.782376 3.000000
v 18.593780 40.217624 3.000000
v 18.636364 -17.000000 0.000000
v 18.636364 -17.000000 3.000000
v 18.636364 17.000000 0.000000
v 18.636364 17.000000 3.000000
v 18.764307 -28.001585 3.702235
v 18.764307 28.001585 3.702235
v 18.770454 -27.840385 0.000000
v 18.770454 27.840385 0.000000
v 18.788605 -17.765367 0.000000
v 18.788605 -17.765367 3.000000
v 18.788605 17.765367 0.000000
v 18.788605 17.765367 3.000000
v 18.796966 -39.000001 3.000000
v 18.796966 39.000001 3.000000
v 18.849216 -28.577335 0.000000
v 18.849216 -28.577335 3.502862
v 18.849216 28.577335 0.000000
v 18.849216 28.577335 3.502862
v 18.852062 -27.413945 3.646833
v 18.852062 27.413945 3.646833
v 18.906653 -25.266604 3.000000
v 18.906653 25.266604 3.000000
v 18.965465 -27.125356 0.000000
v 18.965465 27.125356 0.000000
v 19.087029 -26.910419 3.370676
v 19.087029 26.910419 3.370676
v 19.126962 -29.293931 3.000000
v 19.126962 29.293931 3.000000
v 19.161568 -29.364738 0.000000
v 19.161568 29.364738 0.000000
v 19.222150 -18.414214 0.000000
v 19.222150 -18.414214 3.000000
v 19.222150 18.414214 0.000000
v 19.222150 18.414214 3.000000
v 19.396539 -26.540601 3.000000
v 19.396539 26.540601 3.000000
v 19.407467 -26.530437 0.000000
v 19.407467 26.530437 0.000000
v 19.413500 -29.811203 3.000000
v 19.413500 29.811203 3.000000
v 19.602358 -30.088115 0.000000
v 19.602358 30.088115 0.000000
v 19.638295 -23.060436 3.000000
v 19.638295 -21.939564 3.000000
v 19.638295 21.939564 3.000000
v 19.638295 23.060436 3.000000
v 19.680264 -40.683413 0.000000
v 19.680264 -40.683413 3.000000
v 19.680264 40.683413 0.000000
v 19.680264 40.683413 3.000000
v 19.759103 -30.291030 3.000000
v 19.759103 30.291030 3.000000
v 19.801816 -26.246700 3.000000
v 19.801816 26.246700 3.000000
v 19.870996 -18.847759 0.000000
v 19.870996 -18.847759 3.000000
v 19.870996 18.847759 0.000000
v 19.870996 18.847759 3.000000
v 20.035763 -26.137323 0.000000
v 20.035763 26.137323 0.000000
v 20.043201 -24.105618 3.000000
v 20.043201 -20.894382 3.000000
v 20.043201 20.894382 3.000000
v 20.043201 24.105618 3.000000
v 20.158937 -30.726700 0.000000
v 20.158937 -30.726700 3.000000
v 20.158937 30.726700 0.000000
v 20.158937 30.726700 3.000000
v 20.267384 -26.062658 3.000000
v 20.267384 26.062658 3.000000
v 20.292103 -40.252576 0.000000
v 20.292103 -40.252576 3.000000
v 20.292103 40.252576 0.000000
v 20.292103 40.252576 3.000000
v 20.636363 -19.000000 0.000000
v 20.636363 -19.000000 3.000000
v 20.636363 19.000000 0.000000
v 20.636363 19.000000 3.000000
v 20.764074 -25.999999 0.000000
v 20.764074 -25.999999 3.000000
v 20.764074 25.999999 0.000000
v 20.764074 25.999999 3.000000
v 20.798328 -24.933953 3.000000
v 20.798328 -20.066047 3.000000
v 20.798328 20.066047 3.000000
v 20.798328 24.933953 3.000000
v 20.886364 -22.500000 0.000000
v 20.886364 22.500000 0.000000
v 20.937216 -22.918801 1.700000
v 20.937216 -22.081199 1.700000
v 20.937216 22.081199 1.700000
v 20.937216 22.918801 1.700000
v 21.019468 -40.076780 0.000000
v 21.019468 -40.076780 3.000000
v 21.019468 40.076780 0.000000
v 21.019468 40.076780 3.000000
v 21.086814 -23.313265 0.000000
v 21.086814 -21.686735 0.000000
v 21.086814 21.686735 0.000000
v 21.086814 23.313265 0.000000
v 21.326470 -23.660464 1.700000
v 21.326470 -21.339536 1.700000
v 21.326470 21.339536 1.700000
v 21.326470 23.660464 1.700000
v 21.570220 -32.092702 0.000000
v 21.570220 -32.092702 3.000000
v 21.570220 32.092702 0.000000
v 21.570220 32.092702 3.000000
v 21.642251 -23.940222 0.000000
v 21.642251 -21.059778 0.000000
v 21.642251 21.059778 0.000000
v 21.642251 23.940222 0.000000
v 21.760538 -40.180631 0.000000
v 21.760538 -40.180631 3.000000
v 21.760538 40.180631 0.000000
v 21.760538 40.180631 3.000000
v 21.801691 -25.433569 3.000000
v 21.801691 -19.566432 3.000000
v 21.801691 19.566432 3.000000
v 21.801691 25.433569 3.000000
v 22.015805 -24.136279 1.700000
v 22.015805 -20.863721 1.700000
v 22.015805 20.863721 1.700000
v 22.015805 24.136279 1.700000
v 22.411563 -40.549588 0.000000
v 22.411563 -40.549588 3.000000
v 22.411563 40.549588 0.000000
v 22.411563 40.549588 3.000000
v 22.425425 -24.237239 0.000000
v 22.425425 -20.762761 0.000000
v 22.425425 20.762761 0.000000
v 22.425425 24.237239 0.000000
v 22.594857 -32.857041 0.000000
v 22.594857 -32.857041 3.000000
v 22.594857 32.857041 0.000000
v 22.594857 32.857041 3.000000
v 22.636364 -25.999999 0.000000
v 22.636364 -25.999999 3.000000
v 22.636364 -19.000000 0.000000
v 22.636364 -19.000000 3.000000
v 22.636364 19.000000 0.000000
v 22.636364 19.000000 3.000000
v 22.636364 25.999999 0.000000
v 22.636364 25.999999 3.000000
v 22.847302 -24.237239 1.700000
v 22.847302 -20.762761 1.700000
v 22.847302 20.762761 1.700000
v 22.847302 24.237239 1.700000
v 22.878680 -37.500000 0.000000
v 22.878680 -37.500000 3.000000
v 22.878680 37.500000 0.000000
v 22.878680 37.500000 3.000000
v 22.917783 -25.536990 3.000000
v 22.917783 -19.463011 3.000000
v 22.917783 19.463011 3.000000
v 22.917783 25.536990 3.000000
v 23.083038 -38.408434 0.000000
v 23.083038 -38.408434 3.000000
v 23.083038 -36.591566 0.000000
v 23.083038 -36.591566 3.000000
v 23.083038 36.591566 0.000000
v 23.083038 36.591566 3.000000
v 23.083038 38.408434 0.000000
v 23.083038 38.408434 3.000000
v 23.191340 -41.067739 0.000000
v 23.191340 -41.067739 3.000000
v 23.191340 41.067739 0.000000
v 23.191340 41.067739 3.000000
v 23.256922 -24.136279 0.000000
v 23.256922 -20.863721 0.000000
v 23.256922 20.863721 0.000000
v 23.256922 24.136279 0.000000
v 23.630476 -23.940222 1.700000
v 23.630476 -21.059778 1.700000
v 23.630476 21.059778 1.700000
v 23.630476 23.940222 1.700000
v 23.656738 -39.141841 0.000000
v 23.656738 -39.141841 3.000000
v 23.656738 -35.858159 0.000000
v 23.656738 -35.858159 3.000000
v 23.656738 35.858159 0.000000
v 23.656738 35.858159 3.000000
v 23.656738 39.141841 0.000000
v 23.656738 39.141841 3.000000
v 23.717923 -25.828698 0.000000
v 23.717923 -25.828698 3.000000
v 23.717923 -19.171302 0.000000
v 23.717923 -19.171302 3.000000
v 23.717923 19.171302 0.000000
v 23.717923 19.171302 3.000000
v 23.717923 25.828698 0.000000
v 23.717923 25.828698 3.000000
v 23.779817 -33.336589 0.000000
v 23.779817 -33.336589 3.000000
v 23.779817 33.336589 0.000000
v 23.779817 33.336589 3.000000
v 23.946257 -23.660464 0.000000
v 23.946257 -21.339536 0.000000
v 23.946257 21.339536 0.000000
v 23.946257 23.660464 0.000000
v 23.995867 -25.230248 3.000000
v 23.995867 -19.769752 3.000000
v 23.995867 19.769752 3.000000
v 23.995867 25.230248 3.000000
v 24.070201 -41.390433 0.000000
v 24.070201 -41.390433 3.000000
v 24.070201 41.390433 0.000000
v 24.070201 41.390433 3.000000
v 24.185913 -23.313265 1.700000
v 24.185913 -21.686735 1.700000
v 24.185913 21.686735 1.700000
v 24.185913 23.313265 1.700000
v 24.335511 -22.918801 0.000000
v 24.335511 -22.081199 0.000000
v 24.335511 22.081199 0.000000
v 24.335511 22.918801 0.000000
v 24.386363 -22.500000 1.700000
v 24.386363 22.500000 1.700000
v 24.489243 -39.558914 0.000000
v 24.489243 -39.558914 3.000000
v 24.489243 -35.441086 0.000000
v 24.489243 -35.441086 3.000000
v 24.489243 35.441086 0.000000
v 24.489243 35.441086 3.000000
v 24.489243 39.558914 0.000000
v 24.489243 39.558914 3.000000
v 24.693613 -25.331559 0.000000
v 24.693613 -25.331559 3.000000
v 24.693613 -19.668441 0.000000
v 24.693613 -19.668441 3.000000
v 24.693613 19.668441 0.000000
v 24.693613 19.668441 3.000000
v 24.693613 25.331559 0.000000
v 24.693613 25.331559 3.000000
v 24.890342 -24.554772 3.000000
v 24.890342 -20.445228 3.000000
v 24.890342 20.445228 3.000000
v 24.890342 24.554772 3.000000
v 25.000000 -41.500001 0.000000
v 25.000000 -41.500001 3.000000
v 25.000000 41.500001 0.000000
v 25.000000 41.500001 3.000000
v 25.047646 -33.499999 0.000000
v 25.047646 -33.499999 3.000000
v 25.047646 33.499999 0.000000
v 25.047646 33.499999 3.000000
v 25.420158 -39.579294 0.000000
v 25.420158 -39.579294 3.000000
v 25.420158 -35.420706 0.000000
v 25.420158 -35.420706 3.000000
v 25.420158 35.420706 0.000000
v 25.420158 35.420706 3.000000
v 25.420158 39.579294 0.000000
v 25.420158 39.579294 3.000000
v 25.467923 -24.557250 0.000000
v 25.467923 -24.557250 3.000000
v 25.467923 -20.442750 0.000000
v 25.467923 -20.442750 3.000000
v 25.467923 20.442750 0.000000
v 25.467923 20.442750 3.000000
v 25.467923 24.557250 0.000000
v 25.467923 24.557250 3.000000
v 25.480404 -23.601787 3.000000
v 25.480404 -21.398213 3.000000
v 25.480404 21.398213 3.000000
v 25.480404 23.601787 3.000000
v 25.686364 -22.500000 3.000000
v 25.686364 22.500000 3.000000
v 25.965061 -23.581560 0.000000
v 25.965061 -23.581560 3.000000
v 25.965061 -21.418440 0.000000
v 25.965061 -21.418440 3.000000
v 25.965061 21.418440 0.000000
v 25.965061 21.418440 3.000000
v 25.965061 23.581560 0.000000
v 25.965061 23.581560 3.000000
v 26.136363 -22.500000 0.000000
v 26.136363 -22.500000 3.000000
v 26.136363 22.500000 0.000000
v 26.136363 22.500000 3.000000
v 26.270120 -39.199057 0.000000
v 26.270120 -39.199057 3.000000
v 26.270120 -35.800943 0.000000
v 26.270120 -35.800943 3.000000
v 26.270120 35.800943 0.000000
v 26.270120 35.800943 3.000000
v 26.270120 39.199057 0.000000
v 26.270120 39.199057 3.000000
v 26.453853 -39.090183 0.000000
v 26.453853 -39.090183 3.000000
v 26.453853 -35.909817 0.000000
v 26.453853 -35.909817 3.000000
v 26.453853 35.909817 0.000000
v 26.453853 35.909817 3.000000
v 26.453853 39.090183 0.000000
v 26.453853 39.090183 3.000000
v 26.656513 -39.022806 0.000000
v 26.656513 -39.022806 3.000000
v 26.656513 -35.977194 0.000000
v 26.656513 -35.977194 3.000000
v 26.656513 35.977194 0.000000
v 26.656513 35.977194 3.000000
v 26.656513 39.022806 0.000000
v 26.656513 39.022806 3.000000
v 26.868861 -39.000001 0.000000
v 26.868861 -39.000001 3.000000
v 26.868861 -35.999999 0.000000
v 26.868861 -35.999999 3.000000
v 26.868861 35.999999 0.000000
v 26.868861 35.999999 3.000000
v 26.868861 39.000001 0.000000
v 26.868861 39.000001 3.000000
v 29.000001 -41.500001 0.000000
v 29.000001 -41.500001 3.000000
v 29.000001 -39.000001 0.000000
v 29.000001 -39.000001 3.000000
v 29.000001 -35.999999 0.000000
v 29.000001 -35.999999 3.000000
v 29.000001 -33.499999 0.000000
v 29.000001 -33.499999 3.000000
v 29.000001 33.499999 0.000000
v 29.000001 33.499999 3.000000
v 29.000001 35.999999 0.000000
v 29.000001 35.999999 3.000000
v 29.000001 39.000001 0.000000
v 29.000001 39.000001 3.000000
v 29.000001 41.500001 0.000000
v 29.000001 41.500001 3.000000
v 29.500000 -41.366024 0.000000
v 29.500000 -41.366024 3.000000
v 29.500000 -39.133976 0.000000
v 29.500000 -39.133976 3.000000
v 29.500000 -35.866024 0.000000
v 29.500000 -35.866024 3.000000
v 29.500000 -33.633974 0.000000
v 29.500000 -33.633974 3.000000
v 29.500000 33.633974 0.000000
v 29.500000 33.633974 3.000000
v 29.500000 35.866024 0.000000
v 29.500000 35.866024 3.000000
v 29.500000 39.133976 0.000000
v 29.500000 39.133976 3.000000
v 29.500000 41.366024 0.000000
v 29.500000 41.366024 3.000000
v 29.866025 -40.999999 0.000000
v 29.866025 -40.999999 3.000000
v 29.866025 -39.500000 0.000000
v 29.866025 -39.500000 3.000000
v 29.866025 -35.500000 0.000000
v 29.866025 -35.500000 3.000000
v 29.866025 -34.000001 0.000000
v 29.866025 -34.000001 3.000000
v 29.866025 34.000001 0.000000
v 29.866025 34.000001 3.000000
v 29.866025 35.500000 0.000000
v 29.866025 35.500000 3.000000
v 29.866025 39.500000 0.000000
v 29.866025 39.500000 3.000000
v 29.866025 40.999999 0.000000
v 29.866025 40.999999 3.000000
v 30.000000 -40.500002 0.000000
v 30.000000 -40.500002 3.000000
v 30.000000 -40.000000 0.000000
v 30.000000 -40.000000 3.000000
v 30.000000 -35.000000 0.000000
v 30.000000 -35.000000 3.000000
v 30.000000 -34.500000 0.000000
v 30.000000 -34.500000 3.000000
v 30.000000 34.500000 0.000000
v 30.000000 34.500000 3.000000
v 30.000000 35.000000 0.000000
v 30.000000 35.000000 3.000000
v 30.000000 40.000000 0.000000
v 30.000000 40.000000 3.000000
v 30.000000 40.500002 0.000000
v 30.000000 40.500002 3.000000
vt -0.317543 0.000000 0.000000
vt -0.000000 0.000000 0.000000
vt -0.000000 0.250000 0.000000
vt -0.317543 0.250000 0.000000
vt -0.317543 0.000000 0.000000
vt -0.000000 0.000000 0.000000
vt -0.000000 0.250000 0.000000
vt -0.317543 0.250000 0.000000
vt -0.317543 0.000000 0.000000
vt -0.000000 0.000000 0.000000
vt -0.000000 0.250000 0.000000
vt -0.317543 0.250000 0.000000
vt -0.317543 0.000000 0.000000
vt -0.000000 0.000000 0.000000
vt -0.000000 0.250000 0.000000
vt -0.317543 0.250000 0.000000
vt -0.317543 0.000000 0.000000
vt -0.000000 0.000000 0.000000
vt -0.000000 0.250000 0.000000
vt -0.317543 0.250000 0.000000
vt -0.317543 0.000000 0.000000
vt -0.000000 0.000000 0.000000
vt -0.000000 0.250000 0.000000
vt -0.317543 0.250000 0.000000
vt 0.175000 0.000000 0.000000
vt 0.154955 -0.081327 0.000000
vt 0.099411 -0.144022 0.000000
vt 0.021094 -0.173724 0.000000
vt -0.062056 -0.163628 0.000000
vt -0.130989 -0.116046 0.000000
vt -0.169915 -0.041880 0.000000
vt -0.169915 0.041880 0.000000
vt -0.130989 0.116046 0.000000
vt -0.062056 0.163628 0.000000
vt 0.021094 0.173724 0.000000
vt 0.099411 0.144022 0.000000
vt 0.154955 0.081327 0.000000
vt 0.158771 0.275000 0.000000
vt -0.158771 0.275000 0.000000
vt -0.317543 0.000000 0.000000
vt -0.158771 -0.275000 0.000000
vt 0.158771 -0.275000 0.000000
vt 0.317543 0.000000 0.000000
vt -0.317543 0.000000 0.000000
vt -0.000000 0.000000 0.000000
vt -0.000000 0.250000 0.000000
vt -0.317543 0.250000 0.000000
vt -0.317543 0.000000 0.000000
vt -0.000000 0.000000 0.000000
vt -0.000000 0.250000 0.000000
vt -0.317543 0.250000 0.000000
vt -0.317543 0.000000 0.000000
vt -0.000000 0.000000 0.000000
vt -0.000000 0.250000 0.000000
vt -0.317543 0.250000 0.000000
vt -0.317543 0.000000 0.000000
vt -0.000000 0.000000 0.000000
vt -0.000000 0.250000 0.000000
vt -0.317543 0.250000 0.000000
vt -0.317543 0.000000 0.000000
vt -0.000000 0.000000 0.000000
vt -0.000000 0.250000 0.000000
vt -0.317543 0.250000 0.000000
vt -0.317543 0.000000 0.000000
vt -0.000000 0.000000 0.000000
vt -0.000000 0.250000 0.000000
vt -0.317543 0.250000 0.000000
vt 0.175000 0.000000 0.000000
vt 0.154955 -0.081327 0.000000
vt 0.099411 -0.144022 0.000000
vt 0.021094 -0.173724 0.000000
vt -0.062056 -0.163628 0.000000
vt -0.130989 -0.116046 0.000000
vt -0.169915 -0.041880 0.000000
vt -0.169915 0.041880 0.000000
vt -0.130989 0.116046 0.000000
vt -0.062056 0.163628 0.000000
vt 0.021094 0.173724 0.000000
vt 0.099411 0.144022 0.000000
vt 0.154955 0.081327 0.000000
vt -0.158771 0.275000 0.000000
vt -0.317543 0.000000 0.000000
vt -0.158771 -0.275000 0.000000
vt 0.158771 -0.275000 0.000000
vt 0.317543 0.000000 0.000000
vt 0.158771 0.275000 0.000000
vt -0.317543 0.000000 0.000000
vt -0.000000 0.000000 0.000000
vt -0.000000 0.250000 0.000000
vt -0.317543 0.250000 0.000000
vt -0.317543 0.000000 0.000000
vt -0.000000 0.000000 0.000000
vt -0.000000 0.250000 0.000000
vt -0.317543 0.250000 0.000000
vt -0.317543 0.000000 0.000000
vt -0.000000 0.000000 0.000000
vt -0.000000 0.250000 0.000000
vt -0.317543 0.250000 0.000000
vt -0.317543 0.000000 0.000000
vt -0.000000 0.000000 0.000000
vt -0.000000 0.250000 0.000000
vt -0.317543 0.250000 0.000000
vt -0.317543 0.000000 0.000000
vt -0.000000 0.000000 0.000000
vt -0.000000 0.250000 0.000000
vt -0.317543 0.250000 0.000000
vt -0.317543 0.000000 0.000000
vt -0.000000 0.000000 0.000000
vt -0.000000 0.250000 0.000000
vt -0.317543 0.250000 0.000000
vt 0.175000 0.000000 0.000000
vt 0.154955 -0.081327 0.000000
vt 0.099411 -0.144022 0.000000
vt 0.021094 -0.173724 0.000000
vt -0.062056 -0.163628 0.000000
vt -0.130989 -0.116046 0.000000
vt -0.169915 -0.041880 0.000000
vt -0.169915 0.041880 0.000000
vt -0.130989 0.116046 0.000000
vt -0.062056 0.163628 0.000000
vt 0.021094 0.173724 0.000000
vt 0.099411 0.144022 0.000000
vt 0.154955 0.081327 0.000000
vt 0.158771 -0.275000 0.000000
vt 0.317543 0.000000 0.000000
vt 0.158771 0.275000 0.000000
vt -0.158771 0.275000 0.000000
vt -0.317543 0.000000 0.000000
vt -0.158771 -0.275000 0.000000
vt -0.317543 0.000000 0.000000
vt -0.000000 0.000000 0.000000
vt -0.000000 0.250000 0.000000
vt -0.317543 0.250000 0.000000
vt -0.317543 0.000000 0.000000
vt -0.000000 0.000000 0.000000
vt -0.000000 0.250000 0.000000
vt -0.317543 0.250000 0.000000
vt -0.317543 0.000000 0.000000
vt -0.000000 0.000000 0.000000
vt -0.000000 0.250000 0.000000
vt -0.317543 0.250000 0.000000
vt -0.317543 0.000000 0.000000
vt -0.000000 0.000000 0.000000
vt -0.000000 0.250000 0.000000
vt -0.317543 0.250000 0.000000
vt -0.317543 0.000000 0.000000
vt -0.000000 0.000000 0.000000
vt -0.000000 0.250000 0.000000
vt -0.317543 0.250000 0.000000
vt -0.317543 0.000000 0.000000
vt -0.000000 0.000000 0.000000
vt -0.000000 0.250000 0.000000
vt -0.317543 0.250000 0.000000
vt 0.175000 0.000000 0.000000
vt 0.154955 -0.081327 0.000000
vt 0.099411 -0.144022 0.000000
vt 0.021094 -0.173724 0.000000
vt -0.062056 -0.163628 0.000000
vt -0.130989 -0.116046 0.000000
vt -0.169915 -0.041880 0.000000
vt -0.169915 0.041880 0.000000
vt -0.130989 0.116046 0.000000
vt -0.062056 0.163628 0.000000
vt 0.021094 0.173724 0.000000
vt 0.099411 0.144022 0.000000
vt 0.154955 0.081327 0.000000
vt -0.158771 -0.275000 0.000000
vt 0.158771 -0.275000 0.000000
vt 0.317543 0.000000 0.000000
vt 0.158771 0.275000 0.000000
vt -0.158771 0.275000 0.000000
vt -0.317543 0.000000 0.000000
vt 0.106066 -1.178097 0.000000
vt 0.106066 -1.039497 0.000000
vt 0.106066 -0.900898 0.000000
vt 0.106066 -0.762298 0.000000
vt 0.106066 -0.623699 0.000000
vt 0.106066 -0.485099 0.000000
vt 0.106066 -0.346499 0.000000
vt 0.106066 -0.207900 0.000000
vt 0.106066 -0.069300 0.000000
vt 0.106066 0.069300 0.000000
vt 0.106066 0.207900 0.000000
vt 0.106066 0.346499 0.000000
vt 0.106066 0.485099 0.000000
vt 0.106066 0.623699 0.000000
vt 0.106066 0.762298 0.000000
vt 0.106066 0.900898 0.000000
vt 0.106066 1.039497 0.000000
vt -0.106066 -0.747032 0.000000
vt -0.105972 -0.747184 0.000000
vt -0.093422 -0.769944 0.000000
vt -0.080402 -0.838806 0.000000
vt -0.106066 -0.905401 0.000000
vt -0.106066 -1.019586 0.000000
vt -0.106066 1.222423 0.000000
vt -0.106066 1.108238 0.000000
vt -0.106066 0.994052 0.000000
vt -0.106066 0.879867 0.000000
vt -0.106066 0.765681 0.000000
vt -0.106066 0.651496 0.000000
vt -0.106066 0.537310 0.000000
vt -0.106066 0.423125 0.000000
vt -0.106066 0.308939 0.000000
vt -0.106066 0.194754 0.000000
vt -0.106066 0.080568 0.000000
vt -0.053645 0.053726 0.000000
vt -0.014580 0.008376 0.000000
vt -0.006742 -0.049675 0.000000
vt -0.034951 -0.102338 0.000000
vt -0.106066 -0.153767 0.000000
vt -0.106066 -0.252644 0.000000
vt -0.106066 -0.351522 0.000000
vt -0.106066 -0.450399 0.000000
vt -0.106066 -0.549277 0.000000
vt -0.106066 -0.648154 0.000000
vt -0.106066 -1.133771 0.000000
vt 0.106066 1.178097 0.000000
vt 0.106066 1.178097 0.000000
vt -0.106066 -1.133771 0.000000
vt -1.315979 -3.160653 0.000000
vt -1.429367 -3.194422 0.000000
vt -1.547637 -3.197471 0.000000
vt -1.662614 -3.169591 0.000000
vt -1.766352 -3.112708 0.000000
vt -1.851678 -3.030753 0.000000
vt -1.912696 -2.929393 0.000000
vt -1.941350 -2.981120 0.000000
vt -1.975910 -3.029103 0.000000
vt -2.015894 -3.072670 0.000000
vt -2.157022 -3.209270 0.000000
vt -2.259486 -3.285704 0.000000
vt -2.377982 -3.333659 0.000000
vt -2.504765 -3.350000 0.000000
vt -2.900000 -3.350000 0.000000
vt -2.950000 -3.363397 0.000000
vt -2.986603 -3.400000 0.000000
vt -3.000000 -3.450000 0.000000
vt -3.000000 -3.500000 0.000000
vt -2.986603 -3.550000 0.000000
vt -2.950000 -3.586602 0.000000
vt -2.900000 -3.600000 0.000000
vt -2.686886 -3.600000 0.000000
vt -2.665651 -3.597719 0.000000
vt -2.645385 -3.590982 0.000000
vt -2.627012 -3.580094 0.000000
vt -2.542016 -3.542071 0.000000
vt -2.448924 -3.544109 0.000000
vt -2.365674 -3.585816 0.000000
vt -2.308304 -3.659157 0.000000
vt -2.287868 -3.750000 0.000000
vt -2.308304 -3.840843 0.000000
vt -2.365674 -3.914184 0.000000
vt -2.448924 -3.955891 0.000000
vt -2.542016 -3.957929 0.000000
vt -2.627012 -3.919906 0.000000
vt -2.645385 -3.909018 0.000000
vt -2.665651 -3.902281 0.000000
vt -2.686886 -3.900000 0.000000
vt -2.900000 -3.900000 0.000000
vt -2.950000 -3.913398 0.000000
vt -2.986603 -3.950000 0.000000
vt -3.000000 -4.000000 0.000000
vt -3.000000 -4.050000 0.000000
vt -2.986603 -4.100000 0.000000
vt -2.950000 -4.136602 0.000000
vt -2.900000 -4.150000 0.000000
vt -2.500000 -4.150000 0.000000
vt -2.407020 -4.139043 0.000000
vt -2.319134 -4.106774 0.000000
vt -2.241156 -4.054959 0.000000
vt -2.176054 -4.018063 0.000000
vt -2.101947 -4.007678 0.000000
vt -2.029210 -4.025258 0.000000
vt -1.968026 -4.068341 0.000000
vt -1.828040 -4.212968 0.000000
vt -1.726769 -4.291387 0.000000
vt -1.607507 -4.338098 0.000000
vt -1.479915 -4.349317 0.000000
vt -1.354332 -4.324135 0.000000
vt -1.240930 -4.264592 0.000000
vt -1.148897 -4.175512 0.000000
vt -1.085689 -4.064112 0.000000
vt -1.056426 -3.939416 0.000000
vt -1.063480 -3.811527 0.000000
vt -1.106278 -3.690805 0.000000
vt -1.181353 -3.587032 0.000000
vt -1.320451 -3.443324 0.000000
vt -1.362724 -3.377786 0.000000
vt -1.376717 -3.301063 0.000000
vt -1.360304 -3.224821 0.000000
vt -1.129697 -3.900000 0.000000
vt -1.150015 -4.021762 0.000000
vt -1.208769 -4.130330 0.000000
vt -1.299591 -4.213937 0.000000
vt -1.412639 -4.263525 0.000000
vt -1.535664 -4.273719 0.000000
vt -1.655332 -4.243415 0.000000
vt -1.758677 -4.175897 0.000000
vt -1.834499 -4.078480 0.000000
vt -1.874582 -3.961723 0.000000
vt -1.874582 -3.838277 0.000000
vt -1.834499 -3.721520 0.000000
vt -1.758677 -3.624104 0.000000
vt -1.655332 -3.556585 0.000000
vt -1.535664 -3.526281 0.000000
vt -1.412639 -3.536475 0.000000
vt -1.299591 -3.586063 0.000000
vt -1.208769 -3.669670 0.000000
vt -1.150015 -3.778238 0.000000
vt -0.525000 0.000000 0.000000
vt -0.525000 -0.110880 0.000000
vt -0.525000 -0.221759 0.000000
vt -0.525000 -0.332639 0.000000
vt -0.525000 -0.443519 0.000000
vt -0.525000 -0.554399 0.000000
vt -0.525000 -0.665278 0.000000
vt -0.525000 -0.776158 0.000000
vt -0.525000 -0.887038 0.000000
vt -0.525000 0.887038 0.000000
vt -0.525000 0.776158 0.000000
vt -0.525000 0.665278 0.000000
vt -0.525000 0.554399 0.000000
vt -0.525000 0.443519 0.000000
vt -0.525000 0.332639 0.000000
vt -0.525000 0.221759 0.000000
vt -0.525000 0.110880 0.000000
vt -0.150000 0.000000 0.000000
vt -0.150000 0.110880 0.000000
vt -0.150000 0.221759 0.000000
vt -0.150000 0.332639 0.000000
vt -0.150000 0.443519 0.000000
vt -0.150000 0.554399 0.000000
vt -0.150000 0.665278 0.000000
vt -0.150000 0.776158 0.000000
vt -0.150000 -0.997918 0.000000
vt -0.150000 -0.887038 0.000000
vt -0.150000 -0.776158 0.000000
vt -0.150000 -0.665278 0.000000
vt -0.150000 -0.554399 0.000000
vt -0.150000 -0.443519 0.000000
vt -0.150000 -0.332639 0.000000
vt -0.150000 -0.221759 0.000000
vt -0.150000 -0.110880 0.000000
vt -0.150000 0.887038 0.000000
vt -0.150000 0.887038 0.000000
vt -0.525000 -0.997918 0.000000
vt -0.525000 -0.997918 0.000000
vt 0.106066 -1.178097 0.000000
vt 0.106066 -1.039497 0.000000
vt 0.106066 -0.900898 0.000000
vt 0.106066 -0.762298 0.000000
vt 0.106066 -0.623699 0.000000
vt 0.106066 -0.485099 0.000000
vt 0.106066 -0.346499 0.000000
vt 0.106066 -0.207900 0.000000
vt 0.106066 -0.069300 0.000000
vt 0.106066 0.069300 0.000000
vt 0.106066 0.207900 0.000000
vt 0.106066 0.346499 0.000000
vt 0.106066 0.485099 0.000000
vt 0.106066 0.623699 0.000000
vt 0.106066 0.762298 0.000000
vt 0.106066 0.900898 0.000000
vt 0.106066 1.039497 0.000000
vt -0.093422 -0.408154 0.000000
vt -0.106066 -0.431066 0.000000
vt -0.106066 -0.529943 0.000000
vt -0.106066 -0.628821 0.000000
vt -0.106066 -0.727698 0.000000
vt -0.106066 -0.826575 0.000000
vt -0.106066 -0.925453 0.000000
vt -0.106066 -1.024330 0.000000
vt -0.034951 -1.075759 0.000000
vt -0.006742 1.227772 0.000000
vt -0.014580 1.169721 0.000000
vt -0.053645 1.124372 0.000000
vt -0.106066 1.097529 0.000000
vt -0.106066 0.983343 0.000000
vt -0.106066 0.869158 0.000000
vt -0.106066 0.754972 0.000000
vt -0.106066 0.640787 0.000000
vt -0.106066 0.526602 0.000000
vt -0.106066 0.412416 0.000000
vt -0.106066 0.298231 0.000000
vt -0.106066 0.184045 0.000000
vt -0.106066 0.069860 0.000000
vt -0.106066 -0.044326 0.000000
vt -0.106066 -0.158511 0.000000
vt -0.106066 -0.272697 0.000000
vt -0.080396 -0.339288 0.000000
vt -0.006742 -1.128422 0.000000
vt 0.106066 1.178097 0.000000
vt 0.106066 1.178097 0.000000
vt 0.106066 1.178097 0.000000
vt 0.106066 1.178097 0.000000
vt -0.006742 -1.128422 0.000000
vt 1.912696 -2.929393 0.000000
vt 1.851678 -3.030753 0.000000
vt 1.766352 -3.112708 0.000000
vt 1.662614 -3.169591 0.000000
vt 1.547637 -3.197471 0.000000
vt 1.429367 -3.194422 0.000000
vt 1.315979 -3.160653 0.000000
vt 1.360304 -3.224821 0.000000
vt 1.376717 -3.301063 0.000000
vt 1.362724 -3.377786 0.000000
vt 1.320451 -3.443324 0.000000
vt 1.181353 -3.587032 0.000000
vt 1.106278 -3.690805 0.000000
vt 1.063480 -3.811527 0.000000
vt 1.056426 -3.939416 0.000000
vt 1.085689 -4.064112 0.000000
vt 1.148897 -4.175512 0.000000
vt 1.240930 -4.264592 0.000000
vt 1.354332 -4.324135 0.000000
vt 1.479915 -4.349317 0.000000
vt 1.607507 -4.338098 0.000000
vt 1.726769 -4.291387 0.000000
vt 1.828040 -4.212968 0.000000
vt 1.968026 -4.068341 0.000000
vt 2.029210 -4.025258 0.000000
vt 2.101947 -4.007678 0.000000
vt 2.176054 -4.018063 0.000000
vt 2.241156 -4.054959 0.000000
vt 2.319134 -4.106774 0.000000
vt 2.407020 -4.139043 0.000000
vt 2.500000 -4.150000 0.000000
vt 2.900000 -4.150000 0.000000
vt 2.950000 -4.136602 0.000000
vt 2.986603 -4.100000 0.000000
vt 3.000000 -4.050000 0.000000
vt 3.000000 -4.000000 0.000000
vt 2.986603 -3.950000 0.000000
vt 2.950000 -3.913398 0.000000
vt 2.900000 -3.900000 0.000000
vt 2.686886 -3.900000 0.000000
vt 2.665651 -3.902281 0.000000
vt 2.645385 -3.909018 0.000000
vt 2.627012 -3.919906 0.000000
vt 2.542016 -3.957929 0.000000
vt 2.448924 -3.955891 0.000000
vt 2.365674 -3.914184 0.000000
vt 2.308304 -3.840843 0.000000
vt 2.287868 -3.750000 0.000000
vt 2.308304 -3.659157 0.000000
vt 2.365674 -3.585816 0.000000
vt 2.448924 -3.544109 0.000000
vt 2.542016 -3.542071 0.000000
vt 2.627012 -3.580094 0.000000
vt 2.645385 -3.590982 0.000000
vt 2.665651 -3.597719 0.000000
vt 2.686886 -3.600000 0.000000
vt 2.900000 -3.600000 0.000000
vt 2.950000 -3.586602 0.000000
vt 2.986603 -3.550000 0.000000
vt 3.000000 -3.500000 0.000000
vt 3.000000 -3.450000 0.000000
vt 2.986603 -3.400000 0.000000
vt 2.950000 -3.363397 0.000000
vt 2.900000 -3.350000 0.000000
vt 2.504765 -3.350000 0.000000
vt 2.377982 -3.333659 0.000000
vt 2.259486 -3.285704 0.000000
vt 2.157022 -3.209270 0.000000
vt 2.015894 -3.072670 0.000000
vt 1.975910 -3.029103 0.000000
vt 1.941350 -2.981120 0.000000
vt 1.879697 -3.900000 0.000000
vt 1.859378 -4.021762 0.000000
vt 1.800624 -4.130330 0.000000
vt 1.709802 -4.213937 0.000000
vt 1.596754 -4.263525 0.000000
vt 1.473729 -4.273719 0.000000
vt 1.354061 -4.243415 0.000000
vt 1.250716 -4.175897 0.000000
vt 1.174894 -4.078480 0.000000
vt 1.134811 -3.961723 0.000000
vt 1.134811 -3.838277 0.000000
vt 1.174894 -3.721520 0.000000
vt 1.250716 -3.624104 0.000000
vt 1.354061 -3.556585 0.000000
vt 1.473729 -3.526281 0.000000
vt 1.596754 -3.536475 0.000000
vt 1.709802 -3.586063 0.000000
vt 1.800624 -3.669670 0.000000
vt 1.859378 -3.778238 0.000000
vt -1.939654 -2.654060 0.000000
vt -1.890665 -2.526660 0.000000
vt -1.805735 -2.419809 0.000000
vt -1.692675 -2.343335 0.000000
vt -1.561889 -2.304276 0.000000
vt -1.425409 -2.306225 0.000000
vt -1.295792 -2.349002 0.000000
vt -1.184962 -2.428673 0.000000
vt -1.103117 -2.537906 0.000000
vt -1.057786 -2.666652 0.000000
vt -1.053140 -2.803067 0.000000
vt -1.089606 -2.934600 0.000000
vt -1.163830 -3.049148 0.000000
vt -1.094490 -3.022047 0.000000
vt -1.021894 -3.005543 0.000000
vt -0.947652 -3.000000 0.000000
vt 0.947652 -3.000000 0.000000
vt 1.021894 -3.005543 0.000000
vt 1.094490 -3.022047 0.000000
vt 1.163830 -3.049148 0.000000
vt 1.089606 -2.934600 0.000000
vt 1.053140 -2.803067 0.000000
vt 1.057786 -2.666652 0.000000
vt 1.103117 -2.537906 0.000000
vt 1.184962 -2.428673 0.000000
vt 1.295792 -2.349002 0.000000
vt 1.425409 -2.306225 0.000000
vt 1.561889 -2.304276 0.000000
vt 1.692675 -2.343335 0.000000
vt 1.805735 -2.419809 0.000000
vt 1.890665 -2.526660 0.000000
vt 1.939654 -2.654060 0.000000
vt 1.980182 -2.624670 0.000000
vt 2.026738 -2.606266 0.000000
vt 2.076407 -2.600000 0.000000
vt 2.263636 -2.600000 0.000000
vt 2.371792 -2.582870 0.000000
vt 2.469361 -2.533156 0.000000
vt 2.546792 -2.455725 0.000000
vt 2.596506 -2.358156 0.000000
vt 2.613636 -2.250000 0.000000
vt 2.596506 -2.141844 0.000000
vt 2.546792 -2.044275 0.000000
vt 2.469361 -1.966844 0.000000
vt 2.371792 -1.917130 0.000000
vt 2.263636 -1.900000 0.000000
vt 2.063636 -1.900000 0.000000
vt 1.987100 -1.884776 0.000000
vt 1.922215 -1.841421 0.000000
vt 1.878860 -1.776537 0.000000
vt 1.863636 -1.700000 0.000000
vt 1.863636 1.700000 0.000000
vt 1.878860 1.776537 0.000000
vt 1.922215 1.841421 0.000000
vt 1.987100 1.884776 0.000000
vt 2.063636 1.900000 0.000000
vt 2.263636 1.900000 0.000000
vt 2.371792 1.917130 0.000000
vt 2.469361 1.966844 0.000000
vt 2.546792 2.044275 0.000000
vt 2.596506 2.141844 0.000000
vt 2.613636 2.250000 0.000000
vt 2.596506 2.358156 0.000000
vt 2.546792 2.455725 0.000000
vt 2.469361 2.533156 0.000000
vt 2.371792 2.582870 0.000000
vt 2.263636 2.600000 0.000000
vt 2.076407 2.600000 0.000000
vt 2.026738 2.606266 0.000000
vt 1.980182 2.624670 0.000000
vt 1.939654 2.654060 0.000000
vt 1.890665 2.526660 0.000000
vt 1.805735 2.419809 0.000000
vt 1.692675 2.343335 0.000000
vt 1.561889 2.304276 0.000000
vt 1.425409 2.306225 0.000000
vt 1.295792 2.349002 0.000000
vt 1.184962 2.428673 0.000000
vt 1.103117 2.537906 0.000000
vt 1.057786 2.666652 0.000000
vt 1.053140 2.803067 0.000000
vt 1.089606 2.934600 0.000000
vt 1.163830 3.049148 0.000000
vt 1.094490 3.022047 0.000000
vt 1.021894 3.005543 0.000000
vt 0.947652 3.000000 0.000000
vt -0.947652 3.000000 0.000000
vt -1.021894 3.005543 0.000000
vt -1.094490 3.022047 0.000000
vt -1.163830 3.049148 0.000000
vt -1.089606 2.934600 0.000000
vt -1.053140 2.803067 0.000000
vt -1.057786 2.666652 0.000000
vt -1.103117 2.537906 0.000000
vt -1.184962 2.428673 0.000000
vt -1.295792 2.349002 0.000000
vt -1.425409 2.306225 0.000000
vt -1.561889 2.304276 0.000000
vt -1.692675 2.343335 0.000000
vt -1.805735 2.419809 0.000000
vt -1.890665 2.526660 0.000000
vt -1.939654 2.654060 0.000000
vt -1.980182 2.624670 0.000000
vt -2.026738 2.606266 0.000000
vt -2.076407 2.600000 0.000000
vt -2.263636 2.600000 0.000000
vt -2.371792 2.582870 0.000000
vt -2.469361 2.533156 0.000000
vt -2.546792 2.455725 0.000000
vt -2.596506 2.358156 0.000000
vt -2.613636 2.250000 0.000000
vt -2.596506 2.141844 0.000000
vt -2.546792 2.044275 0.000000
vt -2.469361 1.966844 0.000000
vt -2.371792 1.917130 0.000000
vt -2.263636 1.900000 0.000000
vt -2.063636 1.900000 0.000000
vt -1.987100 1.884776 0.000000
vt -1.922215 1.841421 0.000000
vt -1.878860 1.776537 0.000000
vt -1.863636 1.700000 0.000000
vt -1.863636 -1.700000 0.000000
vt -1.878860 -1.776537 0.000000
vt -1.922215 -1.841421 0.000000
vt -1.987100 -1.884776 0.000000
vt -2.063636 -1.900000 0.000000
vt -2.263636 -1.900000 0.000000
vt -2.371792 -1.917130 0.000000
vt -2.469361 -1.966844 0.000000
vt -2.546792 -2.044275 0.000000
vt -2.596506 -2.141844 0.000000
vt -2.613636 -2.250000 0.000000
vt -2.596506 -2.358156 0.000000
vt -2.546792 -2.455725 0.000000
vt -2.469361 -2.533156 0.000000
vt -2.371792 -2.582870 0.000000
vt -2.263636 -2.600000 0.000000
vt -2.076407 -2.600000 0.000000
vt -2.026738 -2.606266 0.000000
vt -1.980182 -2.624670 0.000000
vt 0.863636 -2.500000 0.000000
vt -0.863636 -2.500000 0.000000
vt -0.993046 -2.482963 0.000000
vt -1.113636 -2.433013 0.000000
vt -1.217190 -2.353553 0.000000
vt -1.296649 -2.250000 0.000000
vt -1.346599 -2.129410 0.000000
vt -1.363636 -2.000000 0.000000
vt -1.363636 2.000000 0.000000
vt -1.346599 2.129410 0.000000
vt -1.296649 2.250000 0.000000
vt -1.217190 2.353553 0.000000
vt -1.113636 2.433013 0.000000
vt -0.993046 2.482963 0.000000
vt -0.863636 2.500000 0.000000
vt 0.863636 2.500000 0.000000
vt 0.993046 2.482963 0.000000
vt 1.113636 2.433013 0.000000
vt 1.217190 2.353553 0.000000
vt 1.296649 2.250000 0.000000
vt 1.346599 2.129410 0.000000
vt 1.363636 2.000000 0.000000
vt 1.363636 -2.000000 0.000000
vt 1.346599 -2.129410 0.000000
vt 1.296649 -2.250000 0.000000
vt 1.217190 -2.353553 0.000000
vt 1.113636 -2.433013 0.000000
vt 0.993046 -2.482963 0.000000
vt -1.958636 2.250000 0.000000
vt -1.979232 2.139821 0.000000
vt -2.038239 2.044523 0.000000
vt -2.127686 1.976975 0.000000
vt -2.235495 1.946301 0.000000
vt -2.347104 1.956643 0.000000
vt -2.447440 2.006605 0.000000
vt -2.522953 2.089438 0.000000
vt -2.563443 2.193956 0.000000
vt -2.563443 2.306044 0.000000
vt -2.522953 2.410562 0.000000
vt -2.447440 2.493395 0.000000
vt -2.347104 2.543357 0.000000
vt -2.235495 2.553699 0.000000
vt -2.127686 2.523025 0.000000
vt -2.038239 2.455477 0.000000
vt -1.979232 2.360179 0.000000
vt -1.958636 -2.250000 0.000000
vt -1.979232 -2.360179 0.000000
vt -2.038239 -2.455477 0.000000
vt -2.127686 -2.523025 0.000000
vt -2.235495 -2.553699 0.000000
vt -2.347104 -2.543357 0.000000
vt -2.447440 -2.493395 0.000000
vt -2.522953 -2.410562 0.000000
vt -2.563443 -2.306044 0.000000
vt -2.563443 -2.193956 0.000000
vt -2.522953 -2.089438 0.000000
vt -2.447440 -2.006605 0.000000
vt -2.347104 -1.956643 0.000000
vt -2.235495 -1.946301 0.000000
vt -2.127686 -1.976975 0.000000
vt -2.038239 -2.044523 0.000000
vt -1.979232 -2.139821 0.000000
vt 2.568636 -2.250000 0.000000
vt 2.548040 -2.360179 0.000000
vt 2.489034 -2.455477 0.000000
vt 2.399587 -2.523025 0.000000
vt 2.291778 -2.553699 0.000000
vt 2.180169 -2.543357 0.000000
vt 2.079833 -2.493395 0.000000
vt 2.004320 -2.410562 0.000000
vt 1.963830 -2.306044 0.000000
vt 1.963830 -2.193956 0.000000
vt 2.004320 -2.089438 0.000000
vt 2.079833 -2.006605 0.000000
vt 2.180169 -1.956643 0.000000
vt 2.291778 -1.946301 0.000000
vt 2.399587 -1.976975 0.000000
vt 2.489034 -2.044523 0.000000
vt 2.548040 -2.139821 0.000000
vt 2.568636 2.250000 0.000000
vt 2.548040 2.139821 0.000000
vt 2.489034 2.044523 0.000000
vt 2.399587 1.976975 0.000000
vt 2.291778 1.946301 0.000000
vt 2.180169 1.956643 0.000000
vt 2.079833 2.006605 0.000000
vt 2.004320 2.089438 0.000000
vt 1.963830 2.193956 0.000000
vt 1.963830 2.306044 0.000000
vt 2.004320 2.410562 0.000000
vt 2.079833 2.493395 0.000000
vt 2.180169 2.543357 0.000000
vt 2.291778 2.553699 0.000000
vt 2.399587 2.523025 0.000000
vt 2.489034 2.455477 0.000000
vt 2.548040 2.360179 0.000000
vt -0.525000 0.000000 0.000000
vt -0.525000 -0.110880 0.000000
vt -0.525000 -0.221759 0.000000
vt -0.525000 -0.332639 0.000000
vt -0.525000 -0.443519 0.000000
vt -0.525000 -0.554399 0.000000
vt -0.525000 -0.665278 0.000000
vt -0.525000 -0.776158 0.000000
vt -0.525000 -0.887038 0.000000
vt -0.525000 0.887038 0.000000
vt -0.525000 0.776158 0.000000
vt -0.525000 0.665278 0.000000
vt -0.525000 0.554399 0.000000
vt -0.525000 0.443519 0.000000
vt -0.525000 0.332639 0.000000
vt -0.525000 0.221759 0.000000
vt -0.525000 0.110880 0.000000
vt -0.150000 0.000000 0.000000
vt -0.150000 0.110880 0.000000
vt -0.150000 0.221759 0.000000
vt -0.150000 0.332639 0.000000
vt -0.150000 0.443519 0.000000
vt -0.150000 0.554399 0.000000
vt -0.150000 0.665278 0.000000
vt -0.150000 0.776158 0.000000
vt -0.150000 -0.997918 0.000000
vt -0.150000 -0.887038 0.000000
vt -0.150000 -0.776158 0.000000
vt -0.150000 -0.665278 0.000000
vt -0.150000 -0.554399 0.000000
vt -0.150000 -0.443519 0.000000
vt -0.150000 -0.332639 0.000000
vt -0.150000 -0.221759 0.000000
vt -0.150000 -0.110880 0.000000
vt -0.150000 0.887038 0.000000
vt -0.150000 0.887038 0.000000
vt -0.525000 -0.997918 0.000000
vt -0.525000 -0.997918 0.000000
vt 0.106066 -1.178097 0.000000
vt 0.106066 -1.039497 0.000000
vt 0.106066 -0.900898 0.000000
vt 0.106066 -0.762298 0.000000
vt 0.106066 -0.623699 0.000000
vt 0.106066 -0.485099 0.000000
vt 0.106066 -0.346499 0.000000
vt 0.106066 -0.207900 0.000000
vt 0.106066 -0.069300 0.000000
vt 0.106066 0.069300 0.000000
vt 0.106066 0.207900 0.000000
vt 0.106066 0.346499 0.000000
vt 0.106066 0.485099 0.000000
vt 0.106066 0.623699 0.000000
vt 0.106066 0.762298 0.000000
vt 0.106066 0.900898 0.000000
vt 0.106066 1.039497 0.000000
vt -0.106066 0.431066 0.000000
vt -0.105972 0.430914 0.000000
vt -0.093422 0.408154 0.000000
vt -0.080402 0.339291 0.000000
vt -0.106066 0.272697 0.000000
vt -0.106066 0.158511 0.000000
vt -0.106066 0.044326 0.000000
vt -0.106066 -0.069860 0.000000
vt -0.106066 -0.184045 0.000000
vt -0.106066 -0.298231 0.000000
vt -0.106066 -0.412416 0.000000
vt -0.106066 -0.526602 0.000000
vt -0.106066 -0.640787 0.000000
vt -0.106066 -0.754972 0.000000
vt -0.106066 -0.869158 0.000000
vt -0.106066 -0.983343 0.000000
vt -0.106066 -1.097529 0.000000
vt -0.053645 -1.124372 0.000000
vt -0.014580 1.186473 0.000000
vt -0.006742 1.128422 0.000000
vt -0.034951 1.075759 0.000000
vt -0.106066 1.024330 0.000000
vt -0.106066 0.925453 0.000000
vt -0.106066 0.826575 0.000000
vt -0.106066 0.727698 0.000000
vt -0.106066 0.628821 0.000000
vt -0.106066 0.529943 0.000000
vt -0.014580 -1.169721 0.000000
vt 0.106066 1.178097 0.000000
vt 0.106066 1.178097 0.000000
vt 1.879697 3.900000 0.000000
vt 1.859378 3.778238 0.000000
vt 1.800624 3.669670 0.000000
vt 1.709802 3.586063 0.000000
vt 1.596754 3.536475 0.000000
vt 1.473729 3.526281 0.000000
vt 1.354061 3.556585 0.000000
vt 1.250716 3.624104 0.000000
vt 1.174894 3.721520 0.000000
vt 1.134811 3.838277 0.000000
vt 1.134811 3.961723 0.000000
vt 1.174894 4.078480 0.000000
vt 1.250716 4.175897 0.000000
vt 1.354061 4.243415 0.000000
vt 1.473729 4.273719 0.000000
vt 1.596754 4.263525 0.000000
vt 1.709802 4.213937 0.000000
vt 1.800624 4.130330 0.000000
vt 1.859378 4.021762 0.000000
vt 1.315979 3.160653 0.000000
vt 1.429367 3.194422 0.000000
vt 1.547637 3.197471 0.000000
vt 1.662614 3.169591 0.000000
vt 1.766352 3.112708 0.000000
vt 1.851678 3.030753 0.000000
vt 1.912696 2.929393 0.000000
vt 1.941350 2.981120 0.000000
vt 1.975910 3.029103 0.000000
vt 2.015894 3.072670 0.000000
vt 2.157022 3.209270 0.000000
vt 2.259486 3.285704 0.000000
vt 2.377982 3.333659 0.000000
vt 2.504765 3.350000 0.000000
vt 2.900000 3.350000 0.000000
vt 2.950000 3.363397 0.000000
vt 2.986603 3.400000 0.000000
vt 3.000000 3.450000 0.000000
vt 3.000000 3.500000 0.000000
vt 2.986603 3.550000 0.000000
vt 2.950000 3.586602 0.000000
vt 2.900000 3.600000 0.000000
vt 2.686886 3.600000 0.000000
vt 2.665651 3.597719 0.000000
vt 2.645385 3.590982 0.000000
vt 2.627012 3.580094 0.000000
vt 2.542016 3.542071 0.000000
vt 2.448924 3.544109 0.000000
vt 2.365674 3.585816 0.000000
vt 2.308304 3.659157 0.000000
vt 2.287868 3.750000 0.000000
vt 2.308304 3.840843 0.000000
vt 2.365674 3.914184 0.000000
vt 2.448924 3.955891 0.000000
vt 2.542016 3.957929 0.000000
vt 2.627012 3.919906 0.000000
vt 2.645385 3.909018 0.000000
vt 2.665651 3.902281 0.000000
vt 2.686886 3.900000 0.000000
vt 2.900000 3.900000 0.000000
vt 2.950000 3.913398 0.000000
vt 2.986603 3.950000 0.000000
vt 3.000000 4.000000 0.000000
vt 3.000000 4.050000 0.000000
vt 2.986603 4.100000 0.000000
vt 2.950000 4.136602 0.000000
vt 2.900000 4.150000 0.000000
vt 2.500000 4.150000 0.000000
vt 2.407020 4.139043 0.000000
vt 2.319134 4.106774 0.000000
vt 2.241156 4.054959 0.000000
vt 2.176054 4.018063 0.000000
vt 2.101947 4.007678 0.000000
vt 2.029210 4.025258 0.000000
vt 1.968026 4.068341 0.000000
vt 1.828040 4.212968 0.000000
vt 1.726769 4.291387 0.000000
vt 1.607507 4.338098 0.000000
vt 1.479915 4.349317 0.000000
vt 1.354332 4.324135 0.000000
vt 1.240930 4.264592 0.000000
vt 1.148897 4.175512 0.000000
vt 1.085689 4.064112 0.000000
vt 1.056426 3.939416 0.000000
vt 1.063480 3.811527 0.000000
vt 1.106278 3.690805 0.000000
vt 1.181353 3.587032 0.000000
vt 1.320451 3.443324 0.000000
vt 1.362724 3.377786 0.000000
vt 1.376717 3.301063 0.000000
vt 1.360304 3.224821 0.000000
vt -0.525000 0.000000 0.000000
vt -0.525000 -0.110880 0.000000
vt -0.525000 -0.221759 0.000000
vt -0.525000 -0.332639 0.000000
vt -0.525000 -0.443519 0.000000
vt -0.525000 -0.554399 0.000000
vt -0.525000 -0.665278 0.000000
vt -0.525000 -0.776158 0.000000
vt -0.525000 -0.887038 0.000000
vt -0.525000 0.887038 0.000000
vt -0.525000 0.776158 0.000000
vt -0.525000 0.665278 0.000000
vt -0.525000 0.554399 0.000000
vt -0.525000 0.443519 0.000000
vt -0.525000 0.332639 0.000000
vt -0.525000 0.221759 0.000000
vt -0.525000 0.110880 0.000000
vt -0.150000 0.000000 0.000000
vt -0.150000 0.110880 0.000000
vt -0.150000 0.221759 0.000000
vt -0.150000 0.332639 0.000000
vt -0.150000 0.443519 0.000000
vt -0.150000 0.554399 0.000000
vt -0.150000 0.665278 0.000000
vt -0.150000 0.776158 0.000000
vt -0.150000 -0.997918 0.000000
vt -0.150000 -0.887038 0.000000
vt -0.150000 -0.776158 0.000000
vt -0.150000 -0.665278 0.000000
vt -0.150000 -0.554399 0.000000
vt -0.150000 -0.443519 0.000000
vt -0.150000 -0.332639 0.000000
vt -0.150000 -0.221759 0.000000
vt -0.150000 -0.110880 0.000000
vt -0.150000 0.887038 0.000000
vt -0.150000 0.887038 0.000000
vt -0.525000 -0.997918 0.000000
vt -0.525000 -0.997918 0.000000
vt 0.106066 -1.178097 0.000000
vt 0.106066 -1.039497 0.000000
vt 0.106066 -0.900898 0.000000
vt 0.106066 -0.762298 0.000000
vt 0.106066 -0.623699 0.000000
vt 0.106066 -0.485099 0.000000
vt 0.106066 -0.346499 0.000000
vt 0.106066 -0.207900 0.000000
vt 0.106066 -0.069300 0.000000
vt 0.106066 0.069300 0.000000
vt 0.106066 0.207900 0.000000
vt 0.106066 0.346499 0.000000
vt 0.106066 0.485099 0.000000
vt 0.106066 0.623699 0.000000
vt 0.106066 0.762298 0.000000
vt 0.106066 0.900898 0.000000
vt 0.106066 1.039497 0.000000
vt -0.034951 0.102338 0.000000
vt -0.006742 0.049675 0.000000
vt -0.014580 -0.008376 0.000000
vt -0.053645 -0.053726 0.000000
vt -0.106066 -0.080568 0.000000
vt -0.106066 -0.194754 0.000000
vt -0.106066 -0.308939 0.000000
vt -0.106066 -0.423125 0.000000
vt -0.106066 -0.537310 0.000000
vt -0.106066 -0.651496 0.000000
vt -0.106066 -0.765681 0.000000
vt -0.106066 -0.879867 0.000000
vt -0.106066 -0.994052 0.000000
vt -0.106066 1.247957 0.000000
vt -0.106066 1.133771 0.000000
vt -0.106066 1.019586 0.000000
vt -0.106066 0.905401 0.000000
vt -0.080396 0.838809 0.000000
vt -0.093422 0.769944 0.000000
vt -0.106066 0.747032 0.000000
vt -0.106066 0.648154 0.000000
vt -0.106066 0.549277 0.000000
vt -0.106066 0.450399 0.000000
vt -0.106066 0.351522 0.000000
vt -0.106066 0.252644 0.000000
vt -0.106066 0.153767 0.000000
vt -0.106066 -1.108238 0.000000
vt 0.106066 1.178097 0.000000
vt 0.106066 1.178097 0.000000
vt -0.106066 -1.108238 0.000000
vt -1.129697 3.900000 0.000000
vt -1.150015 3.778238 0.000000
vt -1.208769 3.669670 0.000000
vt -1.299591 3.586063 0.000000
vt -1.412639 3.536475 0.000000
vt -1.535664 3.526281 0.000000
vt -1.655332 3.556585 0.000000
vt -1.758677 3.624104 0.000000
vt -1.834499 3.721520 0.000000
vt -1.874582 3.838277 0.000000
vt -1.874582 3.961723 0.000000
vt -1.834499 4.078480 0.000000
vt -1.758677 4.175897 0.000000
vt -1.655332 4.243415 0.000000
vt -1.535664 4.273719 0.000000
vt -1.412639 4.263525 0.000000
vt -1.299591 4.213937 0.000000
vt -1.208769 4.130330 0.000000
vt -1.150015 4.021762 0.000000
vt -1.912696 2.929393 0.000000
vt -1.851678 3.030753 0.000000
vt -1.766352 3.112708 0.000000
vt -1.662614 3.169591 0.000000
vt -1.547637 3.197471 0.000000
vt -1.429367 3.194422 0.000000
vt -1.315979 3.160653 0.000000
vt -1.360304 3.224821 0.000000
vt -1.376717 3.301063 0.000000
vt -1.362724 3.377786 0.000000
vt -1.320451 3.443324 0.000000
vt -1.181353 3.587032 0.000000
vt -1.106278 3.690805 0.000000
vt -1.063480 3.811527 0.000000
vt -1.056426 3.939416 0.000000
vt -1.085689 4.064112 0.000000
vt -1.148897 4.175512 0.000000
vt -1.240930 4.264592 0.000000
vt -1.354332 4.324135 0.000000
vt -1.479915 4.349317 0.000000
vt -1.607507 4.338098 0.000000
vt -1.726769 4.291387 0.000000
vt -1.828040 4.212968 0.000000
vt -1.968026 4.068341 0.000000
vt -2.029210 4.025258 0.000000
vt -2.101947 4.007678 0.000000
vt -2.176054 4.018063 0.000000
vt -2.241156 4.054959 0.000000
vt -2.319134 4.106774 0.000000
vt -2.407020 4.139043 0.000000
vt -2.500000 4.150000 0.000000
vt -2.900000 4.150000 0.000000
vt -2.950000 4.136602 0.000000
vt -2.986603 4.100000 0.000000
vt -3.000000 4.050000 0.000000
vt -3.000000 4.000000 0.000000
vt -2.986603 3.950000 0.000000
vt -2.950000 3.913398 0.000000
vt -2.900000 3.900000 0.000000
vt -2.686886 3.900000 0.000000
vt -2.665651 3.902281 0.000000
vt -2.645385 3.909018 0.000000
vt -2.627012 3.919906 0.000000
vt -2.542016 3.957929 0.000000
vt -2.448924 3.955891 0.000000
vt -2.365674 3.914184 0.000000
vt -2.308304 3.840843 0.000000
vt -2.287868 3.750000 0.000000
vt -2.308304 3.659157 0.000000
vt -2.365674 3.585816 0.000000
vt -2.448924 3.544109 0.000000
vt -2.542016 3.542071 0.000000
vt -2.627012 3.580094 0.000000
vt -2.645385 3.590982 0.000000
vt -2.665651 3.597719 0.000000
vt -2.686886 3.600000 0.000000
vt -2.900000 3.600000 0.000000
vt -2.950000 3.586602 0.000000
vt -2.986603 3.550000 0.000000
vt -3.000000 3.500000 0.000000
vt -3.000000 3.450000 0.000000
vt -2.986603 3.400000 0.000000
vt -2.950000 3.363397 0.000000
vt -2.900000 3.350000 0.000000
vt -2.504765 3.350000 0.000000
vt -2.377982 3.333659 0.000000
vt -2.259486 3.285704 0.000000
vt -2.157022 3.209270 0.000000
vt -2.015894 3.072670 0.000000
vt -1.975910 3.029103 0.000000
vt -1.941350 2.981120 0.000000
vt -0.525000 0.000000 0.000000
vt -0.525000 -0.110880 0.000000
vt -0.525000 -0.221759 0.000000
vt -0.525000 -0.332639 0.000000
vt -0.525000 -0.443519 0.000000
vt -0.525000 -0.554399 0.000000
vt -0.525000 -0.665278 0.000000
vt -0.525000 -0.776158 0.000000
vt -0.525000 -0.887038 0.000000
vt -0.525000 0.887038 0.000000
vt -0.525000 0.776158 0.000000
vt -0.525000 0.665278 0.000000
vt -0.525000 0.554399 0.000000
vt -0.525000 0.443519 0.000000
vt -0.525000 0.332639 0.000000
vt -0.525000 0.221759 0.000000
vt -0.525000 0.110880 0.000000
vt -0.150000 0.000000 0.000000
vt -0.150000 0.110880 0.000000
vt -0.150000 0.221759 0.000000
vt -0.150000 0.332639 0.000000
vt -0.150000 0.443519 0.000000
vt -0.150000 0.554399 0.000000
vt -0.150000 0.665278 0.000000
vt -0.150000 0.776158 0.000000
vt -0.150000 -0.997918 0.000000
vt -0.150000 -0.887038 0.000000
vt -0.150000 -0.776158 0.000000
vt -0.150000 -0.665278 0.000000
vt -0.150000 -0.554399 0.000000
vt -0.150000 -0.443519 0.000000
vt -0.150000 -0.332639 0.000000
vt -0.150000 -0.221759 0.000000
vt -0.150000 -0.110880 0.000000
vt -0.150000 0.887038 0.000000
vt -0.150000 0.887038 0.000000
vt -0.525000 -0.997918 0.000000
vt -0.525000 -0.997918 0.000000
vt -0.000000 0.000000 0.000000
vt -0.000000 0.102761 0.000000
vt -0.000000 0.205522 0.000000
vt -0.000000 0.308282 0.000000
vt -0.000000 0.411043 0.000000
vt -0.000000 0.513804 0.000000
vt -0.000000 0.616565 0.000000
vt -0.000000 0.719325 0.000000
vt -0.000000 -0.924847 0.000000
vt -0.000000 -0.822086 0.000000
vt -0.000000 -0.719325 0.000000
vt -0.000000 -0.616565 0.000000
vt -0.000000 -0.513804 0.000000
vt -0.000000 -0.411043 0.000000
vt -0.000000 -0.308282 0.000000
vt -0.000000 -0.205522 0.000000
vt -0.000000 -0.102761 0.000000
vt -0.117810 0.000000 0.000000
vt -0.117810 -0.116462 0.000000
vt -0.117810 -0.232924 0.000000
vt -0.117810 -0.349387 0.000000
vt -0.117810 -0.465849 0.000000
vt -0.117810 -0.582311 0.000000
vt -0.117810 -0.698773 0.000000
vt -0.117810 0.931698 0.000000
vt -0.117810 0.815235 0.000000
vt -0.117810 0.698773 0.000000
vt -0.117810 0.582311 0.000000
vt -0.117810 0.465849 0.000000
vt -0.117810 0.349387 0.000000
vt -0.117810 0.232924 0.000000
vt -0.117810 0.116462 0.000000
vt -0.039270 0.873466 0.000000
vt -0.078540 -0.873466 0.000000
vt -0.078540 -0.359663 0.000000
vt -0.078540 0.359663 0.000000
vt -0.039270 0.051380 0.000000
vt -0.078540 0.051380 0.000000
vt -0.078540 -0.051380 0.000000
vt -0.039270 -0.051380 0.000000
vt -0.039270 0.154141 0.000000
vt -0.078540 0.154141 0.000000
vt -0.039270 0.256902 0.000000
vt -0.078540 0.256902 0.000000
vt -0.039270 0.359663 0.000000
vt -0.039270 0.462423 0.000000
vt -0.078540 0.462423 0.000000
vt -0.039270 0.565184 0.000000
vt -0.078540 0.565184 0.000000
vt -0.039270 0.667945 0.000000
vt -0.078540 0.667945 0.000000
vt -0.039270 0.770706 0.000000
vt -0.078540 0.770706 0.000000
vt -0.039270 -0.770706 0.000000
vt -0.078540 -0.770706 0.000000
vt -0.039270 -0.667945 0.000000
vt -0.078540 -0.667945 0.000000
vt -0.039270 -0.565184 0.000000
vt -0.078540 -0.565184 0.000000
vt -0.039270 -0.462423 0.000000
vt -0.078540 -0.462423 0.000000
vt -0.039270 -0.359663 0.000000
vt -0.039270 -0.256902 0.000000
vt -0.078540 -0.256902 0.000000
vt -0.039270 -0.154141 0.000000
vt -0.078540 -0.154141 0.000000
vt -0.039270 -0.873466 0.000000
vt -0.039270 -0.873466 0.000000
vt -0.000000 0.822086 0.000000
vt -0.000000 0.822086 0.000000
vt -0.039270 -0.873466 0.000000
vt -0.117810 -0.815235 0.000000
vt -0.117810 -0.815235 0.000000
vt -0.039270 -0.873466 0.000000
vt -0.078540 0.873466 0.000000
vt -0.078540 0.873466 0.000000
vt -0.078540 0.873466 0.000000
vt -0.078540 0.873466 0.000000
vt 0.175000 0.000000 0.000000
vt 0.154955 -0.081327 0.000000
vt 0.099411 -0.144022 0.000000
vt 0.021094 -0.173724 0.000000
vt -0.062056 -0.163628 0.000000
vt -0.130989 -0.116046 0.000000
vt -0.169915 -0.041880 0.000000
vt -0.169915 0.041880 0.000000
vt -0.130989 0.116046 0.000000
vt -0.062056 0.163628 0.000000
vt 0.021094 0.173724 0.000000
vt 0.099411 0.144022 0.000000
vt 0.154955 0.081327 0.000000
vt 0.225000 0.000000 0.000000
vt 0.205548 0.091516 0.000000
vt 0.150554 0.167208 0.000000
vt 0.069529 0.213988 0.000000
vt -0.023519 0.223767 0.000000
vt -0.112500 0.194856 0.000000
vt -0.182029 0.132252 0.000000
vt -0.220083 0.046780 0.000000
vt -0.220083 -0.046780 0.000000
vt -0.182029 -0.132252 0.000000
vt -0.112500 -0.194856 0.000000
vt -0.023519 -0.223767 0.000000
vt 0.069529 -0.213988 0.000000
vt 0.150554 -0.167208 0.000000
vt 0.205548 -0.091516 0.000000
vt -0.000000 0.000000 0.000000
vt -0.000000 0.102761 0.000000
vt -0.000000 0.205522 0.000000
vt -0.000000 0.308282 0.000000
vt -0.000000 0.411043 0.000000
vt -0.000000 0.513804 0.000000
vt -0.000000 0.616565 0.000000
vt -0.000000 0.719325 0.000000
vt -0.000000 -0.924847 0.000000
vt -0.000000 -0.822086 0.000000
vt -0.000000 -0.719325 0.000000
vt -0.000000 -0.616565 0.000000
vt -0.000000 -0.513804 0.000000
vt -0.000000 -0.411043 0.000000
vt -0.000000 -0.308282 0.000000
vt -0.000000 -0.205522 0.000000
vt -0.000000 -0.102761 0.000000
vt -0.117810 0.000000 0.000000
vt -0.117810 -0.116462 0.000000
vt -0.117810 -0.232924 0.000000
vt -0.117810 -0.349387 0.000000
vt -0.117810 -0.465849 0.000000
vt -0.117810 -0.582311 0.000000
vt -0.117810 -0.698773 0.000000
vt -0.117810 0.931698 0.000000
vt -0.117810 0.815235 0.000000
vt -0.117810 0.698773 0.000000
vt -0.117810 0.582311 0.000000
vt -0.117810 0.465849 0.000000
vt -0.117810 0.349387 0.000000
vt -0.117810 0.232924 0.000000
vt -0.117810 0.116462 0.000000
vt -0.039270 0.873466 0.000000
vt -0.078540 -0.873466 0.000000
vt -0.078540 -0.359663 0.000000
vt -0.078540 0.359663 0.000000
vt -0.039270 0.051380 0.000000
vt -0.078540 0.051380 0.000000
vt -0.078540 -0.051380 0.000000
vt -0.039270 -0.051380 0.000000
vt -0.039270 0.154141 0.000000
vt -0.078540 0.154141 0.000000
vt -0.039270 0.256902 0.000000
vt -0.078540 0.256902 0.000000
vt -0.039270 0.359663 0.000000
vt -0.039270 0.462423 0.000000
vt -0.078540 0.462423 0.000000
vt -0.039270 0.565184 0.000000
vt -0.078540 0.565184 0.000000
vt -0.039270 0.667945 0.000000
vt -0.078540 0.667945 0.000000
vt -0.039270 0.770706 0.000000
vt -0.078540 0.770706 0.000000
vt -0.039270 -0.770706 0.000000
vt -0.078540 -0.770706 0.000000
vt -0.039270 -0.667945 0.000000
vt -0.078540 -0.667945 0.000000
vt -0.039270 -0.565184 0.000000
vt -0.078540 -0.565184 0.000000
vt -0.039270 -0.462423 0.000000
vt -0.078540 -0.462423 0.000000
vt -0.039270 -0.359663 0.000000
vt -0.039270 -0.256902 0.000000
vt -0.078540 -0.256902 0.000000
vt -0.039270 -0.154141 0.000000
vt -0.078540 -0.154141 0.000000
vt -0.039270 -0.873466 0.000000
vt -0.039270 -0.873466 0.000000
vt -0.000000 0.822086 0.000000
vt -0.000000 0.822086 0.000000
vt -0.039270 -0.873466 0.000000
vt -0.117810 -0.815235 0.000000
vt -0.117810 -0.815235 0.000000
vt -0.039270 -0.873466 0.000000
vt -0.078540 0.873466 0.000000
vt -0.078540 0.873466 0.000000
vt -0.078540 0.873466 0.000000
vt -0.078540 0.873466 0.000000
vt 0.175000 0.000000 0.000000
vt 0.154955 -0.081327 0.000000
vt 0.099411 -0.144022 0.000000
vt 0.021094 -0.173724 0.000000
vt -0.062056 -0.163628 0.000000
vt -0.130989 -0.116046 0.000000
vt -0.169915 -0.041880 0.000000
vt -0.169915 0.041880 0.000000
vt -0.130989 0.116046 0.000000
vt -0.062056 0.163628 0.000000
vt 0.021094 0.173724 0.000000
vt 0.099411 0.144022 0.000000
vt 0.154955 0.081327 0.000000
vt 0.225000 0.000000 0.000000
vt 0.205548 0.091516 0.000000
vt 0.150554 0.167208 0.000000
vt 0.069529 0.213988 0.000000
vt -0.023519 0.223767 0.000000
vt -0.112500 0.194856 0.000000
vt -0.182029 0.132252 0.000000
vt -0.220083 0.046780 0.000000
vt -0.220083 -0.046780 0.000000
vt -0.182029 -0.132252 0.000000
vt -0.112500 -0.194856 0.000000
vt -0.023519 -0.223767 0.000000
vt 0.069529 -0.213988 0.000000
vt 0.150554 -0.167208 0.000000
vt 0.205548 -0.091516 0.000000
vt -0.000000 0.000000 0.000000
vt -0.000000 0.102761 0.000000
vt -0.000000 0.205522 0.000000
vt -0.000000 0.308282 0.000000
vt -0.000000 0.411043 0.000000
vt -0.000000 0.513804 0.000000
vt -0.000000 0.616565 0.000000
vt -0.000000 0.719325 0.000000
vt -0.000000 -0.924847 0.000000
vt -0.000000 -0.822086 0.000000
vt -0.000000 -0.719325 0.000000
vt -0.000000 -0.616565 0.000000
vt -0.000000 -0.513804 0.000000
vt -0.000000 -0.411043 0.000000
vt -0.000000 -0.308282 0.000000
vt -0.000000 -0.205522 0.000000
vt -0.000000 -0.102761 0.000000
vt -0.117810 0.000000 0.000000
vt -0.117810 -0.116462 0.000000
vt -0.117810 -0.232924 0.000000
vt -0.117810 -0.349387 0.000000
vt -0.117810 -0.465849 0.000000
vt -0.117810 -0.582311 0.000000
vt -0.117810 -0.698773 0.000000
vt -0.117810 0.931698 0.000000
vt -0.117810 0.815235 0.000000
vt -0.117810 0.698773 0.000000
vt -0.117810 0.582311 0.000000
vt -0.117810 0.465849 0.000000
vt -0.117810 0.349387 0.000000
vt -0.117810 0.232924 0.000000
vt -0.117810 0.116462 0.000000
vt -0.039270 0.873466 0.000000
vt -0.078540 -0.873466 0.000000
vt -0.078540 -0.359663 0.000000
vt -0.078540 0.359663 0.000000
vt -0.039270 0.051380 0.000000
vt -0.078540 0.051380 0.000000
vt -0.078540 -0.051380 0.000000
vt -0.039270 -0.051380 0.000000
vt -0.039270 0.154141 0.000000
vt -0.078540 0.154141 0.000000
vt -0.039270 0.256902 0.000000
vt -0.078540 0.256902 0.000000
vt -0.039270 0.359663 0.000000
vt -0.039270 0.462423 0.000000
vt -0.078540 0.462423 0.000000
vt -0.039270 0.565184 0.000000
vt -0.078540 0.565184 0.000000
vt -0.039270 0.667945 0.000000
vt -0.078540 0.667945 0.000000
vt -0.039270 0.770706 0.000000
vt -0.078540 0.770706 0.000000
vt -0.039270 -0.770706 0.000000
vt -0.078540 -0.770706 0.000000
vt -0.039270 -0.667945 0.000000
vt -0.078540 -0.667945 0.000000
vt -0.039270 -0.565184 0.000000
vt -0.078540 -0.565184 0.000000
vt -0.039270 -0.462423 0.000000
vt -0.078540 -0.462423 0.000000
vt -0.039270 -0.359663 0.000000
vt -0.039270 -0.256902 0.000000
vt -0.078540 -0.256902 0.000000
vt -0.039270 -0.154141 0.000000
vt -0.078540 -0.154141 0.000000
vt -0.039270 -0.873466 0.000000
vt -0.039270 -0.873466 0.000000
vt -0.000000 0.822086 0.000000
vt -0.000000 0.822086 0.000000
vt -0.039270 -0.873466 0.000000
vt -0.117810 -0.815235 0.000000
vt -0.117810 -0.815235 0.000000
vt -0.039270 -0.873466 0.000000
vt -0.078540 0.873466 0.000000
vt -0.078540 0.873466 0.000000
vt -0.078540 0.873466 0.000000
vt -0.078540 0.873466 0.000000
vt 0.175000 0.000000 0.000000
vt 0.154955 -0.081327 0.000000
vt 0.099411 -0.144022 0.000000
vt 0.021094 -0.173724 0.000000
vt -0.062056 -0.163628 0.000000
vt -0.130989 -0.116046 0.000000
vt -0.169915 -0.041880 0.000000
vt -0.169915 0.041880 0.000000
vt -0.130989 0.116046 0.000000
vt -0.062056 0.163628 0.000000
vt 0.021094 0.173724 0.000000
vt 0.099411 0.144022 0.000000
vt 0.154955 0.081327 0.000000
vt 0.225000 0.000000 0.000000
vt 0.205548 0.091516 0.000000
vt 0.150554 0.167208 0.000000
vt 0.069529 0.213988 0.000000
vt -0.023519 0.223767 0.000000
vt -0.112500 0.194856 0.000000
vt -0.182029 0.132252 0.000000
vt -0.220083 0.046780 0.000000
vt -0.220083 -0.046780 0.000000
vt -0.182029 -0.132252 0.000000
vt -0.112500 -0.194856 0.000000
vt -0.023519 -0.223767 0.000000
vt 0.069529 -0.213988 0.000000
vt 0.150554 -0.167208 0.000000
vt 0.205548 -0.091516 0.000000
vt -0.000000 0.000000 0.000000
vt -0.000000 0.102761 0.000000
vt -0.000000 0.205522 0.000000
vt -0.000000 0.308282 0.000000
vt -0.000000 0.411043 0.000000
vt -0.000000 0.513804 0.000000
vt -0.000000 0.616565 0.000000
vt -0.000000 0.719325 0.000000
vt -0.000000 -0.924847 0.000000
vt -0.000000 -0.822086 0.000000
vt -0.000000 -0.719325 0.000000
vt -0.000000 -0.616565 0.000000
vt -0.000000 -0.513804 0.000000
vt -0.000000 -0.411043 0.000000
vt -0.000000 -0.308282 0.000000
vt -0.000000 -0.205522 0.000000
vt -0.000000 -0.102761 0.000000
vt -0.117810 0.000000 0.000000
vt -0.117810 -0.116462 0.000000
vt -0.117810 -0.232924 0.000000
vt -0.117810 -0.349387 0.000000
vt -0.117810 -0.465849 0.000000
vt -0.117810 -0.582311 0.000000
vt -0.117810 -0.698773 0.000000
vt -0.117810 0.931698 0.000000
vt -0.117810 0.815235 0.000000
vt -0.117810 0.698773 0.000000
vt -0.117810 0.582311 0.000000
vt -0.117810 0.465849 0.000000
vt -0.117810 0.349387 0.000000
vt -0.117810 0.232924 0.000000
vt -0.117810 0.116462 0.000000
vt -0.039270 0.873466 0.000000
vt -0.078540 -0.873466 0.000000
vt -0.078540 -0.359663 0.000000
vt -0.078540 0.359663 0.000000
vt -0.039270 0.051380 0.000000
vt -0.078540 0.051380 0.000000
vt -0.078540 -0.051380 0.000000
vt -0.039270 -0.051380 0.000000
vt -0.039270 0.154141 0.000000
vt -0.078540 0.154141 0.000000
vt -0.039270 0.256902 0.000000
vt -0.078540 0.256902 0.000000
vt -0.039270 0.359663 0.000000
vt -0.039270 0.462423 0.000000
vt -0.078540 0.462423 0.000000
vt -0.039270 0.565184 0.000000
vt -0.078540 0.565184 0.000000
vt -0.039270 0.667945 0.000000
vt -0.078540 0.667945 0.000000
vt -0.039270 0.770706 0.000000
vt -0.078540 0.770706 0.000000
vt -0.039270 -0.770706 0.000000
vt -0.078540 -0.770706 0.000000
vt -0.039270 -0.667945 0.000000
vt -0.078540 -0.667945 0.000000
vt -0.039270 -0.565184 0.000000
vt -0.078540 -0.565184 0.000000
vt -0.039270 -0.462423 0.000000
vt -0.078540 -0.462423 0.000000
vt -0.039270 -0.359663 0.000000
vt -0.039270 -0.256902 0.000000
vt -0.078540 -0.256902 0.000000
vt -0.039270 -0.154141 0.000000
vt -0.078540 -0.154141 0.000000
vt -0.039270 -0.873466 0.000000
vt -0.039270 -0.873466 0.000000
vt -0.000000 0.822086 0.000000
vt -0.000000 0.822086 0.000000
vt -0.039270 -0.873466 0.000000
vt -0.117810 -0.815235 0.000000
vt -0.117810 -0.815235 0.000000
vt -0.039270 -0.873466 0.000000
vt -0.078540 0.873466 0.000000
vt -0.078540 0.873466 0.000000
vt -0.078540 0.873466 0.000000
vt -0.078540 0.873466 0.000000
vt 0.175000 0.000000 0.000000
vt 0.154955 -0.081327 0.000000
vt 0.099411 -0.144022 0.000000
vt 0.021094 -0.173724 0.000000
vt -0.062056 -0.163628 0.000000
vt -0.130989 -0.116046 0.000000
vt -0.169915 -0.041880 0.000000
vt -0.169915 0.041880 0.000000
vt -0.130989 0.116046 0.000000
vt -0.062056 0.163628 0.000000
vt 0.021094 0.173724 0.000000
vt 0.099411 0.144022 0.000000
vt 0.154955 0.081327 0.000000
vt 0.225000 0.000000 0.000000
vt 0.205548 0.091516 0.000000
vt 0.150554 0.167208 0.000000
vt 0.069529 0.213988 0.000000
vt -0.023519 0.223767 0.000000
vt -0.112500 0.194856 0.000000
vt -0.182029 0.132252 0.000000
vt -0.220083 0.046780 0.000000
vt -0.220083 -0.046780 0.000000
vt -0.182029 -0.132252 0.000000
vt -0.112500 -0.194856 0.000000
vt -0.023519 -0.223767 0.000000
vt 0.069529 -0.213988 0.000000
vt 0.150554 -0.167208 0.000000
vt 0.205548 -0.091516 0.000000
vt 9.956601 0.549779 0.000000
vt 9.956601 0.465197 0.000000
vt 9.956601 0.380616 0.000000
vt 9.956601 0.296035 0.000000
vt 9.956601 0.211453 0.000000
vt 9.956601 0.126872 0.000000
vt 9.956601 0.042291 0.000000
vt 9.956601 -0.042291 0.000000
vt 9.956601 -0.126872 0.000000
vt 9.956601 -0.211453 0.000000
vt 9.956601 -0.296035 0.000000
vt 9.956601 -0.380616 0.000000
vt 9.956601 -0.465197 0.000000
vt 10.606602 0.000000 0.000000
vt 10.606602 0.084581 0.000000
vt 10.606602 0.169163 0.000000
vt 10.606602 0.253744 0.000000
vt 10.606602 0.338325 0.000000
vt 10.606602 0.422907 0.000000
vt 10.606602 -0.592069 0.000000
vt 10.606602 -0.507488 0.000000
vt 10.606602 -0.422907 0.000000
vt 10.606602 -0.338325 0.000000
vt 10.606602 -0.253744 0.000000
vt 10.606602 -0.169163 0.000000
vt 10.606602 -0.084581 0.000000
vt 10.606602 0.507488 0.000000
vt 9.956601 -0.549779 0.000000
vt 9.956601 -0.549779 0.000000
vt 10.606602 0.507488 0.000000
vt 9.956601 0.549779 0.000000
vt 9.956601 0.465197 0.000000
vt 9.956601 0.380616 0.000000
vt 9.956601 0.296035 0.000000
vt 9.956601 0.211453 0.000000
vt 9.956601 0.126872 0.000000
vt 9.956601 0.042291 0.000000
vt 9.956601 -0.042291 0.000000
vt 9.956601 -0.126872 0.000000
vt 9.956601 -0.211453 0.000000
vt 9.956601 -0.296035 0.000000
vt 9.956601 -0.380616 0.000000
vt 9.956601 -0.465197 0.000000
vt 10.606602 0.000000 0.000000
vt 10.606602 0.084581 0.000000
vt 10.606602 0.169163 0.000000
vt 10.606602 0.253744 0.000000
vt 10.606602 0.338325 0.000000
vt 10.606602 0.422907 0.000000
vt 10.606602 -0.592069 0.000000
vt 10.606602 -0.507488 0.000000
vt 10.606602 -0.422907 0.000000
vt 10.606602 -0.338325 0.000000
vt 10.606602 -0.253744 0.000000
vt 10.606602 -0.169163 0.000000
vt 10.606602 -0.084581 0.000000
vt 10.606602 0.507488 0.000000
vt 9.956601 -0.549779 0.000000
vt 9.956601 -0.549779 0.000000
vt 10.606602 0.507488 0.000000
vt 9.956601 0.549779 0.000000
vt 9.956601 0.465197 0.000000
vt 9.956601 0.380616 0.000000
vt 9.956601 0.296035 0.000000
vt 9.956601 0.211453 0.000000
vt 9.956601 0.126872 0.000000
vt 9.956601 0.042291 0.000000
vt 9.956601 -0.042291 0.000000
vt 9.956601 -0.126872 0.000000
vt 9.956601 -0.211453 0.000000
vt 9.956601 -0.296035 0.000000
vt 9.956601 -0.380616 0.000000
vt 9.956601 -0.465197 0.000000
vt 10.606602 0.000000 0.000000
vt 10.606602 0.084581 0.000000
vt 10.606602 0.169163 0.000000
vt 10.606602 0.253744 0.000000
vt 10.606602 0.338325 0.000000
vt 10.606602 0.422907 0.000000
vt 10.606602 -0.592069 0.000000
vt 10.606602 -0.507488 0.000000
vt 10.606602 -0.422907 0.000000
vt 10.606602 -0.338325 0.000000
vt 10.606602 -0.253744 0.000000
vt 10.606602 -0.169163 0.000000
vt 10.606602 -0.084581 0.000000
vt 10.606602 0.507488 0.000000
vt 9.956601 -0.549779 0.000000
vt 9.956601 -0.549779 0.000000
vt 10.606602 0.507488 0.000000
vt 9.956601 0.549779 0.000000
vt 9.956601 0.465197 0.000000
vt 9.956601 0.380616 0.000000
vt 9.956601 0.296035 0.000000
vt 9.956601 0.211453 0.000000
vt 9.956601 0.126872 0.000000
vt 9.956601 0.042291 0.000000
vt 9.956601 -0.042291 0.000000
vt 9.956601 -0.126872 0.000000
vt 9.956601 -0.211453 0.000000
vt 9.956601 -0.296035 0.000000
vt 9.956601 -0.380616 0.000000
vt 9.956601 -0.465197 0.000000
vt 10.606602 0.000000 0.000000
vt 10.606602 0.084581 0.000000
vt 10.606602 0.169163 0.000000
vt 10.606602 0.253744 0.000000
vt 10.606602 0.338325 0.000000
vt 10.606602 0.422907 0.000000
vt 10.606602 -0.592069 0.000000
vt 10.606602 -0.507488 0.000000
vt 10.606602 -0.422907 0.000000
vt 10.606602 -0.338325 0.000000
vt 10.606602 -0.253744 0.000000
vt 10.606602 -0.169163 0.000000
vt 10.606602 -0.084581 0.000000
vt 10.606602 0.507488 0.000000
vt 9.956601 -0.549779 0.000000
vt 9.956601 -0.549779 0.000000
vt 10.606602 0.507488 0.000000
vt -0.300000 0.078540 0.000000
vt -0.300000 0.026180 0.000000
vt -0.300000 -0.026180 0.000000
vt -0.300000 -0.078540 0.000000
vt -0.000000 -0.078540 0.000000
vt -0.000000 -0.026180 0.000000
vt -0.000000 0.026180 0.000000
vt -0.000000 0.078540 0.000000
vt 0.400000 0.000000 0.000000
vt 0.400000 0.300000 0.000000
vt 0.000000 0.300000 0.000000
vt 0.000000 0.000000 0.000000
vt -0.300000 0.032096 0.000000
vt -0.300000 0.010699 0.000000
vt -0.300000 -0.010699 0.000000
vt -0.300000 -0.032096 0.000000
vt -0.000000 -0.032096 0.000000
vt -0.000000 -0.010699 0.000000
vt -0.000000 0.010699 0.000000
vt -0.000000 0.032096 0.000000
vt 0.313114 0.000000 0.000000
vt 0.313114 0.300000 0.000000
vt 0.100000 0.300000 0.000000
vt 0.100000 0.000000 0.000000
vt -0.300000 0.078540 0.000000
vt -0.300000 0.026180 0.000000
vt -0.300000 -0.026180 0.000000
vt -0.300000 -0.078540 0.000000
vt -0.000000 -0.078540 0.000000
vt -0.000000 -0.026180 0.000000
vt -0.000000 0.026180 0.000000
vt -0.000000 0.078540 0.000000
vt 0.250000 0.000000 0.000000
vt 0.250000 0.300000 0.000000
vt 0.036886 0.300000 0.000000
vt 0.036886 0.000000 0.000000
vt -0.300000 0.032096 0.000000
vt -0.300000 0.010699 0.000000
vt -0.300000 -0.010699 0.000000
vt -0.300000 -0.032096 0.000000
vt -0.000000 -0.032096 0.000000
vt -0.000000 -0.010699 0.000000
vt -0.000000 0.010699 0.000000
vt -0.000000 0.032096 0.000000
vt 0.300000 0.302782 0.000000
vt 0.000000 0.302782 0.000000
vt 0.000000 0.208904 0.000000
vt 0.000000 0.115026 0.000000
vt 0.000000 0.021148 0.000000
vt 0.000000 -0.072730 0.000000
vt 0.000000 -0.166608 0.000000
vt 0.000000 -0.260486 0.000000
vt 0.000000 -0.354364 0.000000
vt 0.000000 -0.448242 0.000000
vt 0.000000 -0.542120 0.000000
vt 0.000000 -0.635998 0.000000
vt 0.300000 -0.635998 0.000000
vt 0.300000 -0.542120 0.000000
vt 0.300000 -0.448242 0.000000
vt 0.300000 -0.354364 0.000000
vt 0.300000 -0.260486 0.000000
vt 0.300000 -0.166608 0.000000
vt 0.300000 -0.072730 0.000000
vt 0.300000 0.021148 0.000000
vt 0.300000 0.115026 0.000000
vt 0.300000 0.208904 0.000000
vt -0.300000 0.032096 0.000000
vt -0.300000 0.010699 0.000000
vt -0.300000 -0.010699 0.000000
vt -0.300000 -0.032096 0.000000
vt -0.000000 -0.032096 0.000000
vt -0.000000 -0.010699 0.000000
vt -0.000000 0.010699 0.000000
vt -0.000000 0.032096 0.000000
vt 0.000000 -0.635998 0.000000
vt 0.300000 -0.635998 0.000000
vt 0.300000 -0.542120 0.000000
vt 0.300000 -0.448242 0.000000
vt 0.300000 -0.354364 0.000000
vt 0.300000 -0.260486 0.000000
vt 0.300000 -0.166608 0.000000
vt 0.300000 -0.072730 0.000000
vt 0.300000 0.021148 0.000000
vt 0.300000 0.115026 0.000000
vt 0.300000 0.208904 0.000000
vt 0.300000 0.302782 0.000000
vt 0.000000 0.302782 0.000000
vt 0.000000 0.208904 0.000000
vt 0.000000 0.115026 0.000000
vt 0.000000 0.021148 0.000000
vt 0.000000 -0.072730 0.000000
vt 0.000000 -0.166608 0.000000
vt 0.000000 -0.260486 0.000000
vt 0.000000 -0.354364 0.000000
vt 0.000000 -0.448242 0.000000
vt 0.000000 -0.542120 0.000000
vt -0.300000 0.078540 0.000000
vt -0.300000 0.026180 0.000000
vt -0.300000 -0.026180 0.000000
vt -0.300000 -0.078540 0.000000
vt -0.000000 -0.078540 0.000000
vt -0.000000 -0.026180 0.000000
vt -0.000000 0.026180 0.000000
vt -0.000000 0.078540 0.000000
vt 0.150000 0.000000 0.000000
vt 0.150000 0.300000 0.000000
vt 0.100000 0.300000 0.000000
vt 0.100000 0.000000 0.000000
vt -0.300000 0.078540 0.000000
vt -0.300000 0.026180 0.000000
vt -0.300000 -0.026180 0.000000
vt -0.300000 -0.078540 0.000000
vt -0.000000 -0.078540 0.000000
vt -0.000000 -0.026180 0.000000
vt -0.000000 0.026180 0.000000
vt -0.000000 0.078540 0.000000
vt 0.597583 0.000000 0.000000
vt 0.597583 0.300000 0.000000
vt 0.202348 0.300000 0.000000
vt 0.202348 0.000000 0.000000
vt -0.300000 0.078540 0.000000
vt -0.300000 0.026180 0.000000
vt -0.300000 -0.026180 0.000000
vt -0.300000 -0.078540 0.000000
vt -0.000000 -0.078540 0.000000
vt -0.000000 -0.026180 0.000000
vt -0.000000 0.026180 0.000000
vt -0.000000 0.078540 0.000000
vt 0.036886 0.300000 0.000000
vt 0.036886 0.000000 0.000000
vt 0.250000 0.000000 0.000000
vt 0.250000 0.300000 0.000000
vt -0.300000 0.032096 0.000000
vt -0.300000 0.010699 0.000000
vt -0.300000 -0.010699 0.000000
vt -0.300000 -0.032096 0.000000
vt -0.000000 -0.032096 0.000000
vt -0.000000 -0.010699 0.000000
vt -0.000000 0.010699 0.000000
vt -0.000000 0.032096 0.000000
vt 0.100000 0.300000 0.000000
vt 0.100000 0.000000 0.000000
vt 0.313114 0.000000 0.000000
vt 0.313114 0.300000 0.000000
vt -0.300000 0.078540 0.000000
vt -0.300000 0.026180 0.000000
vt -0.300000 -0.026180 0.000000
vt -0.300000 -0.078540 0.000000
vt -0.000000 -0.078540 0.000000
vt -0.000000 -0.026180 0.000000
vt -0.000000 0.026180 0.000000
vt -0.000000 0.078540 0.000000
vt 0.100000 0.300000 0.000000
vt 0.100000 0.000000 0.000000
vt 0.150000 0.000000 0.000000
vt 0.150000 0.300000 0.000000
vt -0.300000 0.078540 0.000000
vt -0.300000 0.026180 0.000000
vt -0.300000 -0.026180 0.000000
vt -0.300000 -0.078540 0.000000
vt -0.000000 -0.078540 0.000000
vt -0.000000 -0.026180 0.000000
vt -0.000000 0.026180 0.000000
vt -0.000000 0.078540 0.000000
vt 0.100000 0.300000 0.000000
vt 0.100000 0.000000 0.000000
vt 0.150000 0.000000 0.000000
vt 0.150000 0.300000 0.000000
vt -0.300000 0.078540 0.000000
vt -0.300000 0.026180 0.000000
vt -0.300000 -0.026180 0.000000
vt -0.300000 -0.078540 0.000000
vt -0.000000 -0.078540 0.000000
vt -0.000000 -0.026180 0.000000
vt -0.000000 0.026180 0.000000
vt -0.000000 0.078540 0.000000
vt 0.100000 0.300000 0.000000
vt 0.100000 0.000000 0.000000
vt 0.150000 0.000000 0.000000
vt 0.150000 0.300000 0.000000
vt -0.300000 0.032096 0.000000
vt -0.300000 0.010699 0.000000
vt -0.300000 -0.010699 0.000000
vt -0.300000 -0.032096 0.000000
vt -0.000000 -0.032096 0.000000
vt -0.000000 -0.010699 0.000000
vt -0.000000 0.010699 0.000000
vt -0.000000 0.032096 0.000000
vt 0.000000 -0.635998 0.000000
vt 0.300000 -0.635998 0.000000
vt 0.300000 -0.542120 0.000000
vt 0.300000 -0.448242 0.000000
vt 0.300000 -0.354364 0.000000
vt 0.300000 -0.260486 0.000000
vt 0.300000 -0.166608 0.000000
vt 0.300000 -0.072730 0.000000
vt 0.300000 0.021148 0.000000
vt 0.300000 0.115026 0.000000
vt 0.300000 0.208904 0.000000
vt 0.300000 0.302782 0.000000
vt 0.000000 0.302782 0.000000
vt 0.000000 0.208904 0.000000
vt 0.000000 0.115026 0.000000
vt 0.000000 0.021148 0.000000
vt 0.000000 -0.072730 0.000000
vt 0.000000 -0.166608 0.000000
vt 0.000000 -0.260486 0.000000
vt 0.000000 -0.354364 0.000000
vt 0.000000 -0.448242 0.000000
vt 0.000000 -0.542120 0.000000
vt -0.300000 0.032096 0.000000
vt -0.300000 0.010699 0.000000
vt -0.300000 -0.010699 0.000000
vt -0.300000 -0.032096 0.000000
vt -0.000000 -0.032096 0.000000
vt -0.000000 -0.010699 0.000000
vt -0.000000 0.010699 0.000000
vt -0.000000 0.032096 0.000000
vt 0.313114 0.000000 0.000000
vt 0.313114 0.300000 0.000000
vt 0.100000 0.300000 0.000000
vt 0.100000 0.000000 0.000000
vt -0.300000 0.032096 0.000000
vt -0.300000 0.010699 0.000000
vt -0.300000 -0.010699 0.000000
vt -0.300000 -0.032096 0.000000
vt -0.000000 -0.032096 0.000000
vt -0.000000 -0.010699 0.000000
vt -0.000000 0.010699 0.000000
vt -0.000000 0.032096 0.000000
vt 0.313114 0.000000 0.000000
vt 0.313114 0.300000 0.000000
vt 0.100000 0.300000 0.000000
vt 0.100000 0.000000 0.000000
vt -0.300000 0.078540 0.000000
vt -0.300000 0.026180 0.000000
vt -0.300000 -0.026180 0.000000
vt -0.300000 -0.078540 0.000000
vt -0.000000 -0.078540 0.000000
vt -0.000000 -0.026180 0.000000
vt -0.000000 0.026180 0.000000
vt -0.000000 0.078540 0.000000
vt 0.100000 0.300000 0.000000
vt 0.100000 0.000000 0.000000
vt 0.150000 0.000000 0.000000
vt 0.150000 0.300000 0.000000
vt -0.300000 0.078540 0.000000
vt -0.300000 0.026180 0.000000
vt -0.300000 -0.026180 0.000000
vt -0.300000 -0.078540 0.000000
vt -0.000000 -0.078540 0.000000
vt -0.000000 -0.026180 0.000000
vt -0.000000 0.026180 0.000000
vt -0.000000 0.078540 0.000000
vt -0.300000 0.032096 0.000000
vt -0.300000 0.010699 0.000000
vt -0.300000 -0.010699 0.000000
vt -0.300000 -0.032096 0.000000
vt -0.000000 -0.032096 0.000000
vt -0.000000 -0.010699 0.000000
vt -0.000000 0.010699 0.000000
vt -0.000000 0.032096 0.000000
vt 0.300000 0.302782 0.000000
vt 0.000000 0.302782 0.000000
vt 0.000000 0.208904 0.000000
vt 0.000000 0.115026 0.000000
vt 0.000000 0.021148 0.000000
vt 0.000000 -0.072730 0.000000
vt 0.000000 -0.166608 0.000000
vt 0.000000 -0.260486 0.000000
vt 0.000000 -0.354364 0.000000
vt 0.000000 -0.448242 0.000000
vt 0.000000 -0.542120 0.000000
vt 0.000000 -0.635998 0.000000
vt 0.300000 -0.635998 0.000000
vt 0.300000 -0.542120 0.000000
vt 0.300000 -0.448242 0.000000
vt 0.300000 -0.354364 0.000000
vt 0.300000 -0.260486 0.000000
vt 0.300000 -0.166608 0.000000
vt 0.300000 -0.072730 0.000000
vt 0.300000 0.021148 0.000000
vt 0.300000 0.115026 0.000000
vt 0.300000 0.208904 0.000000
vt -0.300000 0.078540 0.000000
vt -0.300000 0.026180 0.000000
vt -0.300000 -0.026180 0.000000
vt -0.300000 -0.078540 0.000000
vt -0.000000 -0.078540 0.000000
vt -0.000000 -0.026180 0.000000
vt -0.000000 0.026180 0.000000
vt -0.000000 0.078540 0.000000
vt 0.100000 0.300000 0.000000
vt 0.100000 0.000000 0.000000
vt 0.150000 0.000000 0.000000
vt 0.150000 0.300000 0.000000
vt -0.300000 0.078540 0.000000
vt -0.300000 0.026180 0.000000
vt -0.300000 -0.026180 0.000000
vt -0.300000 -0.078540 0.000000
vt -0.000000 -0.078540 0.000000
vt -0.000000 -0.026180 0.000000
vt -0.000000 0.026180 0.000000
vt -0.000000 0.078540 0.000000
vt -0.300000 0.078540 0.000000
vt -0.300000 0.026180 0.000000
vt -0.300000 -0.026180 0.000000
vt -0.300000 -0.078540 0.000000
vt -0.000000 -0.078540 0.000000
vt -0.000000 -0.026180 0.000000
vt -0.000000 0.026180 0.000000
vt -0.000000 0.078540 0.000000
vt 0.150000 0.000000 0.000000
vt 0.150000 0.300000 0.000000
vt 0.100000 0.300000 0.000000
vt 0.100000 0.000000 0.000000
vt -0.300000 0.078540 0.000000
vt -0.300000 0.026180 0.000000
vt -0.300000 -0.026180 0.000000
vt -0.300000 -0.078540 0.000000
vt -0.000000 -0.078540 0.000000
vt -0.000000 -0.026180 0.000000
vt -0.000000 0.026180 0.000000
vt -0.000000 0.078540 0.000000
vt 0.036886 0.300000 0.000000
vt 0.036886 0.000000 0.000000
vt 0.250000 0.000000 0.000000
vt 0.250000 0.300000 0.000000
vt -0.300000 0.078540 0.000000
vt -0.300000 0.026180 0.000000
vt -0.300000 -0.026180 0.000000
vt -0.300000 -0.078540 0.000000
vt -0.000000 -0.078540 0.000000
vt -0.000000 -0.026180 0.000000
vt -0.000000 0.026180 0.000000
vt -0.000000 0.078540 0.000000
vt 0.150000 0.000000 0.000000
vt 0.150000 0.300000 0.000000
vt 0.100000 0.300000 0.000000
vt 0.100000 0.000000 0.000000
vt -0.300000 0.078540 0.000000
vt -0.300000 0.026180 0.000000
vt -0.300000 -0.026180 0.000000
vt -0.300000 -0.078540 0.000000
vt -0.000000 -0.078540 0.000000
vt -0.000000 -0.026180 0.000000
vt -0.000000 0.026180 0.000000
vt -0.000000 0.078540 0.000000
vt 0.000000 0.157080 0.000000
vt 0.000000 0.078540 0.000000
vt 0.000000 0.000000 0.000000
vt 0.000000 -0.078540 0.000000
vt 0.000000 -0.157080 0.000000
vt 0.300066 -0.157080 0.000000
vt 0.300000 -0.156886 0.000000
vt 0.300000 -0.078394 0.000000
vt 0.300000 0.000097 0.000000
vt 0.300000 0.078588 0.000000
vt 0.300000 0.157080 0.000000
vt 0.200000 0.300066 0.000000
vt 0.200000 0.000000 0.000000
vt 0.228453 0.000000 0.000000
vt 0.228453 0.308941 0.000000
vt 0.000000 0.157080 0.000000
vt 0.000000 0.078540 0.000000
vt 0.000000 0.000000 0.000000
vt 0.000000 -0.078540 0.000000
vt 0.000000 -0.157080 0.000000
vt 0.300000 -0.157080 0.000000
vt 0.300000 -0.078588 0.000000
vt 0.300000 -0.000097 0.000000
vt 0.300000 0.078394 0.000000
vt 0.300000 0.156886 0.000000
vt 0.300000 0.156950 0.000000
vt 0.300000 0.157015 0.000000
vt 0.300000 0.157080 0.000000
vt 0.200000 0.300000 0.000000
vt 0.200000 0.000000 0.000000
vt 0.400000 0.000000 0.000000
vt 0.400000 0.300000 0.000000
vt 0.000000 -0.628319 0.000000
vt 0.000000 -0.553044 0.000000
vt 0.000000 -0.477770 0.000000
vt 0.000000 -0.402495 0.000000
vt 0.000000 -0.327221 0.000000
vt -0.300000 -0.327221 0.000000
vt -0.300000 -0.402495 0.000000
vt -0.300000 -0.477770 0.000000
vt -0.300000 -0.553044 0.000000
vt -0.300000 -0.628319 0.000000
vt 0.201279 0.000000 0.000000
vt 0.201279 0.300000 0.000000
vt 0.000000 0.300000 0.000000
vt 0.000000 0.000000 0.000000
vt 0.300000 -0.628319 0.000000
vt 0.300000 -0.578124 0.000000
vt 0.300000 -0.527930 0.000000
vt 0.300000 -0.477736 0.000000
vt 0.337068 -0.429392 0.000000
vt 0.364683 -0.373643 0.000000
vt 0.370223 -0.314001 0.000000
vt 0.350286 -0.255592 0.000000
vt 0.000000 -0.255592 0.000000
vt 0.000000 -0.330138 0.000000
vt 0.000000 -0.404683 0.000000
vt 0.000000 -0.479228 0.000000
vt 0.000000 -0.553773 0.000000
vt 0.000000 -0.628319 0.000000
vt 0.212771 0.300000 0.000000
vt 0.212771 0.000000 0.000000
vt 0.400000 0.000000 0.000000
vt 0.400000 0.300000 0.000000
vt 0.000000 0.157080 0.000000
vt 0.000000 0.078540 0.000000
vt 0.000000 0.000000 0.000000
vt 0.000000 -0.078540 0.000000
vt 0.000000 -0.157080 0.000000
vt 0.300000 -0.157080 0.000000
vt 0.300000 -0.078540 0.000000
vt 0.300000 0.000000 0.000000
vt 0.300000 0.078540 0.000000
vt 0.300000 0.157080 0.000000
vt 0.200000 0.300000 0.000000
vt 0.200000 0.000000 0.000000
vt 3.600000 0.000000 0.000000
vt 3.600000 0.300000 0.000000
vt 0.000000 0.157080 0.000000
vt 0.000000 0.078540 0.000000
vt 0.000000 0.000000 0.000000
vt 0.000000 -0.078540 0.000000
vt 0.000000 -0.157080 0.000000
vt 0.300000 -0.157080 0.000000
vt 0.300000 -0.078540 0.000000
vt 0.300000 0.000000 0.000000
vt 0.300000 0.078540 0.000000
vt 0.300000 0.157080 0.000000
vt 0.200000 0.300000 0.000000
vt 0.200000 0.000000 0.000000
vt 3.600000 0.000000 0.000000
vt 3.600000 0.300000 0.000000
vt 0.300000 -0.628319 0.000000
vt 0.300000 -0.578124 0.000000
vt 0.300000 -0.527930 0.000000
vt 0.300000 -0.477736 0.000000
vt 0.337068 -0.429392 0.000000
vt 0.364683 -0.373643 0.000000
vt 0.370223 -0.314001 0.000000
vt 0.350286 -0.255592 0.000000
vt 0.000000 -0.255592 0.000000
vt 0.000000 -0.330138 0.000000
vt 0.000000 -0.404683 0.000000
vt 0.000000 -0.479228 0.000000
vt 0.000000 -0.553773 0.000000
vt 0.000000 -0.628319 0.000000
vt 0.212771 0.300000 0.000000
vt 0.212771 0.000000 0.000000
vt 0.400000 0.000000 0.000000
vt 0.400000 0.300000 0.000000
vt 0.000000 -0.628319 0.000000
vt 0.000000 -0.553044 0.000000
vt 0.000000 -0.477770 0.000000
vt 0.000000 -0.402495 0.000000
vt 0.000000 -0.327221 0.000000
vt -0.300000 -0.327221 0.000000
vt -0.300000 -0.402495 0.000000
vt -0.300000 -0.477770 0.000000
vt -0.300000 -0.553044 0.000000
vt -0.300000 -0.628319 0.000000
vt 0.201279 0.000000 0.000000
vt 0.201279 0.300000 0.000000
vt 0.000000 0.300000 0.000000
vt 0.000000 0.000000 0.000000
vt 0.000000 0.157080 0.000000
vt 0.000000 0.078540 0.000000
vt 0.000000 0.000000 0.000000
vt 0.000000 -0.078540 0.000000
vt 0.000000 -0.157080 0.000000
vt 0.300000 -0.157080 0.000000
vt 0.300000 -0.078588 0.000000
vt 0.300000 -0.000097 0.000000
vt 0.300000 0.078394 0.000000
vt 0.300000 0.156886 0.000000
vt 0.300000 0.156950 0.000000
vt 0.300000 0.157015 0.000000
vt 0.300000 0.157080 0.000000
vt 0.200000 0.300000 0.000000
vt 0.200000 0.000000 0.000000
vt 0.400000 0.000000 0.000000
vt 0.400000 0.300000 0.000000
vt 0.300000 -0.628319 0.000000
vt 0.300000 -0.553044 0.000000
vt 0.300000 -0.477770 0.000000
vt 0.300000 -0.402495 0.000000
vt 0.300000 -0.327221 0.000000
vt 0.000000 -0.327221 0.000000
vt 0.000000 -0.402495 0.000000
vt 0.000000 -0.477770 0.000000
vt 0.000000 -0.553044 0.000000
vt 0.000000 -0.628319 0.000000
vt 0.198721 0.300000 0.000000
vt 0.198721 0.000000 0.000000
vt 0.400000 0.000000 0.000000
vt 0.400000 0.300000 0.000000
vt 0.000000 0.157080 0.000000
vt 0.000000 0.078540 0.000000
vt 0.000000 0.000000 0.000000
vt 0.000000 -0.078540 0.000000
vt 0.000000 -0.157080 0.000000
vt 0.300000 -0.157080 0.000000
vt 0.300000 -0.078540 0.000000
vt 0.300000 0.000000 0.000000
vt 0.300000 0.078540 0.000000
vt 0.300000 0.157080 0.000000
vt 0.200000 0.300000 0.000000
vt 0.200000 0.000000 0.000000
vt 0.400000 0.000000 0.000000
vt 0.400000 0.300000 0.000000
vt 0.000000 -0.628319 0.000000
vt 0.000000 -0.553773 0.000000
vt 0.000000 -0.479228 0.000000
vt 0.000000 -0.404683 0.000000
vt 0.000000 -0.330138 0.000000
vt 0.000000 -0.255592 0.000000
vt -0.350286 -0.255592 0.000000
vt -0.370223 -0.314001 0.000000
vt -0.364683 -0.373643 0.000000
vt -0.337068 -0.429392 0.000000
vt -0.300000 -0.477736 0.000000
vt -0.300000 -0.527930 0.000000
vt -0.300000 -0.578124 0.000000
vt -0.300000 -0.628319 0.000000
vt 0.187229 0.000000 0.000000
vt 0.187229 0.300000 0.000000
vt 0.000000 0.300000 0.000000
vt 0.000000 0.000000 0.000000
vt 0.000000 0.157080 0.000000
vt 0.000000 0.078540 0.000000
vt 0.000000 0.000000 0.000000
vt 0.000000 -0.078540 0.000000
vt 0.000000 -0.157080 0.000000
vt 0.300066 -0.157080 0.000000
vt 0.300000 -0.156886 0.000000
vt 0.300000 -0.078394 0.000000
vt 0.300000 0.000097 0.000000
vt 0.300000 0.078588 0.000000
vt 0.300000 0.157080 0.000000
vt 0.200000 0.300066 0.000000
vt 0.200000 0.000000 0.000000
vt 0.228453 0.000000 0.000000
vt 0.228453 0.308941 0.000000
vt 0.300000 -0.628319 0.000000
vt 0.300000 -0.553044 0.000000
vt 0.300000 -0.477770 0.000000
vt 0.300000 -0.402495 0.000000
vt 0.300000 -0.327221 0.000000
vt 0.000000 -0.327221 0.000000
vt 0.000000 -0.402495 0.000000
vt 0.000000 -0.477770 0.000000
vt 0.000000 -0.553044 0.000000
vt 0.000000 -0.628319 0.000000
vt 0.198721 0.300000 0.000000
vt 0.198721 0.000000 0.000000
vt 0.400000 0.000000 0.000000
vt 0.400000 0.300000 0.000000
vt 0.000000 -0.628319 0.000000
vt 0.000000 -0.553773 0.000000
vt 0.000000 -0.479228 0.000000
vt 0.000000 -0.404683 0.000000
vt 0.000000 -0.330138 0.000000
vt 0.000000 -0.255592 0.000000
vt -0.350286 -0.255592 0.000000
vt -0.370223 -0.314001 0.000000
vt -0.364683 -0.373643 0.000000
vt -0.337068 -0.429392 0.000000
vt -0.300000 -0.477736 0.000000
vt -0.300000 -0.527930 0.000000
vt -0.300000 -0.578124 0.000000
vt -0.300000 -0.628319 0.000000
vt 0.187229 0.000000 0.000000
vt 0.187229 0.300000 0.000000
vt 0.000000 0.300000 0.000000
vt 0.000000 0.000000 0.000000
vt 0.000000 0.157080 0.000000
vt 0.000000 0.078540 0.000000
vt 0.000000 0.000000 0.000000
vt 0.000000 -0.078540 0.000000
vt 0.000000 -0.157080 0.000000
vt 0.300000 -0.157080 0.000000
vt 0.300000 -0.078540 0.000000
vt 0.300000 0.000000 0.000000
vt 0.300000 0.078540 0.000000
vt 0.300000 0.157080 0.000000
vt 0.200000 0.300000 0.000000
vt 0.200000 0.000000 0.000000
vt 0.400000 0.000000 0.000000
vt 0.400000 0.300000 0.000000
vt 0.091924 0.000000 0.000000
vt 0.091924 0.088704 0.000000
vt 0.091924 0.177408 0.000000
vt 0.091924 0.266111 0.000000
vt 0.091924 0.354815 0.000000
vt 0.091924 0.443519 0.000000
vt 0.091924 0.532223 0.000000
vt 0.091924 0.620927 0.000000
vt 0.091924 0.709630 0.000000
vt 0.091924 -0.709630 0.000000
vt 0.091924 -0.620927 0.000000
vt 0.091924 -0.532223 0.000000
vt 0.091924 -0.443519 0.000000
vt 0.091924 -0.354815 0.000000
vt 0.091924 -0.266111 0.000000
vt 0.091924 -0.177408 0.000000
vt 0.091924 -0.088704 0.000000
vt -0.091924 0.000000 0.000000
vt -0.091924 -0.115997 0.000000
vt -0.091924 -0.231995 0.000000
vt -0.091924 -0.347992 0.000000
vt -0.091924 -0.463989 0.000000
vt -0.091924 -0.579986 0.000000
vt -0.091924 0.811981 0.000000
vt -0.091924 0.695984 0.000000
vt -0.091924 0.579986 0.000000
vt -0.091924 0.463989 0.000000
vt -0.091924 0.347992 0.000000
vt -0.091924 0.231995 0.000000
vt -0.091924 0.115997 0.000000
vt 0.091924 0.798334 0.000000
vt 0.091924 0.798334 0.000000
vt -0.091924 -0.695984 0.000000
vt -0.091924 -0.695984 0.000000
vt 0.100000 0.549779 0.000000
vt 0.100000 0.465197 0.000000
vt 0.100000 0.380616 0.000000
vt 0.100000 0.296035 0.000000
vt 0.100000 0.211453 0.000000
vt 0.100000 0.126872 0.000000
vt 0.100000 0.042291 0.000000
vt 0.100000 -0.042291 0.000000
vt 0.100000 -0.126872 0.000000
vt 0.100000 -0.211453 0.000000
vt 0.100000 -0.296035 0.000000
vt 0.100000 -0.380616 0.000000
vt 0.100000 -0.465197 0.000000
vt 0.270000 0.000000 0.000000
vt 0.270000 0.084581 0.000000
vt 0.270000 0.169163 0.000000
vt 0.270000 0.253744 0.000000
vt 0.270000 0.338325 0.000000
vt 0.270000 0.422907 0.000000
vt 0.270000 -0.592069 0.000000
vt 0.270000 -0.507488 0.000000
vt 0.270000 -0.422907 0.000000
vt 0.270000 -0.338325 0.000000
vt 0.270000 -0.253744 0.000000
vt 0.270000 -0.169163 0.000000
vt 0.270000 -0.084581 0.000000
vt 0.270000 0.507488 0.000000
vt 0.100000 -0.549779 0.000000
vt 0.100000 -0.549779 0.000000
vt 0.270000 0.507488 0.000000
vt 0.091924 0.000000 0.000000
vt 0.091924 0.088704 0.000000
vt 0.091924 0.177408 0.000000
vt 0.091924 0.266111 0.000000
vt 0.091924 0.354815 0.000000
vt 0.091924 0.443519 0.000000
vt 0.091924 0.532223 0.000000
vt 0.091924 0.620927 0.000000
vt 0.091924 0.709630 0.000000
vt 0.091924 -0.709630 0.000000
vt 0.091924 -0.620927 0.000000
vt 0.091924 -0.532223 0.000000
vt 0.091924 -0.443519 0.000000
vt 0.091924 -0.354815 0.000000
vt 0.091924 -0.266111 0.000000
vt 0.091924 -0.177408 0.000000
vt 0.091924 -0.088704 0.000000
vt -0.091924 0.000000 0.000000
vt -0.091924 -0.115997 0.000000
vt -0.091924 -0.231995 0.000000
vt -0.091924 -0.347992 0.000000
vt -0.091924 -0.463989 0.000000
vt -0.091924 -0.579986 0.000000
vt -0.091924 0.811981 0.000000
vt -0.091924 0.695984 0.000000
vt -0.091924 0.579986 0.000000
vt -0.091924 0.463989 0.000000
vt -0.091924 0.347992 0.000000
vt -0.091924 0.231995 0.000000
vt -0.091924 0.115997 0.000000
vt 0.091924 0.798334 0.000000
vt 0.091924 0.798334 0.000000
vt -0.091924 -0.695984 0.000000
vt -0.091924 -0.695984 0.000000
vt 0.100000 0.549779 0.000000
vt 0.100000 0.465197 0.000000
vt 0.100000 0.380616 0.000000
vt 0.100000 0.296035 0.000000
vt 0.100000 0.211453 0.000000
vt 0.100000 0.126872 0.000000
vt 0.100000 0.042291 0.000000
vt 0.100000 -0.042291 0.000000
vt 0.100000 -0.126872 0.000000
vt 0.100000 -0.211453 0.000000
vt 0.100000 -0.296035 0.000000
vt 0.100000 -0.380616 0.000000
vt 0.100000 -0.465197 0.000000
vt 0.270000 0.000000 0.000000
vt 0.270000 0.084581 0.000000
vt 0.270000 0.169163 0.000000
vt 0.270000 0.253744 0.000000
vt 0.270000 0.338325 0.000000
vt 0.270000 0.422907 0.000000
vt 0.270000 -0.592069 0.000000
vt 0.270000 -0.507488 0.000000
vt 0.270000 -0.422907 0.000000
vt 0.270000 -0.338325 0.000000
vt 0.270000 -0.253744 0.000000
vt 0.270000 -0.169163 0.000000
vt 0.270000 -0.084581 0.000000
vt 0.270000 0.507488 0.000000
vt 0.100000 -0.549779 0.000000
vt 0.100000 -0.549779 0.000000
vt 0.270000 0.507488 0.000000
vt 0.091924 0.000000 0.000000
vt 0.091924 0.088704 0.000000
vt 0.091924 0.177408 0.000000
vt 0.091924 0.266111 0.000000
vt 0.091924 0.354815 0.000000
vt 0.091924 0.443519 0.000000
vt 0.091924 0.532223 0.000000
vt 0.091924 0.620927 0.000000
vt 0.091924 0.709630 0.000000
vt 0.091924 -0.709630 0.000000
vt 0.091924 -0.620927 0.000000
vt 0.091924 -0.532223 0.000000
vt 0.091924 -0.443519 0.000000
vt 0.091924 -0.354815 0.000000
vt 0.091924 -0.266111 0.000000
vt 0.091924 -0.177408 0.000000
vt 0.091924 -0.088704 0.000000
vt -0.091924 0.000000 0.000000
vt -0.091924 -0.115997 0.000000
vt -0.091924 -0.231995 0.000000
vt -0.091924 -0.347992 0.000000
vt -0.091924 -0.463989 0.000000
vt -0.091924 -0.579986 0.000000
vt -0.091924 0.811981 0.000000
vt -0.091924 0.695984 0.000000
vt -0.091924 0.579986 0.000000
vt -0.091924 0.463989 0.000000
vt -0.091924 0.347992 0.000000
vt -0.091924 0.231995 0.000000
vt -0.091924 0.115997 0.000000
vt 0.091924 0.798334 0.000000
vt 0.091924 0.798334 0.000000
vt -0.091924 -0.695984 0.000000
vt -0.091924 -0.695984 0.000000
vt 0.100000 0.549779 0.000000
vt 0.100000 0.465197 0.000000
vt 0.100000 0.380616 0.000000
vt 0.100000 0.296035 0.000000
vt 0.100000 0.211453 0.000000
vt 0.100000 0.126872 0.000000
vt 0.100000 0.042291 0.000000
vt 0.100000 -0.042291 0.000000
vt 0.100000 -0.126872 0.000000
vt 0.100000 -0.211453 0.000000
vt 0.100000 -0.296035 0.000000
vt 0.100000 -0.380616 0.000000
vt 0.100000 -0.465197 0.000000
vt 0.270000 0.000000 0.000000
vt 0.270000 0.084581 0.000000
vt 0.270000 0.169163 0.000000
vt 0.270000 0.253744 0.000000
vt 0.270000 0.338325 0.000000
vt 0.270000 0.422907 0.000000
vt 0.270000 -0.592069 0.000000
vt 0.270000 -0.507488 0.000000
vt 0.270000 -0.422907 0.000000
vt 0.270000 -0.338325 0.000000
vt 0.270000 -0.253744 0.000000
vt 0.270000 -0.169163 0.000000
vt 0.270000 -0.084581 0.000000
vt 0.270000 0.507488 0.000000
vt 0.100000 -0.549779 0.000000
vt 0.100000 -0.549779 0.000000
vt 0.270000 0.507488 0.000000
vt 0.091924 0.000000 0.000000
vt 0.091924 0.088704 0.000000
vt 0.091924 0.177408 0.000000
vt 0.091924 0.266111 0.000000
vt 0.091924 0.354815 0.000000
vt 0.091924 0.443519 0.000000
vt 0.091924 0.532223 0.000000
vt 0.091924 0.620927 0.000000
vt 0.091924 0.709630 0.000000
vt 0.091924 -0.709630 0.000000
vt 0.091924 -0.620927 0.000000
vt 0.091924 -0.532223 0.000000
vt 0.091924 -0.443519 0.000000
vt 0.091924 -0.354815 0.000000
vt 0.091924 -0.266111 0.000000
vt 0.091924 -0.177408 0.000000
vt 0.091924 -0.088704 0.000000
vt -0.091924 0.000000 0.000000
vt -0.091924 -0.115997 0.000000
vt -0.091924 -0.231995 0.000000
vt -0.091924 -0.347992 0.000000
vt -0.091924 -0.463989 0.000000
vt -0.091924 -0.579986 0.000000
vt -0.091924 0.811981 0.000000
vt -0.091924 0.695984 0.000000
vt -0.091924 0.579986 0.000000
vt -0.091924 0.463989 0.000000
vt -0.091924 0.347992 0.000000
vt -0.091924 0.231995 0.000000
vt -0.091924 0.115997 0.000000
vt 0.091924 0.798334 0.000000
vt 0.091924 0.798334 0.000000
vt -0.091924 -0.695984 0.000000
vt -0.091924 -0.695984 0.000000
vt 0.100000 0.549779 0.000000
vt 0.100000 0.465197 0.000000
vt 0.100000 0.380616 0.000000
vt 0.100000 0.296035 0.000000
vt 0.100000 0.211453 0.000000
vt 0.100000 0.126872 0.000000
vt 0.100000 0.042291 0.000000
vt 0.100000 -0.042291 0.000000
vt 0.100000 -0.126872 0.000000
vt 0.100000 -0.211453 0.000000
vt 0.100000 -0.296035 0.000000
vt 0.100000 -0.380616 0.000000
vt 0.100000 -0.465197 0.000000
vt 0.270000 0.000000 0.000000
vt 0.270000 0.084581 0.000000
vt 0.270000 0.169163 0.000000
vt 0.270000 0.253744 0.000000
vt 0.270000 0.338325 0.000000
vt 0.270000 0.422907 0.000000
vt 0.270000 -0.592069 0.000000
vt 0.270000 -0.507488 0.000000
vt 0.270000 -0.422907 0.000000
vt 0.270000 -0.338325 0.000000
vt 0.270000 -0.253744 0.000000
vt 0.270000 -0.169163 0.000000
vt 0.270000 -0.084581 0.000000
vt 0.270000 0.507488 0.000000
vt 0.100000 -0.549779 0.000000
vt 0.100000 -0.549779 0.000000
vt 0.270000 0.507488 0.000000
vt 0.123744 0.000000 0.000000
vt 0.123744 0.095075 0.000000
vt 0.123744 0.190149 0.000000
vt 0.123744 0.285224 0.000000
vt 0.123744 0.380298 0.000000
vt 0.123744 0.475373 0.000000
vt 0.123744 0.570447 0.000000
vt 0.123744 0.665522 0.000000
vt 0.123744 0.760596 0.000000
vt 0.123744 -0.950745 0.000000
vt 0.123744 -0.855671 0.000000
vt 0.123744 -0.760596 0.000000
vt 0.123744 -0.665522 0.000000
vt 0.123744 -0.570447 0.000000
vt 0.123744 -0.475373 0.000000
vt 0.123744 -0.380298 0.000000
vt 0.123744 -0.285224 0.000000
vt 0.123744 -0.190149 0.000000
vt 0.123744 -0.095075 0.000000
vt -0.123744 0.000000 0.000000
vt -0.123744 -0.129030 0.000000
vt -0.123744 -0.258059 0.000000
vt -0.123744 -0.387089 0.000000
vt -0.123744 -0.516119 0.000000
vt -0.123744 -0.645148 0.000000
vt -0.123744 -0.774178 0.000000
vt -0.123744 0.903208 0.000000
vt -0.123744 0.774178 0.000000
vt -0.123744 0.645148 0.000000
vt -0.123744 0.516119 0.000000
vt -0.123744 0.387089 0.000000
vt -0.123744 0.258059 0.000000
vt -0.123744 0.129030 0.000000
vt 0.123744 0.855671 0.000000
vt 0.123744 0.855671 0.000000
vt -0.123744 -0.903208 0.000000
vt -0.123744 -0.903208 0.000000
vt 0.100000 0.628319 0.000000
vt 0.100000 0.538559 0.000000
vt 0.100000 0.448799 0.000000
vt 0.100000 0.359039 0.000000
vt 0.100000 0.269279 0.000000
vt 0.100000 0.179520 0.000000
vt 0.100000 0.089760 0.000000
vt 0.100000 0.000000 0.000000
vt 0.100000 -0.089760 0.000000
vt 0.100000 -0.179520 0.000000
vt 0.100000 -0.269279 0.000000
vt 0.100000 -0.359039 0.000000
vt 0.100000 -0.448799 0.000000
vt 0.100000 -0.538559 0.000000
vt 0.225000 0.000000 0.000000
vt 0.225000 0.089760 0.000000
vt 0.225000 0.179520 0.000000
vt 0.225000 0.269279 0.000000
vt 0.225000 0.359039 0.000000
vt 0.225000 0.448799 0.000000
vt 0.225000 0.538559 0.000000
vt 0.225000 -0.628319 0.000000
vt 0.225000 -0.538559 0.000000
vt 0.225000 -0.448799 0.000000
vt 0.225000 -0.359039 0.000000
vt 0.225000 -0.269279 0.000000
vt 0.225000 -0.179520 0.000000
vt 0.225000 -0.089760 0.000000
vt 0.225000 0.628319 0.000000
vt 0.100000 -0.628319 0.000000
vt 0.123744 0.000000 0.000000
vt 0.123744 0.095075 0.000000
vt 0.123744 0.190149 0.000000
vt 0.123744 0.285224 0.000000
vt 0.123744 0.380298 0.000000
vt 0.123744 0.475373 0.000000
vt 0.123744 0.570447 0.000000
vt 0.123744 0.665522 0.000000
vt 0.123744 0.760596 0.000000
vt 0.123744 -0.950745 0.000000
vt 0.123744 -0.855671 0.000000
vt 0.123744 -0.760596 0.000000
vt 0.123744 -0.665522 0.000000
vt 0.123744 -0.570447 0.000000
vt 0.123744 -0.475373 0.000000
vt 0.123744 -0.380298 0.000000
vt 0.123744 -0.285224 0.000000
vt 0.123744 -0.190149 0.000000
vt 0.123744 -0.095075 0.000000
vt -0.123744 0.000000 0.000000
vt -0.123744 -0.129030 0.000000
vt -0.123744 -0.258059 0.000000
vt -0.123744 -0.387089 0.000000
vt -0.123744 -0.516119 0.000000
vt -0.123744 -0.645148 0.000000
vt -0.123744 -0.774178 0.000000
vt -0.123744 0.903208 0.000000
vt -0.123744 0.774178 0.000000
vt -0.123744 0.645148 0.000000
vt -0.123744 0.516119 0.000000
vt -0.123744 0.387089 0.000000
vt -0.123744 0.258059 0.000000
vt -0.123744 0.129030 0.000000
vt 0.123744 0.855671 0.000000
vt 0.123744 0.855671 0.000000
vt -0.123744 -0.903208 0.000000
vt -0.123744 -0.903208 0.000000
vt 0.100000 0.628319 0.000000
vt 0.100000 0.538559 0.000000
vt 0.100000 0.448799 0.000000
vt 0.100000 0.359039 0.000000
vt 0.100000 0.269279 0.000000
vt 0.100000 0.179520 0.000000
vt 0.100000 0.089760 0.000000
vt 0.100000 0.000000 0.000000
vt 0.100000 -0.089760 0.000000
vt 0.100000 -0.179520 0.000000
vt 0.100000 -0.269279 0.000000
vt 0.100000 -0.359039 0.000000
vt 0.100000 -0.448799 0.000000
vt 0.100000 -0.538559 0.000000
vt 0.225000 0.000000 0.000000
vt 0.225000 0.089760 0.000000
vt 0.225000 0.179520 0.000000
vt 0.225000 0.269279 0.000000
vt 0.225000 0.359039 0.000000
vt 0.225000 0.448799 0.000000
vt 0.225000 0.538559 0.000000
vt 0.225000 -0.628319 0.000000
vt 0.225000 -0.538559 0.000000
vt 0.225000 -0.448799 0.000000
vt 0.225000 -0.359039 0.000000
vt 0.225000 -0.269279 0.000000
vt 0.225000 -0.179520 0.000000
vt 0.225000 -0.089760 0.000000
vt 0.225000 0.628319 0.000000
vt 0.100000 -0.628319 0.000000
vt 0.123744 0.000000 0.000000
vt 0.123744 0.095075 0.000000
vt 0.123744 0.190149 0.000000
vt 0.123744 0.285224 0.000000
vt 0.123744 0.380298 0.000000
vt 0.123744 0.475373 0.000000
vt 0.123744 0.570447 0.000000
vt 0.123744 0.665522 0.000000
vt 0.123744 0.760596 0.000000
vt 0.123744 -0.950745 0.000000
vt 0.123744 -0.855671 0.000000
vt 0.123744 -0.760596 0.000000
vt 0.123744 -0.665522 0.000000
vt 0.123744 -0.570447 0.000000
vt 0.123744 -0.475373 0.000000
vt 0.123744 -0.380298 0.000000
vt 0.123744 -0.285224 0.000000
vt 0.123744 -0.190149 0.000000
vt 0.123744 -0.095075 0.000000
vt -0.123744 0.000000 0.000000
vt -0.123744 -0.129030 0.000000
vt -0.123744 -0.258059 0.000000
vt -0.123744 -0.387089 0.000000
vt -0.123744 -0.516119 0.000000
vt -0.123744 -0.645148 0.000000
vt -0.123744 -0.774178 0.000000
vt -0.123744 0.903208 0.000000
vt -0.123744 0.774178 0.000000
vt -0.123744 0.645148 0.000000
vt -0.123744 0.516119 0.000000
vt -0.123744 0.387089 0.000000
vt -0.123744 0.258059 0.000000
vt -0.123744 0.129030 0.000000
vt 0.123744 0.855671 0.000000
vt 0.123744 0.855671 0.000000
vt -0.123744 -0.903208 0.000000
vt -0.123744 -0.903208 0.000000
vt 0.100000 0.628319 0.000000
vt 0.100000 0.538559 0.000000
vt 0.100000 0.448799 0.000000
vt 0.100000 0.359039 0.000000
vt 0.100000 0.269279 0.000000
vt 0.100000 0.179520 0.000000
vt 0.100000 0.089760 0.000000
vt 0.100000 0.000000 0.000000
vt 0.100000 -0.089760 0.000000
vt 0.100000 -0.179520 0.000000
vt 0.100000 -0.269279 0.000000
vt 0.100000 -0.359039 0.000000
vt 0.100000 -0.448799 0.000000
vt 0.100000 -0.538559 0.000000
vt 0.225000 0.000000 0.000000
vt 0.225000 0.089760 0.000000
vt 0.225000 0.179520 0.000000
vt 0.225000 0.269279 0.000000
vt 0.225000 0.359039 0.000000
vt 0.225000 0.448799 0.000000
vt 0.225000 0.538559 0.000000
vt 0.225000 -0.628319 0.000000
vt 0.225000 -0.538559 0.000000
vt 0.225000 -0.448799 0.000000
vt 0.225000 -0.359039 0.000000
vt 0.225000 -0.269279 0.000000
vt 0.225000 -0.179520 0.000000
vt 0.225000 -0.089760 0.000000
vt 0.225000 0.628319 0.000000
vt 0.100000 -0.628319 0.000000
vt 0.123744 0.000000 0.000000
vt 0.123744 0.095075 0.000000
vt 0.123744 0.190149 0.000000
vt 0.123744 0.285224 0.000000
vt 0.123744 0.380298 0.000000
vt 0.123744 0.475373 0.000000
vt 0.123744 0.570447 0.000000
vt 0.123744 0.665522 0.000000
vt 0.123744 0.760596 0.000000
vt 0.123744 -0.950745 0.000000
vt 0.123744 -0.855671 0.000000
vt 0.123744 -0.760596 0.000000
vt 0.123744 -0.665522 0.000000
vt 0.123744 -0.570447 0.000000
vt 0.123744 -0.475373 0.000000
vt 0.123744 -0.380298 0.000000
vt 0.123744 -0.285224 0.000000
vt 0.123744 -0.190149 0.000000
vt 0.123744 -0.095075 0.000000
vt -0.123744 0.000000 0.000000
vt -0.123744 -0.129030 0.000000
vt -0.123744 -0.258059 0.000000
vt -0.123744 -0.387089 0.000000
vt -0.123744 -0.516119 0.000000
vt -0.123744 -0.645148 0.000000
vt -0.123744 -0.774178 0.000000
vt -0.123744 0.903208 0.000000
vt -0.123744 0.774178 0.000000
vt -0.123744 0.645148 0.000000
vt -0.123744 0.516119 0.000000
vt -0.123744 0.387089 0.000000
vt -0.123744 0.258059 0.000000
vt -0.123744 0.129030 0.000000
vt 0.123744 0.855671 0.000000
vt 0.123744 0.855671 0.000000
vt -0.123744 -0.903208 0.000000
vt -0.123744 -0.903208 0.000000
vt 0.100000 0.628319 0.000000
vt 0.100000 0.538559 0.000000
vt 0.100000 0.448799 0.000000
vt 0.100000 0.359039 0.000000
vt 0.100000 0.269279 0.000000
vt 0.100000 0.179520 0.000000
vt 0.100000 0.089760 0.000000
vt 0.100000 0.000000 0.000000
vt 0.100000 -0.089760 0.000000
vt 0.100000 -0.179520 0.000000
vt 0.100000 -0.269279 0.000000
vt 0.100000 -0.359039 0.000000
vt 0.100000 -0.448799 0.000000
vt 0.100000 -0.538559 0.000000
vt 0.225000 0.000000 0.000000
vt 0.225000 0.089760 0.000000
vt 0.225000 0.179520 0.000000
vt 0.225000 0.269279 0.000000
vt 0.225000 0.359039 0.000000
vt 0.225000 0.448799 0.000000
vt 0.225000 0.538559 0.000000
vt 0.225000 -0.628319 0.000000
vt 0.225000 -0.538559 0.000000
vt 0.225000 -0.448799 0.000000
vt 0.225000 -0.359039 0.000000
vt 0.225000 -0.269279 0.000000
vt 0.225000 -0.179520 0.000000
vt 0.225000 -0.089760 0.000000
vt 0.225000 0.628319 0.000000
vt 0.100000 -0.628319 0.000000
vt 0.000000 0.192274 0.000000
vt 0.000000 0.064091 0.000000
vt 0.000000 -0.064091 0.000000
vt 0.000000 -0.192274 0.000000
vt 0.308941 -0.192274 0.000000
vt 0.318146 -0.111624 0.000000
vt 0.300000 -0.031278 0.000000
vt 0.300000 0.043239 0.000000
vt 0.300000 0.117757 0.000000
vt 0.300000 0.192274 0.000000
vt 0.230801 0.000000 0.000000
vt 0.230801 0.300000 0.000000
vt 0.230865 0.300000 0.000000
vt 0.230930 0.300000 0.000000
vt 0.230995 0.300000 0.000000
vt 0.202348 0.308941 0.000000
vt 0.202348 0.000000 0.000000
vt 0.000000 -0.054008 0.000000
vt 0.350286 -0.054008 0.000000
vt 0.300000 0.022922 0.000000
vt 0.300000 0.082089 0.000000
vt 0.300000 0.141257 0.000000
vt 0.300000 0.200425 0.000000
vt 0.000000 0.200425 0.000000
vt 0.000000 0.115614 0.000000
vt 0.000000 0.030803 0.000000
vt 0.000000 0.192274 0.000000
vt 0.000000 0.064091 0.000000
vt 0.000000 -0.064091 0.000000
vt 0.000000 -0.192274 0.000000
vt 0.300000 -0.192274 0.000000
vt 0.300000 -0.064091 0.000000
vt 0.300000 0.064091 0.000000
vt 0.300000 0.192274 0.000000
vt 0.398757 0.000000 0.000000
vt 0.398757 0.300000 0.000000
vt 0.202348 0.300000 0.000000
vt 0.202348 0.000000 0.000000
vt 0.000000 0.392699 0.000000
vt 0.000000 0.261799 0.000000
vt 0.000000 0.130900 0.000000
vt 0.000000 0.000000 0.000000
vt 0.000000 -0.130900 0.000000
vt 0.000000 -0.261799 0.000000
vt 0.000000 -0.392699 0.000000
vt 0.300000 -0.392699 0.000000
vt 0.300000 -0.261799 0.000000
vt 0.300000 -0.130900 0.000000
vt 0.300000 0.000000 0.000000
vt 0.300000 0.130900 0.000000
vt 0.300000 0.261799 0.000000
vt 0.300000 0.392699 0.000000
vt 0.500000 0.300000 0.000000
vt 0.500000 0.000000 0.000000
vt 2.227273 0.000000 0.000000
vt 2.227273 0.300000 0.000000
vt 0.000000 0.392699 0.000000
vt 0.000000 0.261799 0.000000
vt 0.000000 0.130900 0.000000
vt 0.000000 0.000000 0.000000
vt 0.000000 -0.130900 0.000000
vt 0.000000 -0.261799 0.000000
vt 0.000000 -0.392699 0.000000
vt 0.300000 -0.392699 0.000000
vt 0.300000 -0.261799 0.000000
vt 0.300000 -0.130900 0.000000
vt 0.300000 0.000000 0.000000
vt 0.300000 0.130900 0.000000
vt 0.300000 0.261799 0.000000
vt 0.300000 0.392699 0.000000
vt 0.500000 0.300000 0.000000
vt 0.500000 0.000000 0.000000
vt 2.227273 0.000000 0.000000
vt 2.227273 0.300000 0.000000
vt 0.000000 0.392699 0.000000
vt 0.000000 0.261799 0.000000
vt 0.000000 0.130900 0.000000
vt 0.000000 0.000000 0.000000
vt 0.000000 -0.130900 0.000000
vt 0.000000 -0.261799 0.000000
vt 0.000000 -0.392699 0.000000
vt 0.300000 -0.392699 0.000000
vt 0.300000 -0.261799 0.000000
vt 0.300000 -0.130900 0.000000
vt 0.300000 0.000000 0.000000
vt 0.300000 0.130900 0.000000
vt 0.300000 0.261799 0.000000
vt 0.300000 0.392699 0.000000
vt 4.500000 0.000000 0.000000
vt 4.500000 0.300000 0.000000
vt 0.500000 0.300000 0.000000
vt 0.500000 0.000000 0.000000
vt 0.000000 0.192274 0.000000
vt 0.000000 0.064091 0.000000
vt 0.000000 -0.064091 0.000000
vt 0.000000 -0.192274 0.000000
vt 0.300000 -0.192274 0.000000
vt 0.300000 -0.117757 0.000000
vt 0.300000 -0.043239 0.000000
vt 0.300000 0.031278 0.000000
vt 0.318139 0.111627 0.000000
vt 0.308941 0.192274 0.000000
vt 0.202348 0.300000 0.000000
vt 0.202348 0.000000 0.000000
vt 2.097652 0.000000 0.000000
vt 2.097652 0.300000 0.000000
vt 0.350286 0.054008 0.000000
vt 0.000000 0.054008 0.000000
vt 0.000000 -0.030803 0.000000
vt 0.000000 -0.115614 0.000000
vt 0.000000 -0.200425 0.000000
vt 0.300000 -0.200425 0.000000
vt 0.300000 -0.141257 0.000000
vt 0.300000 -0.082089 0.000000
vt 0.300000 -0.022922 0.000000
vt 0.211898 0.300000 0.000000
vt 0.211898 0.000000 0.000000
vt 0.408308 0.000000 0.000000
vt 0.408308 0.300000 0.000000
vt 0.000000 0.192274 0.000000
vt 0.000000 0.064091 0.000000
vt 0.000000 -0.064091 0.000000
vt 0.000000 -0.192274 0.000000
vt 0.300000 -0.192274 0.000000
vt 0.300000 -0.064091 0.000000
vt 0.300000 0.064091 0.000000
vt 0.300000 0.192274 0.000000
vt 0.597583 0.000000 0.000000
vt 0.597583 0.300000 0.000000
vt 0.202348 0.300000 0.000000
vt 0.202348 0.000000 0.000000
vt 0.000000 0.192274 0.000000
vt 0.000000 0.064091 0.000000
vt 0.000000 -0.064091 0.000000
vt 0.000000 -0.192274 0.000000
vt 0.308941 -0.192274 0.000000
vt 0.318146 -0.111624 0.000000
vt 0.300000 -0.031278 0.000000
vt 0.300000 0.043239 0.000000
vt 0.300000 0.117757 0.000000
vt 0.300000 0.192274 0.000000
vt 0.230801 0.000000 0.000000
vt 0.230801 0.300000 0.000000
vt 0.230865 0.300000 0.000000
vt 0.230930 0.300000 0.000000
vt 0.230995 0.300000 0.000000
vt 0.202348 0.308941 0.000000
vt 0.202348 0.000000 0.000000
vt 0.000000 -0.054008 0.000000
vt 0.350286 -0.054008 0.000000
vt 0.300000 0.022922 0.000000
vt 0.300000 0.082089 0.000000
vt 0.300000 0.141257 0.000000
vt 0.300000 0.200425 0.000000
vt 0.000000 0.200425 0.000000
vt 0.000000 0.115614 0.000000
vt 0.000000 0.030803 0.000000
vt 0.000000 0.192274 0.000000
vt 0.000000 0.064091 0.000000
vt 0.000000 -0.064091 0.000000
vt 0.000000 -0.192274 0.000000
vt 0.300000 -0.192274 0.000000
vt 0.300000 -0.064091 0.000000
vt 0.300000 0.064091 0.000000
vt 0.300000 0.192274 0.000000
vt 0.398757 0.000000 0.000000
vt 0.398757 0.300000 0.000000
vt 0.202348 0.300000 0.000000
vt 0.202348 0.000000 0.000000
vt 0.000000 0.392699 0.000000
vt 0.000000 0.261799 0.000000
vt 0.000000 0.130900 0.000000
vt 0.000000 0.000000 0.000000
vt 0.000000 -0.130900 0.000000
vt 0.000000 -0.261799 0.000000
vt 0.000000 -0.392699 0.000000
vt 0.300000 -0.392699 0.000000
vt 0.300000 -0.261799 0.000000
vt 0.300000 -0.130900 0.000000
vt 0.300000 0.000000 0.000000
vt 0.300000 0.130900 0.000000
vt 0.300000 0.261799 0.000000
vt 0.300000 0.392699 0.000000
vt 4.500000 0.000000 0.000000
vt 4.500000 0.300000 0.000000
vt 0.500000 0.300000 0.000000
vt 0.500000 0.000000 0.000000
vt 0.350286 0.054008 0.000000
vt 0.000000 0.054008 0.000000
vt 0.000000 -0.030803 0.000000
vt 0.000000 -0.115614 0.000000
vt 0.000000 -0.200425 0.000000
vt 0.300000 -0.200425 0.000000
vt 0.300000 -0.141257 0.000000
vt 0.300000 -0.082089 0.000000
vt 0.300000 -0.022922 0.000000
vt 0.211898 0.300000 0.000000
vt 0.211898 0.000000 0.000000
vt 0.408308 0.000000 0.000000
vt 0.408308 0.300000 0.000000
vt 0.000000 0.192274 0.000000
vt 0.000000 0.064091 0.000000
vt 0.000000 -0.064091 0.000000
vt 0.000000 -0.192274 0.000000
vt 0.300000 -0.192274 0.000000
vt 0.300000 -0.064091 0.000000
vt 0.300000 0.064091 0.000000
vt 0.300000 0.192274 0.000000
vt 0.000000 0.192274 0.000000
vt 0.000000 0.064091 0.000000
vt 0.000000 -0.064091 0.000000
vt 0.000000 -0.192274 0.000000
vt 0.300000 -0.192274 0.000000
vt 0.300000 -0.117757 0.000000
vt 0.300000 -0.043239 0.000000
vt 0.300000 0.031278 0.000000
vt 0.318139 0.111627 0.000000
vt 0.308941 0.192274 0.000000
vt 2.097652 0.000000 0.000000
vt 2.097652 0.300000 0.000000
vt 0.202348 0.300000 0.000000
vt 0.202348 0.000000 0.000000
vt 0.036886 0.300000 0.000000
vt 0.036886 0.000000 0.000000
vt 0.250000 0.000000 0.000000
vt 0.250000 0.300000 0.000000
vt 0.400000 0.000000 0.000000
vt 0.400000 0.300000 0.000000
vt 0.000000 0.300000 0.000000
vt 0.000000 0.000000 0.000000
vt -0.300000 0.026123 0.000000
vt -0.000000 0.026123 0.000000
vt -0.000000 0.119962 0.000000
vt -0.000000 0.213800 0.000000
vt -0.000000 0.307638 0.000000
vt -0.300000 0.307638 0.000000
vt -0.300000 0.213800 0.000000
vt -0.300000 0.119962 0.000000
vt -0.000000 0.000000 0.000000
vt -0.000000 0.128520 0.000000
vt -0.000000 0.257039 0.000000
vt -0.000000 0.385559 0.000000
vt -0.000000 0.514079 0.000000
vt -0.000000 0.642598 0.000000
vt -0.000000 0.771118 0.000000
vt -0.000000 0.899638 0.000000
vt -0.000000 1.028157 0.000000
vt -0.000000 1.156677 0.000000
vt -0.000000 1.285197 0.000000
vt -0.000000 1.413717 0.000000
vt -0.300000 1.413717 0.000000
vt -0.300000 1.285197 0.000000
vt -0.300000 1.156677 0.000000
vt -0.300000 1.028157 0.000000
vt -0.300000 0.899638 0.000000
vt -0.300000 0.771118 0.000000
vt -0.300000 0.642598 0.000000
vt -0.300000 0.514079 0.000000
vt -0.300000 0.385559 0.000000
vt -0.300000 0.257039 0.000000
vt -0.300000 0.128520 0.000000
vt -0.300000 0.000000 0.000000
vt 0.200000 0.000000 0.000000
vt 0.200000 0.300000 0.000000
vt 0.000000 0.300000 0.000000
vt 0.000000 0.000000 0.000000
vt -0.000000 0.000000 0.000000
vt -0.000000 0.128520 0.000000
vt -0.000000 0.257039 0.000000
vt -0.000000 0.385559 0.000000
vt -0.000000 0.514079 0.000000
vt -0.000000 0.642598 0.000000
vt -0.000000 0.771118 0.000000
vt -0.000000 0.899638 0.000000
vt -0.000000 1.028157 0.000000
vt -0.000000 1.156677 0.000000
vt -0.000000 1.285197 0.000000
vt -0.000000 1.413717 0.000000
vt -0.300000 1.413717 0.000000
vt -0.300000 1.285197 0.000000
vt -0.300000 1.156677 0.000000
vt -0.300000 1.028157 0.000000
vt -0.300000 0.899638 0.000000
vt -0.300000 0.771118 0.000000
vt -0.300000 0.642598 0.000000
vt -0.300000 0.514079 0.000000
vt -0.300000 0.385559 0.000000
vt -0.300000 0.257039 0.000000
vt -0.300000 0.128520 0.000000
vt -0.300000 0.000000 0.000000
vt -0.000000 0.281515 0.000000
vt -0.300000 0.281515 0.000000
vt -0.300000 0.187676 0.000000
vt -0.300000 0.093838 0.000000
vt -0.300000 0.000000 0.000000
vt -0.000000 0.000000 0.000000
vt -0.000000 0.093838 0.000000
vt -0.000000 0.187676 0.000000
vt 0.100000 0.300000 0.000000
vt 0.100000 0.000000 0.000000
vt 0.500000 0.000000 0.000000
vt 0.500000 0.300000 0.000000
vt -0.000000 0.000000 0.000000
vt -0.000000 0.109956 0.000000
vt -0.000000 0.219911 0.000000
vt -0.000000 0.329867 0.000000
vt -0.000000 0.439823 0.000000
vt -0.000000 0.549779 0.000000
vt -0.000000 0.659734 0.000000
vt -0.000000 0.769690 0.000000
vt -0.000000 0.879646 0.000000
vt -0.000000 0.989602 0.000000
vt -0.000000 1.099557 0.000000
vt -0.300000 1.099557 0.000000
vt -0.300000 0.989602 0.000000
vt -0.300000 0.879646 0.000000
vt -0.300000 0.769690 0.000000
vt -0.300000 0.659734 0.000000
vt -0.300000 0.549779 0.000000
vt -0.300000 0.439823 0.000000
vt -0.300000 0.329867 0.000000
vt -0.300000 0.219911 0.000000
vt -0.300000 0.109956 0.000000
vt -0.300000 0.000000 0.000000
vt 0.200000 0.000000 0.000000
vt 0.200000 0.300000 0.000000
vt 0.000000 0.300000 0.000000
vt 0.000000 0.000000 0.000000
vt -0.000000 0.000000 0.000000
vt -0.000000 0.109956 0.000000
vt -0.000000 0.219911 0.000000
vt -0.000000 0.329867 0.000000
vt -0.000000 0.439823 0.000000
vt -0.000000 0.549779 0.000000
vt -0.000000 0.659734 0.000000
vt -0.000000 0.769690 0.000000
vt -0.000000 0.879646 0.000000
vt -0.000000 0.989602 0.000000
vt -0.000000 1.099557 0.000000
vt -0.300000 1.099557 0.000000
vt -0.300000 0.989602 0.000000
vt -0.300000 0.879646 0.000000
vt -0.300000 0.769690 0.000000
vt -0.300000 0.659734 0.000000
vt -0.300000 0.549779 0.000000
vt -0.300000 0.439823 0.000000
vt -0.300000 0.329867 0.000000
vt -0.300000 0.219911 0.000000
vt -0.300000 0.109956 0.000000
vt -0.300000 0.000000 0.000000
vt 0.100000 0.300000 0.000000
vt 0.100000 0.000000 0.000000
vt 0.495235 0.000000 0.000000
vt 0.495235 0.300000 0.000000
vt -0.300000 0.026123 0.000000
vt -0.000000 0.026123 0.000000
vt -0.000000 0.119962 0.000000
vt -0.000000 0.213800 0.000000
vt -0.000000 0.307638 0.000000
vt -0.300000 0.307638 0.000000
vt -0.300000 0.213800 0.000000
vt -0.300000 0.119962 0.000000
vt -0.000000 0.000000 0.000000
vt -0.000000 0.128520 0.000000
vt -0.000000 0.257039 0.000000
vt -0.000000 0.385559 0.000000
vt -0.000000 0.514079 0.000000
vt -0.000000 0.642598 0.000000
vt -0.000000 0.771118 0.000000
vt -0.000000 0.899638 0.000000
vt -0.000000 1.028157 0.000000
vt -0.000000 1.156677 0.000000
vt -0.000000 1.285197 0.000000
vt -0.000000 1.413717 0.000000
vt -0.300000 1.413717 0.000000
vt -0.300000 1.285197 0.000000
vt -0.300000 1.156677 0.000000
vt -0.300000 1.028157 0.000000
vt -0.300000 0.899638 0.000000
vt -0.300000 0.771118 0.000000
vt -0.300000 0.642598 0.000000
vt -0.300000 0.514079 0.000000
vt -0.300000 0.385559 0.000000
vt -0.300000 0.257039 0.000000
vt -0.300000 0.128520 0.000000
vt -0.300000 0.000000 0.000000
vt 0.200000 0.000000 0.000000
vt 0.200000 0.300000 0.000000
vt 0.000000 0.300000 0.000000
vt 0.000000 0.000000 0.000000
vt -0.000000 0.000000 0.000000
vt -0.000000 0.128520 0.000000
vt -0.000000 0.257039 0.000000
vt -0.000000 0.385559 0.000000
vt -0.000000 0.514079 0.000000
vt -0.000000 0.642598 0.000000
vt -0.000000 0.771118 0.000000
vt -0.000000 0.899638 0.000000
vt -0.000000 1.028157 0.000000
vt -0.000000 1.156677 0.000000
vt -0.000000 1.285197 0.000000
vt -0.000000 1.413717 0.000000
vt -0.300000 1.413717 0.000000
vt -0.300000 1.285197 0.000000
vt -0.300000 1.156677 0.000000
vt -0.300000 1.028157 0.000000
vt -0.300000 0.899638 0.000000
vt -0.300000 0.771118 0.000000
vt -0.300000 0.642598 0.000000
vt -0.300000 0.514079 0.000000
vt -0.300000 0.385559 0.000000
vt -0.300000 0.257039 0.000000
vt -0.300000 0.128520 0.000000
vt -0.300000 0.000000 0.000000
vt -0.000000 0.281515 0.000000
vt -0.300000 0.281515 0.000000
vt -0.300000 0.187676 0.000000
vt -0.300000 0.093838 0.000000
vt -0.300000 0.000000 0.000000
vt -0.000000 0.000000 0.000000
vt -0.000000 0.093838 0.000000
vt -0.000000 0.187676 0.000000
vt 0.100000 0.300000 0.000000
vt 0.100000 0.000000 0.000000
vt 0.500000 0.000000 0.000000
vt 0.500000 0.300000 0.000000
vt -0.000000 0.000000 0.000000
vt -0.000000 0.109956 0.000000
vt -0.000000 0.219911 0.000000
vt -0.000000 0.329867 0.000000
vt -0.000000 0.439823 0.000000
vt -0.000000 0.549779 0.000000
vt -0.000000 0.659734 0.000000
vt -0.000000 0.769690 0.000000
vt -0.000000 0.879646 0.000000
vt -0.000000 0.989602 0.000000
vt -0.000000 1.099557 0.000000
vt -0.300000 1.099557 0.000000
vt -0.300000 0.989602 0.000000
vt -0.300000 0.879646 0.000000
vt -0.300000 0.769690 0.000000
vt -0.300000 0.659734 0.000000
vt -0.300000 0.549779 0.000000
vt -0.300000 0.439823 0.000000
vt -0.300000 0.329867 0.000000
vt -0.300000 0.219911 0.000000
vt -0.300000 0.109956 0.000000
vt -0.300000 0.000000 0.000000
vt 0.200000 0.000000 0.000000
vt 0.200000 0.300000 0.000000
vt 0.000000 0.300000 0.000000
vt 0.000000 0.000000 0.000000
vt -0.000000 0.000000 0.000000
vt -0.000000 0.109956 0.000000
vt -0.000000 0.219911 0.000000
vt -0.000000 0.329867 0.000000
vt -0.000000 0.439823 0.000000
vt -0.000000 0.549779 0.000000
vt -0.000000 0.659734 0.000000
vt -0.000000 0.769690 0.000000
vt -0.000000 0.879646 0.000000
vt -0.000000 0.989602 0.000000
vt -0.000000 1.099557 0.000000
vt -0.300000 1.099557 0.000000
vt -0.300000 0.989602 0.000000
vt -0.300000 0.879646 0.000000
vt -0.300000 0.769690 0.000000
vt -0.300000 0.659734 0.000000
vt -0.300000 0.549779 0.000000
vt -0.300000 0.439823 0.000000
vt -0.300000 0.329867 0.000000
vt -0.300000 0.219911 0.000000
vt -0.300000 0.109956 0.000000
vt -0.300000 0.000000 0.000000
vt 0.100000 0.300000 0.000000
vt 0.100000 0.000000 0.000000
vt 0.495235 0.000000 0.000000
vt 0.495235 0.300000 0.000000
vt -1.817543 -2.750000 0.000000
vt -1.658771 -2.475000 0.000000
vt -1.341229 -2.475000 0.000000
vt -1.182457 -2.750000 0.000000
vt -1.341229 -3.025000 0.000000
vt -1.658771 -3.025000 0.000000
vt -1.658771 2.475000 0.000000
vt -1.817543 2.750000 0.000000
vt -1.658771 3.025000 0.000000
vt -1.341229 3.025000 0.000000
vt -1.182457 2.750000 0.000000
vt -1.341229 2.475000 0.000000
vt 1.658771 -2.475000 0.000000
vt 1.817543 -2.750000 0.000000
vt 1.658771 -3.025000 0.000000
vt 1.341229 -3.025000 0.000000
vt 1.182457 -2.750000 0.000000
vt 1.341229 -2.475000 0.000000
vt 1.817543 2.750000 0.000000
vt 1.658771 2.475000 0.000000
vt 1.341229 2.475000 0.000000
vt 1.182457 2.750000 0.000000
vt 1.341229 3.025000 0.000000
vt 1.658771 3.025000 0.000000
vt 3.000000 4.050000 0.000000
vt 2.986603 4.100000 0.000000
vt 2.950000 4.136602 0.000000
vt 2.900000 4.150000 0.000000
vt 2.500000 4.150000 0.000000
vt 2.407020 4.139043 0.000000
vt 2.319134 4.106774 0.000000
vt 2.241156 4.054959 0.000000
vt 2.176054 4.018063 0.000000
vt 2.101947 4.007678 0.000000
vt 2.029210 4.025258 0.000000
vt 1.968026 4.068341 0.000000
vt 1.828040 4.212968 0.000000
vt 1.726769 4.291387 0.000000
vt 1.607507 4.338098 0.000000
vt 1.479915 4.349317 0.000000
vt 1.354332 4.324135 0.000000
vt 1.240930 4.264592 0.000000
vt 1.148897 4.175512 0.000000
vt 1.085689 4.064112 0.000000
vt 1.056426 3.939416 0.000000
vt 1.063480 3.811527 0.000000
vt 1.106278 3.690805 0.000000
vt 1.181353 3.587032 0.000000
vt 1.320451 3.443324 0.000000
vt 1.362741 3.377741 0.000000
vt 1.376716 3.300966 0.000000
vt 1.360246 3.224688 0.000000
vt 1.315840 3.160518 0.000000
vt 1.295395 3.140730 0.000000
vt 1.192931 3.064296 0.000000
vt 1.074435 3.016341 0.000000
vt 0.947652 3.000000 0.000000
vt -0.947652 3.000000 0.000000
vt -1.074435 3.016341 0.000000
vt -1.192931 3.064296 0.000000
vt -1.295395 3.140730 0.000000
vt -1.315840 3.160518 0.000000
vt -1.360246 3.224688 0.000000
vt -1.376716 3.300966 0.000000
vt -1.362741 3.377741 0.000000
vt -1.320451 3.443324 0.000000
vt -1.181353 3.587032 0.000000
vt -1.106278 3.690805 0.000000
vt -1.063480 3.811527 0.000000
vt -1.056426 3.939416 0.000000
vt -1.085689 4.064112 0.000000
vt -1.148897 4.175512 0.000000
vt -1.240930 4.264592 0.000000
vt -1.354332 4.324135 0.000000
vt -1.479915 4.349317 0.000000
vt -1.607507 4.338098 0.000000
vt -1.726769 4.291387 0.000000
vt -1.828040 4.212968 0.000000
vt -1.968026 4.068341 0.000000
vt -2.029210 4.025258 0.000000
vt -2.101947 4.007678 0.000000
vt -2.176054 4.018063 0.000000
vt -2.241156 4.054959 0.000000
vt -2.319134 4.106774 0.000000
vt -2.407020 4.139043 0.000000
vt -2.500000 4.150000 0.000000
vt -2.900000 4.150000 0.000000
vt -2.950000 4.136602 0.000000
vt -2.986603 4.100000 0.000000
vt -3.000000 4.050000 0.000000
vt -3.000000 4.000000 0.000000
vt -2.986603 3.950000 0.000000
vt -2.950000 3.913398 0.000000
vt -2.900000 3.900000 0.000000
vt -2.686886 3.900000 0.000000
vt -2.665651 3.902281 0.000000
vt -2.645385 3.909018 0.000000
vt -2.627012 3.919906 0.000000
vt -2.542016 3.957929 0.000000
vt -2.448924 3.955891 0.000000
vt -2.365674 3.914184 0.000000
vt -2.308304 3.840843 0.000000
vt -2.287868 3.750000 0.000000
vt -2.308304 3.659157 0.000000
vt -2.365674 3.585816 0.000000
vt -2.448924 3.544109 0.000000
vt -2.542016 3.542071 0.000000
vt -2.627012 3.580094 0.000000
vt -2.645385 3.590982 0.000000
vt -2.665651 3.597719 0.000000
vt -2.686886 3.600000 0.000000
vt -2.900000 3.600000 0.000000
vt -2.950000 3.586602 0.000000
vt -2.986603 3.550000 0.000000
vt -3.000000 3.500000 0.000000
vt -3.000000 3.450000 0.000000
vt -2.986603 3.400000 0.000000
vt -2.950000 3.363397 0.000000
vt -2.900000 3.350000 0.000000
vt -2.504765 3.350000 0.000000
vt -2.377982 3.333659 0.000000
vt -2.259486 3.285704 0.000000
vt -2.157022 3.209270 0.000000
vt -2.015894 3.072670 0.000000
vt -1.960236 3.008811 0.000000
vt -1.916157 2.936474 0.000000
vt -1.884922 2.857733 0.000000
vt -1.877045 2.784039 0.000000
vt -1.896546 2.712536 0.000000
vt -1.940747 2.653044 0.000000
vt -2.003576 2.613732 0.000000
vt -2.076407 2.600000 0.000000
vt -2.263636 2.600000 0.000000
vt -2.371792 2.582870 0.000000
vt -2.469361 2.533156 0.000000
vt -2.546792 2.455725 0.000000
vt -2.596506 2.358156 0.000000
vt -2.613636 2.250000 0.000000
vt -2.596506 2.141844 0.000000
vt -2.546792 2.044275 0.000000
vt -2.469361 1.966844 0.000000
vt -2.371792 1.917130 0.000000
vt -2.263636 1.900000 0.000000
vt -2.063636 1.900000 0.000000
vt -1.987100 1.884776 0.000000
vt -1.922215 1.841421 0.000000
vt -1.878860 1.776537 0.000000
vt -1.863636 1.700000 0.000000
vt -1.863636 -1.700000 0.000000
vt -1.878860 -1.776537 0.000000
vt -1.922215 -1.841421 0.000000
vt -1.987100 -1.884776 0.000000
vt -2.063636 -1.900000 0.000000
vt -2.263636 -1.900000 0.000000
vt -2.371792 -1.917130 0.000000
vt -2.469361 -1.966844 0.000000
vt -2.546792 -2.044275 0.000000
vt -2.596506 -2.141844 0.000000
vt -2.613636 -2.250000 0.000000
vt -2.596506 -2.358156 0.000000
vt -2.546792 -2.455725 0.000000
vt -2.469361 -2.533156 0.000000
vt -2.371792 -2.582870 0.000000
vt -2.263636 -2.600000 0.000000
vt -2.076407 -2.600000 0.000000
vt -2.003576 -2.613732 0.000000
vt -1.940747 -2.653044 0.000000
vt -1.896546 -2.712536 0.000000
vt -1.877045 -2.784039 0.000000
vt -1.884922 -2.857733 0.000000
vt -1.916157 -2.936474 0.000000
vt -1.960236 -3.008811 0.000000
vt -2.015894 -3.072670 0.000000
vt -2.157022 -3.209270 0.000000
vt -2.259486 -3.285704 0.000000
vt -2.377982 -3.333659 0.000000
vt -2.504765 -3.350000 0.000000
vt -2.900000 -3.350000 0.000000
vt -2.950000 -3.363397 0.000000
vt -2.986603 -3.400000 0.000000
vt -3.000000 -3.450000 0.000000
vt -3.000000 -3.500000 0.000000
vt -2.986603 -3.550000 0.000000
vt -2.950000 -3.586602 0.000000
vt -2.900000 -3.600000 0.000000
vt -2.686886 -3.600000 0.000000
vt -2.665651 -3.597719 0.000000
vt -2.645385 -3.590982 0.000000
vt -2.627012 -3.580094 0.000000
vt -2.542016 -3.542071 0.000000
vt -2.448924 -3.544109 0.000000
vt -2.365674 -3.585816 0.000000
vt -2.308304 -3.659157 0.000000
vt -2.287868 -3.750000 0.000000
vt -2.308304 -3.840843 0.000000
vt -2.365674 -3.914184 0.000000
vt -2.448924 -3.955891 0.000000
vt -2.542016 -3.957929 0.000000
vt -2.627012 -3.919906 0.000000
vt -2.645385 -3.909018 0.000000
vt -2.665651 -3.902281 0.000000
vt -2.686886 -3.900000 0.000000
vt -2.900000 -3.900000 0.000000
vt -2.950000 -3.913398 0.000000
vt -2.986603 -3.950000 0.000000
vt -3.000000 -4.000000 0.000000
vt -3.000000 -4.050000 0.000000
vt -2.986603 -4.100000 0.000000
vt -2.950000 -4.136602 0.000000
vt -2.900000 -4.150000 0.000000
vt -2.500000 -4.150000 0.000000
vt -2.407020 -4.139043 0.000000
vt -2.319134 -4.106774 0.000000
vt -2.241156 -4.054959 0.000000
vt -2.176054 -4.018063 0.000000
vt -2.101947 -4.007678 0.000000
vt -2.029210 -4.025258 0.000000
vt -1.968026 -4.068341 0.000000
vt -1.828040 -4.212968 0.000000
vt -1.726769 -4.291387 0.000000
vt -1.607507 -4.338098 0.000000
vt -1.479915 -4.349317 0.000000
vt -1.354332 -4.324135 0.000000
vt -1.240930 -4.264592 0.000000
vt -1.148897 -4.175512 0.000000
vt -1.085689 -4.064112 0.000000
vt -1.056426 -3.939416 0.000000
vt -1.063480 -3.811527 0.000000
vt -1.106278 -3.690805 0.000000
vt -1.181353 -3.587032 0.000000
vt -1.320451 -3.443324 0.000000
vt -1.362741 -3.377741 0.000000
vt -1.376716 -3.300966 0.000000
vt -1.360246 -3.224688 0.000000
vt -1.315840 -3.160518 0.000000
vt -1.295395 -3.140730 0.000000
vt -1.192931 -3.064296 0.000000
vt -1.074435 -3.016341 0.000000
vt -0.947652 -3.000000 0.000000
vt 0.947652 -3.000000 0.000000
vt 1.074435 -3.016341 0.000000
vt 1.192931 -3.064296 0.000000
vt 1.295395 -3.140730 0.000000
vt 1.315840 -3.160518 0.000000
vt 1.360246 -3.224688 0.000000
vt 1.376716 -3.300966 0.000000
vt 1.362741 -3.377741 0.000000
vt 1.320451 -3.443324 0.000000
vt 1.181353 -3.587032 0.000000
vt 1.106278 -3.690805 0.000000
vt 1.063480 -3.811527 0.000000
vt 1.056426 -3.939416 0.000000
vt 1.085689 -4.064112 0.000000
vt 1.148897 -4.175512 0.000000
vt 1.240930 -4.264592 0.000000
vt 1.354332 -4.324135 0.000000
vt 1.479915 -4.349317 0.000000
vt 1.607507 -4.338098 0.000000
vt 1.726769 -4.291387 0.000000
vt 1.828040 -4.212968 0.000000
vt 1.968026 -4.068341 0.000000
vt 2.029210 -4.025258 0.000000
vt 2.101947 -4.007678 0.000000
vt 2.176054 -4.018063 0.000000
vt 2.241156 -4.054959 0.000000
vt 2.319134 -4.106774 0.000000
vt 2.407020 -4.139043 0.000000
vt 2.500000 -4.150000 0.000000
vt 2.900000 -4.150000 0.000000
vt 2.950000 -4.136602 0.000000
vt 2.986603 -4.100000 0.000000
vt 3.000000 -4.050000 0.000000
vt 3.000000 -4.000000 0.000000
vt 2.986603 -3.950000 0.000000
vt 2.950000 -3.913398 0.000000
vt 2.900000 -3.900000 0.000000
vt 2.686886 -3.900000 0.000000
vt 2.665651 -3.902281 0.000000
vt 2.645385 -3.909018 0.000000
vt 2.627012 -3.919906 0.000000
vt 2.542016 -3.957929 0.000000
vt 2.448924 -3.955891 0.000000
vt 2.365674 -3.914184 0.000000
vt 2.308304 -3.840843 0.000000
vt 2.287868 -3.750000 0.000000
vt 2.308304 -3.659157 0.000000
vt 2.365674 -3.585816 0.000000
vt 2.448924 -3.544109 0.000000
vt 2.542016 -3.542071 0.000000
vt 2.627012 -3.580094 0.000000
vt 2.645385 -3.590982 0.000000
vt 2.665651 -3.597719 0.000000
vt 2.686886 -3.600000 0.000000
vt 2.900000 -3.600000 0.000000
vt 2.950000 -3.586602 0.000000
vt 2.986603 -3.550000 0.000000
vt 3.000000 -3.500000 0.000000
vt 3.000000 -3.450000 0.000000
vt 2.986603 -3.400000 0.000000
vt 2.950000 -3.363397 0.000000
vt 2.900000 -3.350000 0.000000
vt 2.504765 -3.350000 0.000000
vt 2.377982 -3.333659 0.000000
vt 2.259486 -3.285704 0.000000
vt 2.157022 -3.209270 0.000000
vt 2.015894 -3.072670 0.000000
vt 1.960236 -3.008811 0.000000
vt 1.916157 -2.936474 0.000000
vt 1.884922 -2.857733 0.000000
vt 1.877045 -2.784039 0.000000
vt 1.896546 -2.712536 0.000000
vt 1.940747 -2.653044 0.000000
vt 2.003576 -2.613732 0.000000
vt 2.076407 -2.600000 0.000000
vt 2.263636 -2.600000 0.000000
vt 2.371792 -2.582870 0.000000
vt 2.469361 -2.533156 0.000000
vt 2.546792 -2.455725 0.000000
vt 2.596506 -2.358156 0.000000
vt 2.613636 -2.250000 0.000000
vt 2.596506 -2.141844 0.000000
vt 2.546792 -2.044275 0.000000
vt 2.469361 -1.966844 0.000000
vt 2.371792 -1.917130 0.000000
vt 2.263636 -1.900000 0.000000
vt 2.063636 -1.900000 0.000000
vt 1.987100 -1.884776 0.000000
vt 1.922215 -1.841421 0.000000
vt 1.878860 -1.776537 0.000000
vt 1.863636 -1.700000 0.000000
vt 1.863636 1.700000 0.000000
vt 1.878860 1.776537 0.000000
vt 1.922215 1.841421 0.000000
vt 1.987100 1.884776 0.000000
vt 2.063636 1.900000 0.000000
vt 2.263636 1.900000 0.000000
vt 2.371792 1.917130 0.000000
vt 2.469361 1.966844 0.000000
vt 2.546792 2.044275 0.000000
vt 2.596506 2.141844 0.000000
vt 2.613636 2.250000 0.000000
vt 2.596506 2.358156 0.000000
vt 2.546792 2.455725 0.000000
vt 2.469361 2.533156 0.000000
vt 2.371792 2.582870 0.000000
vt 2.263636 2.600000 0.000000
vt 2.076407 2.600000 0.000000
vt 2.003576 2.613732 0.000000
vt 1.940747 2.653044 0.000000
vt 1.896546 2.712536 0.000000
vt 1.877045 2.784039 0.000000
vt 1.884922 2.857733 0.000000
vt 1.916157 2.936474 0.000000
vt 1.960236 3.008811 0.000000
vt 2.015894 3.072670 0.000000
vt 2.157022 3.209270 0.000000
vt 2.259486 3.285704 0.000000
vt 2.377982 3.333659 0.000000
vt 2.504765 3.350000 0.000000
vt 2.900000 3.350000 0.000000
vt 2.950000 3.363397 0.000000
vt 2.986603 3.400000 0.000000
vt 3.000000 3.450000 0.000000
vt 3.000000 3.500000 0.000000
vt 2.986603 3.550000 0.000000
vt 2.950000 3.586602 0.000000
vt 2.900000 3.600000 0.000000
vt 2.686886 3.600000 0.000000
vt 2.665651 3.597719 0.000000
vt 2.645385 3.590982 0.000000
vt 2.627012 3.580094 0.000000
vt 2.542016 3.542071 0.000000
vt 2.448924 3.544109 0.000000
vt 2.365674 3.585816 0.000000
vt 2.308304 3.659157 0.000000
vt 2.287868 3.750000 0.000000
vt 2.308304 3.840843 0.000000
vt 2.365674 3.914184 0.000000
vt 2.448924 3.955891 0.000000
vt 2.542016 3.957929 0.000000
vt 2.627012 3.919906 0.000000
vt 2.645385 3.909018 0.000000
vt 2.665651 3.902281 0.000000
vt 2.686886 3.900000 0.000000
vt 2.900000 3.900000 0.000000
vt 2.950000 3.913398 0.000000
vt 2.986603 3.950000 0.000000
vt 3.000000 4.000000 0.000000
vt -2.088636 2.250000 0.000000
vt -2.108681 2.168674 0.000000
vt -2.164225 2.105978 0.000000
vt -2.242543 2.076276 0.000000
vt -2.325692 2.086372 0.000000
vt -2.394626 2.133954 0.000000
vt -2.433551 2.208120 0.000000
vt -2.433551 2.291880 0.000000
vt -2.394626 2.366046 0.000000
vt -2.325692 2.413628 0.000000
vt -2.242543 2.423724 0.000000
vt -2.164225 2.394022 0.000000
vt -2.108681 2.331326 0.000000
vt -2.088636 -2.250000 0.000000
vt -2.108681 -2.331326 0.000000
vt -2.164225 -2.394022 0.000000
vt -2.242543 -2.423724 0.000000
vt -2.325692 -2.413628 0.000000
vt -2.394626 -2.366046 0.000000
vt -2.433551 -2.291880 0.000000
vt -2.433551 -2.208120 0.000000
vt -2.394626 -2.133954 0.000000
vt -2.325692 -2.086372 0.000000
vt -2.242543 -2.076276 0.000000
vt -2.164225 -2.105978 0.000000
vt -2.108681 -2.168674 0.000000
vt 2.438636 -2.250000 0.000000
vt 2.418591 -2.331326 0.000000
vt 2.363048 -2.394022 0.000000
vt 2.284730 -2.423724 0.000000
vt 2.201581 -2.413628 0.000000
vt 2.132647 -2.366046 0.000000
vt 2.093722 -2.291880 0.000000
vt 2.093722 -2.208120 0.000000
vt 2.132647 -2.133954 0.000000
vt 2.201581 -2.086372 0.000000
vt 2.284730 -2.076276 0.000000
vt 2.363048 -2.105978 0.000000
vt 2.418591 -2.168674 0.000000
vt 2.438636 2.250000 0.000000
vt 2.418591 2.168674 0.000000
vt 2.363048 2.105978 0.000000
vt 2.284730 2.076276 0.000000
vt 2.201581 2.086372 0.000000
vt 2.132647 2.133954 0.000000
vt 2.093722 2.208120 0.000000
vt 2.093722 2.291880 0.000000
vt 2.132647 2.366046 0.000000
vt 2.201581 2.413628 0.000000
vt 2.284730 2.423724 0.000000
vt 2.363048 2.394022 0.000000
vt 2.418591 2.331326 0.000000
vt 1.704697 3.900000 0.000000
vt 1.684890 3.813223 0.000000
vt 1.629395 3.743634 0.000000
vt 1.549201 3.705014 0.000000
vt 1.460192 3.705014 0.000000
vt 1.379999 3.743634 0.000000
vt 1.324503 3.813223 0.000000
vt 1.304697 3.900000 0.000000
vt 1.324503 3.986777 0.000000
vt 1.379999 4.056366 0.000000
vt 1.460192 4.094985 0.000000
vt 1.549201 4.094985 0.000000
vt 1.629395 4.056366 0.000000
vt 1.684890 3.986777 0.000000
vt -1.304697 3.900000 0.000000
vt -1.324503 3.813223 0.000000
vt -1.379999 3.743634 0.000000
vt -1.460192 3.705014 0.000000
vt -1.549201 3.705014 0.000000
vt -1.629395 3.743634 0.000000
vt -1.684890 3.813223 0.000000
vt -1.704697 3.900000 0.000000
vt -1.684890 3.986777 0.000000
vt -1.629395 4.056366 0.000000
vt -1.549201 4.094985 0.000000
vt -1.460192 4.094985 0.000000
vt -1.379999 4.056366 0.000000
vt -1.324503 3.986777 0.000000
vt -1.304697 -3.900000 0.000000
vt -1.324503 -3.986777 0.000000
vt -1.379999 -4.056366 0.000000
vt -1.460192 -4.094985 0.000000
vt -1.549201 -4.094985 0.000000
vt -1.629395 -4.056366 0.000000
vt -1.684890 -3.986777 0.000000
vt -1.704697 -3.900000 0.000000
vt -1.684890 -3.813223 0.000000
vt -1.629395 -3.743634 0.000000
vt -1.549201 -3.705014 0.000000
vt -1.460192 -3.705014 0.000000
vt -1.379999 -3.743634 0.000000
vt -1.324503 -3.813223 0.000000
vt 1.704697 -3.900000 0.000000
vt 1.684890 -3.986777 0.000000
vt 1.629395 -4.056366 0.000000
vt 1.549201 -4.094985 0.000000
vt 1.460192 -4.094985 0.000000
vt 1.379999 -4.056366 0.000000
vt 1.324503 -3.986777 0.000000
vt 1.304697 -3.900000 0.000000
vt 1.324503 -3.813223 0.000000
vt 1.379999 -3.743634 0.000000
vt 1.460192 -3.705014 0.000000
vt 1.549201 -3.705014 0.000000
vt 1.629395 -3.743634 0.000000
vt 1.684890 -3.813223 0.000000
vt -0.863636 -2.500000 0.000000
vt -0.993046 -2.482963 0.000000
vt -1.113636 -2.433013 0.000000
vt -1.217190 -2.353553 0.000000
vt -1.296649 -2.250000 0.000000
vt -1.346599 -2.129410 0.000000
vt -1.363636 -2.000000 0.000000
vt -1.363636 2.000000 0.000000
vt -1.346599 2.129410 0.000000
vt -1.296649 2.250000 0.000000
vt -1.217190 2.353553 0.000000
vt -1.113636 2.433013 0.000000
vt -0.993046 2.482963 0.000000
vt -0.863636 2.500000 0.000000
vt 0.863636 2.500000 0.000000
vt 0.993046 2.482963 0.000000
vt 1.113636 2.433013 0.000000
vt 1.217190 2.353553 0.000000
vt 1.296649 2.250000 0.000000
vt 1.346599 2.129410 0.000000
vt 1.363636 2.000000 0.000000
vt 1.363636 -2.000000 0.000000
vt 1.346599 -2.129410 0.000000
vt 1.296649 -2.250000 0.000000
vt 1.217190 -2.353553 0.000000
vt 1.113636 -2.433013 0.000000
vt 0.993046 -2.482963 0.000000
vt 0.863636 -2.500000 0.000000
vn -0.086603 -0.050000 0.000000
vn -0.086603 -0.050000 0.000000
vn -0.086603 -0.050000 0.000000
vn -0.086603 -0.050000 0.000000
vn -0.086603 0.050000 0.000000
vn -0.086603 0.050000 0.000000
vn -0.086603 0.050000 0.000000
vn -0.086603 0.050000 0.000000
vn 0.000000 0.100000 0.000000
vn 0.000000 0.100000 0.000000
vn 0.000000 0.100000 0.000000
vn 0.000000 0.100000 0.000000
vn 0.086603 0.050000 0.000000
vn 0.086603 0.050000 0.000000
vn 0.086603 0.050000 0.000000
vn 0.086603 0.050000 0.000000
vn 0.086603 -0.050000 0.000000
vn 0.086603 -0.050000 0.000000
vn 0.086603 -0.050000 0.000000
vn 0.086603 -0.050000 0.000000
vn 0.000000 -0.100000 0.000000
vn 0.000000 -0.100000 0.000000
vn 0.000000 -0.100000 0.000000
vn 0.000000 -0.100000 0.000000
vn 0.000000 0.000000 -0.100000
vn 0.000000 0.000000 -0.100000
vn 0.000000 0.000000 -0.100000
vn 0.000000 0.000000 -0.100000
vn 0.000000 0.000000 -0.100000
vn 0.000000 0.000000 -0.100000
vn 0.000000 0.000000 -0.100000
vn 0.000000 0.000000 -0.100000
vn 0.000000 0.000000 -0.100000
vn 0.000000 0.000000 -0.100000
vn 0.000000 0.000000 -0.100000
vn 0.000000 0.000000 -0.100000
vn 0.000000 0.000000 -0.100000
vn 0.000000 0.000000 -0.100000
vn 0.000000 0.000000 -0.100000
vn 0.000000 0.000000 -0.100000
vn 0.000000 0.000000 -0.100000
vn 0.000000 0.000000 -0.100000
vn 0.000000 0.000000 -0.100000
vn -0.086603 0.050000 0.000000
vn -0.086603 0.050000 0.000000
vn -0.086603 0.050000 0.000000
vn -0.086603 0.050000 0.000000
vn 0.000000 0.100000 0.000000
vn 0.000000 0.100000 0.000000
vn 0.000000 0.100000 0.000000
vn 0.000000 0.100000 0.000000
vn 0.086603 0.050000 0.000000
vn 0.086603 0.050000 0.000000
vn 0.086603 0.050000 0.000000
vn 0.086603 0.050000 0.000000
vn 0.086603 -0.050000 0.000000
vn 0.086603 -0.050000 0.000000
vn 0.086603 -0.050000 0.000000
vn 0.086603 -0.050000 0.000000
vn 0.000000 -0.100000 0.000000
vn 0.000000 -0.100000 0.000000
vn 0.000000 -0.100000 0.000000
vn 0.000000 -0.100000 0.000000
vn -0.086603 -0.050000 0.000000
vn -0.086603 -0.050000 0.000000
vn -0.086603 -0.050000 0.000000
vn -0.086603 -0.050000 0.000000
vn 0.000000 0.000000 -0.100000
vn 0.000000 0.000000 -0.100000
vn 0.000000 0.000000 -0.100000
vn 0.000000 0.000000 -0.100000
vn 0.000000 0.000000 -0.100000
vn 0.000000 0.000000 -0.100000
vn 0.000000 0.000000 -0.100000
vn 0.000000 0.000000 -0.100000
vn 0.000000 0.000000 -0.100000
vn 0.000000 0.000000 -0.100000
vn 0.000000 0.000000 -0.100000
vn 0.000000 0.000000 -0.100000
vn 0.000000 0.000000 -0.100000
vn 0.000000 0.000000 -0.100000
vn 0.000000 0.000000 -0.100000
vn 0.000000 0.000000 -0.100000
vn 0.000000 0.000000 -0.100000
vn 0.000000 0.000000 -0.100000
vn 0.000000 0.000000 -0.100000
vn 0.086603 -0.050000 0.000000
vn 0.086603 -0.050000 0.000000
vn 0.086603 -0.050000 0.000000
vn 0.086603 -0.050000 0.000000
vn 0.000000 -0.100000 0.000000
vn 0.000000 -0.100000 0.000000
vn 0.000000 -0.100000 0.000000
vn 0.000000 -0.100000 0.000000
vn -0.086603 -0.050000 0.000000
vn -0.086603 -0.050000 0.000000
vn -0.086603 -0.050000 0.000000
vn -0.086603 -0.050000 0.000000
vn -0.086603 0.050000 0.000000
vn -0.086603 0.050000 0.000000
vn -0.086603 0.050000 0.000000
vn -0.086603 0.050000 0.000000
vn 0.000000 0.100000 0.000000
vn 0.000000 0.100000 0.000000
vn 0.000000 0.100000 0.000000
vn 0.000000 0.100000 0.000000
vn 0.086603 0.050000 0.000000
vn 0.086603 0.050000 0.000000
vn 0.086603 0.050000 0.000000
vn 0.086603 0.050000 0.000000
vn 0.000000 0.000000 -0.100000
vn 0.000000 0.000000 -0.100000
vn 0.000000 0.000000 -0.100000
vn 0.000000 0.000000 -0.100000
vn 0.000000 0.000000 -0.100000
vn 0.000000 0.000000 -0.100000
vn 0.000000 0.000000 -0.100000
vn 0.000000 0.000000 -0.100000
vn 0.000000 0.000000 -0.100000
vn 0.000000 0.000000 -0.100000
vn 0.000000 0.000000 -0.100000
vn 0.000000 0.000000 -0.100000
vn 0.000000 0.000000 -0.100000
vn 0.000000 0.000000 -0.100000
vn 0.000000 0.000000 -0.100000
vn 0.000000 0.000000 -0.100000
vn 0.000000 0.000000 -0.100000
vn 0.000000 0.000000 -0.100000
vn 0.000000 0.000000 -0.100000
vn 0.086603 0.050000 0.000000
vn 0.086603 0.050000 0.000000
vn 0.086603 0.050000 0.000000
vn 0.086603 0.050000 0.000000
vn 0.086603 -0.050000 0.000000
vn 0.086603 -0.050000 0.000000
vn 0.086603 -0.050000 0.000000
vn 0.086603 -0.050000 0.000000
vn 0.000000 -0.100000 0.000000
vn 0.000000 -0.100000 0.000000
vn 0.000000 -0.100000 0.000000
vn 0.000000 -0.100000 0.000000
vn -0.086603 -0.050000 0.000000
vn -0.086603 -0.050000 0.000000
vn -0.086603 -0.050000 0.000000
vn -0.086603 -0.050000 0.000000
vn -0.086603 0.050000 0.000000
vn -0.086603 0.050000 0.000000
vn -0.086603 0.050000 0.000000
vn -0.086603 0.050000 0.000000
vn 0.000000 0.100000 0.000000
vn 0.000000 0.100000 0.000000
vn 0.000000 0.100000 0.000000
vn 0.000000 0.100000 0.000000
vn 0.000000 0.000000 -0.100000
vn 0.000000 0.000000 -0.100000
vn 0.000000 0.000000 -0.100000
vn 0.000000 0.000000 -0.100000
vn 0.000000 0.000000 -0.100000
vn 0.000000 0.000000 -0.100000
vn 0.000000 0.000000 -0.100000
vn 0.000000 0.000000 -0.100000
vn 0.000000 0.000000 -0.100000
vn 0.000000 0.000000 -0.100000
vn 0.000000 0.000000 -0.100000
vn 0.000000 0.000000 -0.100000
vn 0.000000 0.000000 -0.100000
vn 0.000000 0.000000 -0.100000
vn 0.000000 0.000000 -0.100000
vn 0.000000 0.000000 -0.100000
vn 0.000000 0.000000 -0.100000
vn 0.000000 0.000000 -0.100000
vn 0.000000 0.000000 -0.100000
vn 0.070711 0.000000 0.070711
vn 0.065936 -0.025544 0.070711
vn 0.052256 -0.047637 0.070711
vn 0.031518 -0.063298 0.070711
vn 0.006524 -0.070409 0.070711
vn -0.019351 -0.068011 0.070711
vn -0.042613 -0.056428 0.070711
vn -0.060119 -0.037224 0.070711
vn -0.069507 -0.012993 0.070711
vn -0.069507 0.012993 0.070711
vn -0.060119 0.037224 0.070711
vn -0.042613 0.056428 0.070711
vn -0.019351 0.068011 0.070711
vn 0.006524 0.070409 0.070711
vn 0.031518 0.063298 0.070711
vn 0.052256 0.047637 0.070711
vn 0.065936 0.025544 0.070711
vn 0.028916 -0.064528 0.070711
vn 0.028942 -0.064516 0.070711
vn 0.032802 -0.062642 0.070711
vn 0.043689 -0.055599 0.070711
vn 0.052824 -0.047007 0.070711
vn 0.064487 -0.029007 0.070711
vn 0.070217 -0.008339 0.070711
vn 0.069487 0.013097 0.070711
vn 0.062364 0.033327 0.070711
vn 0.049503 0.050492 0.070711
vn 0.032088 0.063011 0.070711
vn 0.011721 0.069733 0.070711
vn -0.009725 0.070039 0.070711
vn -0.030276 0.063901 0.070711
vn -0.048042 0.051885 0.070711
vn -0.061387 0.035094 0.070711
vn -0.069085 0.015075 0.070711
vn -0.069986 0.010096 0.070711
vn -0.070693 0.001579 0.070711
vn -0.070091 -0.009339 0.070711
vn -0.068094 -0.019058 0.070711
vn -0.064849 -0.028189 0.070711
vn -0.055261 -0.044116 0.070711
vn -0.041853 -0.056994 0.070711
vn -0.025552 -0.065932 0.070711
vn -0.007485 -0.070313 0.070711
vn 0.011099 -0.069834 0.070711
vn 0.070217 -0.008339 0.070711
vn 0.070711 0.000000 0.070711
vn 0.070711 0.000000 0.070711
vn 0.070217 -0.008339 0.070711
vn 0.000000 0.000000 0.100000
vn 0.000000 0.000000 0.100000
vn 0.000000 0.000000 0.100000
vn 0.000000 0.000000 0.100000
vn 0.000000 0.000000 0.100000
vn 0.000000 0.000000 0.100000
vn 0.000000 0.000000 0.100000
vn 0.000000 0.000000 0.100000
vn 0.000000 0.000000 0.100000
vn 0.000000 0.000000 0.100000
vn 0.000000 0.000000 0.100000
vn 0.000000 0.000000 0.100000
vn 0.000000 0.000000 0.100000
vn 0.000000 0.000000 0.100000
vn 0.000000 0.000000 0.100000
vn 0.000000 0.000000 0.100000
vn 0.000000 0.000000 0.100000
vn 0.000000 0.000000 0.100000
vn 0.000000 0.000000 0.100000
vn 0.000000 0.000000 0.100000
vn 0.000000 0.000000 0.100000
vn 0.000000 0.000000 0.100000
vn 0.000000 0.000000 0.100000
vn 0.000000 0.000000 0.100000
vn 0.000000 0.000000 0.100000
vn 0.000000 0.000000 0.100000
vn 0.000000 0.000000 0.100000
vn 0.000000 0.000000 0.100000
vn 0.000000 0.000000 0.100000
vn 0.000000 0.000000 0.100000
vn 0.000000 0.000000 0.100000
vn 0.000000 0.000000 0.100000
vn 0.000000 0.000000 0.100000
vn 0.000000 0.000000 0.100000
vn 0.000000 0.000000 0.100000
vn 0.000000 0.000000 0.100000
vn 0.000000 0.000000 0.100000
vn 0.000000 0.000000 0.100000
vn 0.000000 0.000000 0.100000
vn 0.000000 0.000000 0.100000
vn 0.000000 0.000000 0.100000
vn 0.000000 0.000000 0.100000
vn 0.000000 0.000000 0.100000
vn 0.000000 0.000000 0.100000
vn 0.000000 0.000000 0.100000
vn 0.000000 0.000000 0.100000
vn 0.000000 0.000000 0.100000
vn 0.000000 0.000000 0.100000
vn 0.000000 0.000000 0.100000
vn 0.000000 0.000000 0.100000
vn 0.000000 0.000000 0.100000
vn 0.000000 0.000000 0.100000
vn 0.000000 0.000000 0.100000
vn 0.000000 0.000000 0.100000
vn 0.000000 0.000000 0.100000
vn 0.000000 0.000000 0.100000
vn 0.000000 0.000000 0.100000
vn 0.000000 0.000000 0.100000
vn 0.000000 0.000000 0.100000
vn 0.000000 0.000000 0.100000
vn 0.000000 0.000000 0.100000
vn 0.000000 0.000000 0.100000
vn 0.000000 0.000000 0.100000
vn 0.000000 0.000000 0.100000
vn 0.000000 0.000000 0.100000
vn 0.000000 0.000000 0.100000
vn 0.000000 0.000000 0.100000
vn 0.000000 0.000000 0.100000
vn 0.000000 0.000000 0.100000
vn 0.000000 0.000000 0.100000
vn 0.000000 0.000000 0.100000
vn 0.000000 0.000000 0.100000
vn 0.000000 0.000000 0.100000
vn 0.000000 0.000000 0.100000
vn 0.000000 0.000000 0.100000
vn 0.000000 0.000000 0.100000
vn 0.000000 0.000000 0.100000
vn 0.000000 0.000000 0.100000
vn 0.000000 0.000000 0.100000
vn 0.000000 0.000000 0.100000
vn 0.000000 0.000000 0.100000
vn 0.000000 0.000000 0.100000
vn 0.000000 0.000000 0.100000
vn 0.000000 0.000000 0.100000
vn 0.000000 0.000000 0.100000
vn 0.000000 0.000000 0.100000
vn 0.000000 0.000000 0.100000
vn 0.000000 0.000000 0.100000
vn 0.000000 0.000000 0.100000
vn 0.000000 0.000000 0.100000
vn 0.100000 0.000000 0.000000
vn 0.093247 -0.036124 0.000000
vn 0.073901 -0.067370 0.000000
vn 0.044574 -0.089516 0.000000
vn 0.009227 -0.099573 0.000000
vn -0.027366 -0.096183 0.000000
vn -0.060263 -0.079802 0.000000
vn -0.085022 -0.052643 0.000000
vn -0.098297 -0.018375 0.000000
vn -0.098297 0.018375 0.000000
vn -0.085022 0.052643 0.000000
vn -0.060263 0.079802 0.000000
vn -0.027366 0.096183 0.000000
vn 0.009227 0.099573 0.000000
vn 0.044574 0.089516 0.000000
vn 0.073901 0.067370 0.000000
vn 0.093247 0.036124 0.000000
vn 0.100000 0.000000 0.000000
vn 0.093247 0.036124 0.000000
vn 0.073901 0.067370 0.000000
vn 0.044574 0.089516 0.000000
vn 0.009227 0.099573 0.000000
vn -0.027366 0.096183 0.000000
vn -0.060263 0.079802 0.000000
vn -0.085022 0.052643 0.000000
vn -0.098297 0.018375 0.000000
vn -0.098297 -0.018375 0.000000
vn -0.085022 -0.052643 0.000000
vn -0.060263 -0.079802 0.000000
vn -0.027366 -0.096183 0.000000
vn 0.009227 -0.099573 0.000000
vn 0.044574 -0.089516 0.000000
vn 0.073901 -0.067370 0.000000
vn 0.093247 -0.036124 0.000000
vn -0.098297 0.018375 0.000000
vn -0.098297 0.018375 0.000000
vn -0.098297 0.018375 0.000000
vn -0.098297 0.018375 0.000000
vn 0.070711 0.000000 0.070711
vn 0.065936 -0.025544 0.070711
vn 0.052256 -0.047637 0.070711
vn 0.031518 -0.063298 0.070711
vn 0.006524 -0.070409 0.070711
vn -0.019351 -0.068011 0.070711
vn -0.042613 -0.056428 0.070711
vn -0.060119 -0.037224 0.070711
vn -0.069507 -0.012993 0.070711
vn -0.069507 0.012993 0.070711
vn -0.060119 0.037224 0.070711
vn -0.042613 0.056428 0.070711
vn -0.019351 0.068011 0.070711
vn 0.006524 0.070409 0.070711
vn 0.031518 0.063298 0.070711
vn 0.052256 0.047637 0.070711
vn 0.065936 0.025544 0.070711
vn -0.032802 -0.062642 0.070711
vn -0.028916 -0.064528 0.070711
vn -0.011099 -0.069834 0.070711
vn 0.007485 -0.070313 0.070711
vn 0.025552 -0.065932 0.070711
vn 0.041853 -0.056994 0.070711
vn 0.055261 -0.044116 0.070711
vn 0.064849 -0.028189 0.070711
vn 0.068094 -0.019058 0.070711
vn 0.070091 -0.009339 0.070711
vn 0.070693 0.001579 0.070711
vn 0.069986 0.010096 0.070711
vn 0.069085 0.015075 0.070711
vn 0.061387 0.035094 0.070711
vn 0.048042 0.051885 0.070711
vn 0.030276 0.063901 0.070711
vn 0.009725 0.070039 0.070711
vn -0.011721 0.069733 0.070711
vn -0.032088 0.063011 0.070711
vn -0.049503 0.050492 0.070711
vn -0.062364 0.033327 0.070711
vn -0.069487 0.013097 0.070711
vn -0.070217 -0.008339 0.070711
vn -0.064487 -0.029007 0.070711
vn -0.052824 -0.047007 0.070711
vn -0.043690 -0.055599 0.070711
vn 0.070091 -0.009339 0.070711
vn 0.070711 0.000000 0.070711
vn 0.070711 0.000000 0.070711
vn 0.070711 0.000000 0.070711
vn 0.070711 0.000000 0.070711
vn 0.070091 -0.009339 0.070711
vn 0.000000 0.000000 0.100000
vn 0.000000 0.000000 0.100000
vn 0.000000 0.000000 0.100000
vn 0.000000 0.000000 0.100000
vn 0.000000 0.000000 0.100000
vn 0.000000 0.000000 0.100000
vn 0.000000 0.000000 0.100000
vn 0.000000 0.000000 0.100000
vn 0.000000 0.000000 0.100000
vn 0.000000 0.000000 0.100000
vn 0.000000 0.000000 0.100000
vn 0.000000 0.000000 0.100000
vn 0.000000 0.000000 0.100000
vn 0.000000 0.000000 0.100000
vn 0.000000 0.000000 0.100000
vn 0.000000 0.000000 0.100000
vn 0.000000 0.000000 0.100000
vn 0.000000 0.000000 0.100000
vn 0.000000 0.000000 0.100000
vn 0.000000 0.000000 0.100000
vn 0.000000 0.000000 0.100000
vn 0.000000 0.000000 0.100000
vn 0.000000 0.000000 0.100000
vn 0.000000 0.000000 0.100000
vn 0.000000 0.000000 0.100000
vn 0.000000 0.000000 0.100000
vn 0.000000 0.000000 0.100000
vn 0.000000 0.000000 0.100000
vn 0.000000 0.000000 0.100000
vn 0.000000 0.000000 0.100000
vn 0.000000 0.000000 0.100000
vn 0.000000 0.000000 0.100000
vn 0.000000 0.000000 0.100000
vn 0.000000 0.000000 0.100000
vn 0.000000 0.000000 0.100000
vn 0.000000 0.000000 0.100000
vn 0.000000 0.000000 0.100000
vn 0.000000 0.000000 0.100000
vn 0.000000 0.000000 0.100000
vn 0.000000 0.000000 0.100000
vn 0.000000 0.000000 0.100000
vn 0.000000 0.000000 0.100000
vn 0.000000 0.000000 0.100000
vn 0.000000 0.000000 0.100000
vn 0.000000 0.000000 0.100000
vn 0.000000 0.000000 0.100000
vn 0.000000 0.000000 0.100000
vn 0.000000 0.000000 0.100000
vn 0.000000 0.000000 0.100000
vn 0.000000 0.000000 0.100000
vn 0.000000 0.000000 0.100000
vn 0.000000 0.000000 0.100000
vn 0.000000 0.000000 0.100000
vn 0.000000 0.000000 0.100000
vn 0.000000 0.000000 0.100000
vn 0.000000 0.000000 0.100000
vn 0.000000 0.000000 0.100000
vn 0.000000 0.000000 0.100000
vn 0.000000 0.000000 0.100000
vn 0.000000 0.000000 0.100000
vn 0.000000 0.000000 0.100000
vn 0.000000 0.000000 0.100000
vn 0.000000 0.000000 0.100000
vn 0.000000 0.000000 0.100000
vn 0.000000 0.000000 0.100000
vn 0.000000 0.000000 0.100000
vn 0.000000 0.000000 0.100000
vn 0.000000 0.000000 0.100000
vn 0.000000 0.000000 0.100000
vn 0.000000 0.000000 0.100000
vn 0.000000 0.000000 0.100000
vn 0.000000 0.000000 0.100000
vn 0.000000 0.000000 0.100000
vn 0.000000 0.000000 0.100000
vn 0.000000 0.000000 0.100000
vn 0.000000 0.000000 0.100000
vn 0.000000 0.000000 0.100000
vn 0.000000 0.000000 0.100000
vn 0.000000 0.000000 0.100000
vn 0.000000 0.000000 0.100000
vn 0.000000 0.000000 0.100000
vn 0.000000 0.000000 0.100000
vn 0.000000 0.000000 0.100000
vn 0.000000 0.000000 0.100000
vn 0.000000 0.000000 0.100000
vn 0.000000 0.000000 0.100000
vn 0.000000 0.000000 0.100000
vn 0.000000 0.000000 0.100000
vn 0.000000 0.000000 0.100000
vn 0.000000 0.000000 0.100000
vn 0.000000 0.000000 0.100000
vn 0.000000 0.000000 0.100000
vn 0.000000 0.000000 0.100000
vn 0.000000 0.000000 0.100000
vn 0.000000 0.000000 0.100000
vn 0.000000 0.000000 0.100000
vn 0.000000 0.000000 0.100000
vn 0.000000 0.000000 0.100000
vn 0.000000 0.000000 0.100000
vn 0.000000 0.000000 0.100000
vn 0.000000 0.000000 0.100000
vn 0.000000 0.000000 0.100000
vn 0.000000 0.000000 0.100000
vn 0.000000 0.000000 0.100000
vn 0.000000 0.000000 0.100000
vn 0.000000 0.000000 0.100000
vn 0.000000 0.000000 0.100000
vn 0.000000 0.000000 0.100000
vn 0.000000 0.000000 0.100000
vn 0.000000 0.000000 0.100000
vn 0.000000 0.000000 0.100000
vn 0.000000 0.000000 0.100000
vn 0.000000 0.000000 0.100000
vn 0.000000 0.000000 0.100000
vn 0.000000 0.000000 0.100000
vn 0.000000 0.000000 0.100000
vn 0.000000 0.000000 0.100000
vn 0.000000 0.000000 0.100000
vn 0.000000 0.000000 0.100000
vn 0.000000 0.000000 0.100000
vn 0.000000 0.000000 0.100000
vn 0.000000 0.000000 0.100000
vn 0.000000 0.000000 0.100000
vn 0.000000 0.000000 0.100000
vn 0.000000 0.000000 0.100000
vn 0.000000 0.000000 0.100000
vn 0.000000 0.000000 0.100000
vn 0.000000 0.000000 0.100000
vn 0.000000 0.000000 0.100000
vn 0.000000 0.000000 0.100000
vn 0.000000 0.000000 0.100000
vn 0.000000 0.000000 0.100000
vn 0.000000 0.000000 0.100000
vn 0.000000 0.000000 0.100000
vn 0.000000 0.000000 0.100000
vn 0.000000 0.000000 0.100000
vn 0.000000 0.000000 0.100000
vn 0.000000 0.000000 0.100000
vn 0.000000 0.000000 0.100000
vn 0.000000 0.000000 0.100000
vn 0.000000 0.000000 0.100000
vn 0.000000 0.000000 0.100000
vn 0.000000 0.000000 0.100000
vn 0.000000 0.000000 0.100000
vn 0.000000 0.000000 0.100000
vn 0.000000 0.000000 0.100000
vn 0.000000 0.000000 0.100000
vn 0.000000 0.000000 0.100000
vn 0.000000 0.000000 0.100000
vn 0.000000 0.000000 0.100000
vn 0.000000 0.000000 0.100000
vn 0.000000 0.000000 0.100000
vn 0.000000 0.000000 0.100000
vn 0.000000 0.000000 0.100000
vn 0.000000 0.000000 0.100000
vn 0.000000 0.000000 0.100000
vn 0.000000 0.000000 0.100000
vn 0.000000 0.000000 0.100000
vn 0.000000 0.000000 0.100000
vn 0.000000 0.000000 0.100000
vn 0.000000 0.000000 0.100000
vn 0.000000 0.000000 0.100000
vn 0.000000 0.000000 0.100000
vn 0.000000 0.000000 0.100000
vn 0.000000 0.000000 0.100000
vn 0.000000 0.000000 0.100000
vn 0.000000 0.000000 0.100000
vn 0.000000 0.000000 0.100000
vn 0.000000 0.000000 0.100000
vn 0.000000 0.000000 0.100000
vn 0.000000 0.000000 0.100000
vn 0.000000 0.000000 0.100000
vn 0.000000 0.000000 0.100000
vn 0.000000 0.000000 0.100000
vn 0.000000 0.000000 0.100000
vn 0.000000 0.000000 0.100000
vn 0.000000 0.000000 0.100000
vn 0.000000 0.000000 0.100000
vn 0.000000 0.000000 0.100000
vn 0.000000 0.000000 0.100000
vn 0.000000 0.000000 0.100000
vn 0.000000 0.000000 0.100000
vn 0.000000 0.000000 0.100000
vn 0.000000 0.000000 0.100000
vn 0.000000 0.000000 0.100000
vn 0.000000 0.000000 0.100000
vn 0.000000 0.000000 0.100000
vn 0.000000 0.000000 0.100000
vn 0.000000 0.000000 0.100000
vn 0.000000 0.000000 0.100000
vn 0.000000 0.000000 0.100000
vn 0.000000 0.000000 0.100000
vn 0.000000 0.000000 0.100000
vn 0.000000 0.000000 0.100000
vn 0.000000 0.000000 0.100000
vn 0.000000 0.000000 0.100000
vn 0.000000 0.000000 0.100000
vn 0.000000 0.000000 0.100000
vn 0.000000 0.000000 0.100000
vn 0.000000 0.000000 0.100000
vn 0.000000 0.000000 0.100000
vn 0.000000 0.000000 0.100000
vn 0.000000 0.000000 0.100000
vn 0.000000 0.000000 0.100000
vn 0.000000 0.000000 0.100000
vn 0.000000 0.000000 0.100000
vn 0.000000 0.000000 0.100000
vn 0.000000 0.000000 0.100000
vn 0.000000 0.000000 0.100000
vn 0.000000 0.000000 0.100000
vn 0.000000 0.000000 0.100000
vn 0.000000 0.000000 0.100000
vn 0.000000 0.000000 0.100000
vn 0.000000 0.000000 0.100000
vn 0.000000 0.000000 0.100000
vn 0.000000 0.000000 0.100000
vn 0.000000 0.000000 0.100000
vn 0.000000 0.000000 0.100000
vn 0.000000 0.000000 0.100000
vn 0.000000 0.000000 0.100000
vn 0.000000 0.000000 0.100000
vn 0.000000 0.000000 0.100000
vn 0.000000 0.000000 0.100000
vn 0.000000 0.000000 0.100000
vn 0.000000 0.000000 0.100000
vn 0.000000 0.000000 0.100000
vn 0.000000 0.000000 0.100000
vn 0.000000 0.000000 0.100000
vn 0.000000 0.000000 0.100000
vn 0.000000 0.000000 0.100000
vn 0.000000 0.000000 0.100000
vn 0.000000 0.000000 0.100000
vn 0.000000 0.000000 0.100000
vn 0.000000 0.000000 0.100000
vn 0.000000 0.000000 0.100000
vn 0.000000 0.000000 0.100000
vn 0.000000 0.000000 0.100000
vn 0.000000 0.000000 0.100000
vn 0.000000 0.000000 0.100000
vn 0.000000 0.000000 0.100000
vn 0.000000 0.000000 0.100000
vn 0.000000 0.000000 0.100000
vn 0.000000 0.000000 0.100000
vn 0.000000 0.000000 0.100000
vn 0.000000 0.000000 0.100000
vn 0.000000 0.000000 0.100000
vn 0.000000 0.000000 0.100000
vn 0.000000 0.000000 0.100000
vn 0.000000 0.000000 0.100000
vn 0.000000 0.000000 0.100000
vn 0.000000 0.000000 0.100000
vn 0.000000 0.000000 0.100000
vn 0.000000 0.000000 0.100000
vn 0.000000 0.000000 0.100000
vn 0.000000 0.000000 0.100000
vn 0.000000 0.000000 0.100000
vn 0.000000 0.000000 0.100000
vn 0.000000 0.000000 0.100000
vn 0.000000 0.000000 0.100000
vn 0.000000 0.000000 0.100000
vn 0.000000 0.000000 0.100000
vn 0.000000 0.000000 0.100000
vn 0.000000 0.000000 0.100000
vn 0.000000 0.000000 0.100000
vn 0.000000 0.000000 0.100000
vn 0.000000 0.000000 0.100000
vn 0.000000 0.000000 0.100000
vn 0.000000 0.000000 0.100000
vn 0.000000 0.000000 0.100000
vn 0.000000 0.000000 0.100000
vn 0.000000 0.000000 0.100000
vn 0.000000 0.000000 0.100000
vn 0.000000 0.000000 0.100000
vn 0.000000 0.000000 0.100000
vn 0.000000 0.000000 0.100000
vn 0.000000 0.000000 0.100000
vn 0.000000 0.000000 0.100000
vn 0.000000 0.000000 0.100000
vn 0.000000 0.000000 0.100000
vn 0.000000 0.000000 0.100000
vn 0.000000 0.000000 0.100000
vn 0.000000 0.000000 0.100000
vn 0.000000 0.000000 0.100000
vn 0.000000 0.000000 0.100000
vn 0.000000 0.000000 0.100000
vn 0.000000 0.000000 0.100000
vn 0.000000 0.000000 0.100000
vn 0.000000 0.000000 0.100000
vn 0.000000 0.000000 0.100000
vn 0.000000 0.000000 0.100000
vn 0.000000 0.000000 0.100000
vn 0.000000 0.000000 0.100000
vn 0.000000 0.000000 0.100000
vn 0.000000 0.000000 0.100000
vn 0.000000 0.000000 0.100000
vn 0.000000 0.000000 0.100000
vn 0.000000 0.000000 0.100000
vn 0.000000 0.000000 0.100000
vn 0.000000 0.000000 0.100000
vn 0.000000 0.000000 0.100000
vn 0.000000 0.000000 0.100000
vn 0.000000 0.000000 0.100000
vn 0.000000 0.000000 0.100000
vn 0.000000 0.000000 0.100000
vn 0.000000 0.000000 0.100000
vn 0.000000 0.000000 0.100000
vn 0.000000 0.000000 0.100000
vn 0.000000 0.000000 0.100000
vn 0.000000 0.000000 0.100000
vn 0.000000 0.000000 0.100000
vn 0.000000 0.000000 0.100000
vn 0.000000 0.000000 0.100000
vn 0.000000 0.000000 0.100000
vn 0.000000 0.000000 0.100000
vn 0.000000 0.000000 0.100000
vn 0.000000 0.000000 0.100000
vn 0.000000 0.000000 0.100000
vn 0.000000 0.000000 0.100000
vn 0.000000 0.000000 0.100000
vn 0.000000 0.000000 0.100000
vn 0.000000 0.000000 0.100000
vn 0.000000 0.000000 0.100000
vn 0.000000 0.000000 0.100000
vn 0.000000 0.000000 0.100000
vn 0.000000 0.000000 0.100000
vn 0.000000 0.000000 0.100000
vn 0.100000 0.000000 0.000000
vn 0.093247 -0.036124 0.000000
vn 0.073901 -0.067370 0.000000
vn 0.044574 -0.089516 0.000000
vn 0.009227 -0.099573 0.000000
vn -0.027366 -0.096183 0.000000
vn -0.060263 -0.079802 0.000000
vn -0.085022 -0.052643 0.000000
vn -0.098297 -0.018375 0.000000
vn -0.098297 0.018375 0.000000
vn -0.085022 0.052643 0.000000
vn -0.060263 0.079802 0.000000
vn -0.027366 0.096183 0.000000
vn 0.009227 0.099573 0.000000
vn 0.044574 0.089516 0.000000
vn 0.073901 0.067370 0.000000
vn 0.093247 0.036124 0.000000
vn 0.100000 0.000000 0.000000
vn 0.093247 0.036124 0.000000
vn 0.073901 0.067370 0.000000
vn 0.044574 0.089516 0.000000
vn 0.009227 0.099573 0.000000
vn -0.027366 0.096183 0.000000
vn -0.060263 0.079802 0.000000
vn -0.085022 0.052643 0.000000
vn -0.098297 0.018375 0.000000
vn -0.098297 -0.018375 0.000000
vn -0.085022 -0.052643 0.000000
vn -0.060263 -0.079802 0.000000
vn -0.027366 -0.096183 0.000000
vn 0.009227 -0.099573 0.000000
vn 0.044574 -0.089516 0.000000
vn 0.073901 -0.067370 0.000000
vn 0.093247 -0.036124 0.000000
vn -0.098297 0.018375 0.000000
vn -0.098297 0.018375 0.000000
vn -0.098297 0.018375 0.000000
vn -0.098297 0.018375 0.000000
vn 0.070711 0.000000 0.070711
vn 0.065936 -0.025544 0.070711
vn 0.052256 -0.047637 0.070711
vn 0.031518 -0.063298 0.070711
vn 0.006524 -0.070409 0.070711
vn -0.019351 -0.068011 0.070711
vn -0.042613 -0.056428 0.070711
vn -0.060119 -0.037224 0.070711
vn -0.069507 -0.012993 0.070711
vn -0.069507 0.012993 0.070711
vn -0.060119 0.037224 0.070711
vn -0.042613 0.056428 0.070711
vn -0.019351 0.068011 0.070711
vn 0.006524 0.070409 0.070711
vn 0.031518 0.063298 0.070711
vn 0.052256 0.047637 0.070711
vn 0.065936 0.025544 0.070711
vn -0.028916 0.064528 0.070711
vn -0.028942 0.064516 0.070711
vn -0.032802 0.062642 0.070711
vn -0.043689 0.055599 0.070711
vn -0.052824 0.047007 0.070711
vn -0.064487 0.029007 0.070711
vn -0.070217 0.008339 0.070711
vn -0.069487 -0.013097 0.070711
vn -0.062364 -0.033327 0.070711
vn -0.049503 -0.050492 0.070711
vn -0.032088 -0.063011 0.070711
vn -0.011721 -0.069733 0.070711
vn 0.009725 -0.070039 0.070711
vn 0.030276 -0.063901 0.070711
vn 0.048042 -0.051885 0.070711
vn 0.061387 -0.035094 0.070711
vn 0.069085 -0.015075 0.070711
vn 0.069986 -0.010096 0.070711
vn 0.070693 -0.001579 0.070711
vn 0.070091 0.009339 0.070711
vn 0.068094 0.019058 0.070711
vn 0.064849 0.028189 0.070711
vn 0.055261 0.044116 0.070711
vn 0.041853 0.056994 0.070711
vn 0.025552 0.065932 0.070711
vn 0.007485 0.070313 0.070711
vn -0.011099 0.069834 0.070711
vn 0.070693 -0.001579 0.070711
vn 0.070711 0.000000 0.070711
vn 0.070711 0.000000 0.070711
vn 0.000000 0.000000 0.100000
vn 0.000000 0.000000 0.100000
vn 0.000000 0.000000 0.100000
vn 0.000000 0.000000 0.100000
vn 0.000000 0.000000 0.100000
vn 0.000000 0.000000 0.100000
vn 0.000000 0.000000 0.100000
vn 0.000000 0.000000 0.100000
vn 0.000000 0.000000 0.100000
vn 0.000000 0.000000 0.100000
vn 0.000000 0.000000 0.100000
vn 0.000000 0.000000 0.100000
vn 0.000000 0.000000 0.100000
vn 0.000000 0.000000 0.100000
vn 0.000000 0.000000 0.100000
vn 0.000000 0.000000 0.100000
vn 0.000000 0.000000 0.100000
vn 0.000000 0.000000 0.100000
vn 0.000000 0.000000 0.100000
vn 0.000000 0.000000 0.100000
vn 0.000000 0.000000 0.100000
vn 0.000000 0.000000 0.100000
vn 0.000000 0.000000 0.100000
vn 0.000000 0.000000 0.100000
vn 0.000000 0.000000 0.100000
vn 0.000000 0.000000 0.100000
vn 0.000000 0.000000 0.100000
vn 0.000000 0.000000 0.100000
vn 0.000000 0.000000 0.100000
vn 0.000000 0.000000 0.100000
vn 0.000000 0.000000 0.100000
vn 0.000000 0.000000 0.100000
vn 0.000000 0.000000 0.100000
vn 0.000000 0.000000 0.100000
vn 0.000000 0.000000 0.100000
vn 0.000000 0.000000 0.100000
vn 0.000000 0.000000 0.100000
vn 0.000000 0.000000 0.100000
vn 0.000000 0.000000 0.100000
vn 0.000000 0.000000 0.100000
vn 0.000000 0.000000 0.100000
vn 0.000000 0.000000 0.100000
vn 0.000000 0.000000 0.100000
vn 0.000000 0.000000 0.100000
vn 0.000000 0.000000 0.100000
vn 0.000000 0.000000 0.100000
vn 0.000000 0.000000 0.100000
vn 0.000000 0.000000 0.100000
vn 0.000000 0.000000 0.100000
vn 0.000000 0.000000 0.100000
vn 0.000000 0.000000 0.100000
vn 0.000000 0.000000 0.100000
vn 0.000000 0.000000 0.100000
vn 0.000000 0.000000 0.100000
vn 0.000000 0.000000 0.100000
vn 0.000000 0.000000 0.100000
vn 0.000000 0.000000 0.100000
vn 0.000000 0.000000 0.100000
vn 0.000000 0.000000 0.100000
vn 0.000000 0.000000 0.100000
vn 0.000000 0.000000 0.100000
vn 0.000000 0.000000 0.100000
vn 0.000000 0.000000 0.100000
vn 0.000000 0.000000 0.100000
vn 0.000000 0.000000 0.100000
vn 0.000000 0.000000 0.100000
vn 0.000000 0.000000 0.100000
vn 0.000000 0.000000 0.100000
vn 0.000000 0.000000 0.100000
vn 0.000000 0.000000 0.100000
vn 0.000000 0.000000 0.100000
vn 0.000000 0.000000 0.100000
vn 0.000000 0.000000 0.100000
vn 0.000000 0.000000 0.100000
vn 0.000000 0.000000 0.100000
vn 0.000000 0.000000 0.100000
vn 0.000000 0.000000 0.100000
vn 0.000000 0.000000 0.100000
vn 0.000000 0.000000 0.100000
vn 0.000000 0.000000 0.100000
vn 0.000000 0.000000 0.100000
vn 0.000000 0.000000 0.100000
vn 0.000000 0.000000 0.100000
vn 0.000000 0.000000 0.100000
vn 0.000000 0.000000 0.100000
vn 0.000000 0.000000 0.100000
vn 0.000000 0.000000 0.100000
vn 0.000000 0.000000 0.100000
vn 0.000000 0.000000 0.100000
vn 0.000000 0.000000 0.100000
vn 0.100000 0.000000 0.000000
vn 0.093247 -0.036124 0.000000
vn 0.073901 -0.067370 0.000000
vn 0.044574 -0.089516 0.000000
vn 0.009227 -0.099573 0.000000
vn -0.027366 -0.096183 0.000000
vn -0.060263 -0.079802 0.000000
vn -0.085022 -0.052643 0.000000
vn -0.098297 -0.018375 0.000000
vn -0.098297 0.018375 0.000000
vn -0.085022 0.052643 0.000000
vn -0.060263 0.079802 0.000000
vn -0.027366 0.096183 0.000000
vn 0.009227 0.099573 0.000000
vn 0.044574 0.089516 0.000000
vn 0.073901 0.067370 0.000000
vn 0.093247 0.036124 0.000000
vn 0.100000 0.000000 0.000000
vn 0.093247 0.036124 0.000000
vn 0.073901 0.067370 0.000000
vn 0.044574 0.089516 0.000000
vn 0.009227 0.099573 0.000000
vn -0.027366 0.096183 0.000000
vn -0.060263 0.079802 0.000000
vn -0.085022 0.052643 0.000000
vn -0.098297 0.018375 0.000000
vn -0.098297 -0.018375 0.000000
vn -0.085022 -0.052643 0.000000
vn -0.060263 -0.079802 0.000000
vn -0.027366 -0.096183 0.000000
vn 0.009227 -0.099573 0.000000
vn 0.044574 -0.089516 0.000000
vn 0.073901 -0.067370 0.000000
vn 0.093247 -0.036124 0.000000
vn -0.098297 0.018375 0.000000
vn -0.098297 0.018375 0.000000
vn -0.098297 0.018375 0.000000
vn -0.098297 0.018375 0.000000
vn 0.070711 0.000000 0.070711
vn 0.065936 -0.025544 0.070711
vn 0.052256 -0.047637 0.070711
vn 0.031518 -0.063298 0.070711
vn 0.006524 -0.070409 0.070711
vn -0.019351 -0.068011 0.070711
vn -0.042613 -0.056428 0.070711
vn -0.060119 -0.037224 0.070711
vn -0.069507 -0.012993 0.070711
vn -0.069507 0.012993 0.070711
vn -0.060119 0.037224 0.070711
vn -0.042613 0.056428 0.070711
vn -0.019351 0.068011 0.070711
vn 0.006524 0.070409 0.070711
vn 0.031518 0.063298 0.070711
vn 0.052256 0.047637 0.070711
vn 0.065936 0.025544 0.070711
vn -0.068094 0.019058 0.070711
vn -0.070091 0.009339 0.070711
vn -0.070693 -0.001579 0.070711
vn -0.069986 -0.010096 0.070711
vn -0.069085 -0.015075 0.070711
vn -0.061387 -0.035094 0.070711
vn -0.048042 -0.051885 0.070711
vn -0.030276 -0.063901 0.070711
vn -0.009725 -0.070039 0.070711
vn 0.011721 -0.069733 0.070711
vn 0.032088 -0.063011 0.070711
vn 0.049503 -0.050492 0.070711
vn 0.062364 -0.033327 0.070711
vn 0.069487 -0.013097 0.070711
vn 0.070217 0.008339 0.070711
vn 0.064487 0.029007 0.070711
vn 0.052824 0.047007 0.070711
vn 0.043690 0.055599 0.070711
vn 0.032802 0.062642 0.070711
vn 0.028916 0.064528 0.070711
vn 0.011099 0.069834 0.070711
vn -0.007485 0.070313 0.070711
vn -0.025552 0.065932 0.070711
vn -0.041853 0.056994 0.070711
vn -0.055261 0.044116 0.070711
vn -0.064849 0.028189 0.070711
vn 0.069487 -0.013097 0.070711
vn 0.070711 0.000000 0.070711
vn 0.070711 0.000000 0.070711
vn 0.069487 -0.013097 0.070711
vn 0.000000 0.000000 0.100000
vn 0.000000 0.000000 0.100000
vn 0.000000 0.000000 0.100000
vn 0.000000 0.000000 0.100000
vn 0.000000 0.000000 0.100000
vn 0.000000 0.000000 0.100000
vn 0.000000 0.000000 0.100000
vn 0.000000 0.000000 0.100000
vn 0.000000 0.000000 0.100000
vn 0.000000 0.000000 0.100000
vn 0.000000 0.000000 0.100000
vn 0.000000 0.000000 0.100000
vn 0.000000 0.000000 0.100000
vn 0.000000 0.000000 0.100000
vn 0.000000 0.000000 0.100000
vn 0.000000 0.000000 0.100000
vn 0.000000 0.000000 0.100000
vn 0.000000 0.000000 0.100000
vn 0.000000 0.000000 0.100000
vn 0.000000 0.000000 0.100000
vn 0.000000 0.000000 0.100000
vn 0.000000 0.000000 0.100000
vn 0.000000 0.000000 0.100000
vn 0.000000 0.000000 0.100000
vn 0.000000 0.000000 0.100000
vn 0.000000 0.000000 0.100000
vn 0.000000 0.000000 0.100000
vn 0.000000 0.000000 0.100000
vn 0.000000 0.000000 0.100000
vn 0.000000 0.000000 0.100000
vn 0.000000 0.000000 0.100000
vn 0.000000 0.000000 0.100000
vn 0.000000 0.000000 0.100000
vn 0.000000 0.000000 0.100000
vn 0.000000 0.000000 0.100000
vn 0.000000 0.000000 0.100000
vn 0.000000 0.000000 0.100000
vn 0.000000 0.000000 0.100000
vn 0.000000 0.000000 0.100000
vn 0.000000 0.000000 0.100000
vn 0.000000 0.000000 0.100000
vn 0.000000 0.000000 0.100000
vn 0.000000 0.000000 0.100000
vn 0.000000 0.000000 0.100000
vn 0.000000 0.000000 0.100000
vn 0.000000 0.000000 0.100000
vn 0.000000 0.000000 0.100000
vn 0.000000 0.000000 0.100000
vn 0.000000 0.000000 0.100000
vn 0.000000 0.000000 0.100000
vn 0.000000 0.000000 0.100000
vn 0.000000 0.000000 0.100000
vn 0.000000 0.000000 0.100000
vn 0.000000 0.000000 0.100000
vn 0.000000 0.000000 0.100000
vn 0.000000 0.000000 0.100000
vn 0.000000 0.000000 0.100000
vn 0.000000 0.000000 0.100000
vn 0.000000 0.000000 0.100000
vn 0.000000 0.000000 0.100000
vn 0.000000 0.000000 0.100000
vn 0.000000 0.000000 0.100000
vn 0.000000 0.000000 0.100000
vn 0.000000 0.000000 0.100000
vn 0.000000 0.000000 0.100000
vn 0.000000 0.000000 0.100000
vn 0.000000 0.000000 0.100000
vn 0.000000 0.000000 0.100000
vn 0.000000 0.000000 0.100000
vn 0.000000 0.000000 0.100000
vn 0.000000 0.000000 0.100000
vn 0.000000 0.000000 0.100000
vn 0.000000 0.000000 0.100000
vn 0.000000 0.000000 0.100000
vn 0.000000 0.000000 0.100000
vn 0.000000 0.000000 0.100000
vn 0.000000 0.000000 0.100000
vn 0.000000 0.000000 0.100000
vn 0.000000 0.000000 0.100000
vn 0.000000 0.000000 0.100000
vn 0.000000 0.000000 0.100000
vn 0.000000 0.000000 0.100000
vn 0.000000 0.000000 0.100000
vn 0.000000 0.000000 0.100000
vn 0.000000 0.000000 0.100000
vn 0.000000 0.000000 0.100000
vn 0.000000 0.000000 0.100000
vn 0.000000 0.000000 0.100000
vn 0.000000 0.000000 0.100000
vn 0.000000 0.000000 0.100000
vn 0.100000 0.000000 0.000000
vn 0.093247 -0.036124 0.000000
vn 0.073901 -0.067370 0.000000
vn 0.044574 -0.089516 0.000000
vn 0.009227 -0.099573 0.000000
vn -0.027366 -0.096183 0.000000
vn -0.060263 -0.079802 0.000000
vn -0.085022 -0.052643 0.000000
vn -0.098297 -0.018375 0.000000
vn -0.098297 0.018375 0.000000
vn -0.085022 0.052643 0.000000
vn -0.060263 0.079802 0.000000
vn -0.027366 0.096183 0.000000
vn 0.009227 0.099573 0.000000
vn 0.044574 0.089516 0.000000
vn 0.073901 0.067370 0.000000
vn 0.093247 0.036124 0.000000
vn 0.100000 0.000000 0.000000
vn 0.093247 0.036124 0.000000
vn 0.073901 0.067370 0.000000
vn 0.044574 0.089516 0.000000
vn 0.009227 0.099573 0.000000
vn -0.027366 0.096183 0.000000
vn -0.060263 0.079802 0.000000
vn -0.085022 0.052643 0.000000
vn -0.098297 0.018375 0.000000
vn -0.098297 -0.018375 0.000000
vn -0.085022 -0.052643 0.000000
vn -0.060263 -0.079802 0.000000
vn -0.027366 -0.096183 0.000000
vn 0.009227 -0.099573 0.000000
vn 0.044574 -0.089516 0.000000
vn 0.073901 -0.067370 0.000000
vn 0.093247 -0.036124 0.000000
vn -0.098297 0.018375 0.000000
vn -0.098297 0.018375 0.000000
vn -0.098297 0.018375 0.000000
vn -0.098297 0.018375 0.000000
vn 0.100000 0.000000 0.000000
vn 0.093247 0.036124 0.000000
vn 0.073901 0.067370 0.000000
vn 0.044574 0.089516 0.000000
vn 0.009227 0.099573 0.000000
vn -0.027366 0.096183 0.000000
vn -0.060263 0.079802 0.000000
vn -0.085022 0.052643 0.000000
vn -0.098297 0.018375 0.000000
vn -0.098297 -0.018375 0.000000
vn -0.085022 -0.052643 0.000000
vn -0.060263 -0.079802 0.000000
vn -0.027366 -0.096183 0.000000
vn 0.009227 -0.099573 0.000000
vn 0.044574 -0.089516 0.000000
vn 0.073901 -0.067370 0.000000
vn 0.093247 -0.036124 0.000000
vn 0.000000 0.000000 0.100000
vn 0.000000 0.000000 0.100000
vn 0.000000 0.000000 0.100000
vn 0.000000 0.000000 0.100000
vn 0.000000 0.000000 0.100000
vn 0.000000 0.000000 0.100000
vn 0.000000 0.000000 0.100000
vn 0.000000 0.000000 0.100000
vn 0.000000 0.000000 0.100000
vn 0.000000 0.000000 0.100000
vn 0.000000 0.000000 0.100000
vn 0.000000 0.000000 0.100000
vn 0.000000 0.000000 0.100000
vn 0.000000 0.000000 0.100000
vn 0.000000 0.000000 0.100000
vn -0.086603 0.000000 0.050000
vn -0.050000 0.000000 0.086603
vn 0.013683 -0.048091 0.086603
vn 0.013683 0.048091 0.086603
vn 0.085128 0.015913 0.050000
vn 0.049149 0.009187 0.086603
vn 0.049149 -0.009187 0.086603
vn 0.085128 -0.015913 0.050000
vn 0.073631 0.045590 0.050000
vn 0.042511 0.026322 0.086603
vn 0.052190 0.069110 0.050000
vn 0.030132 0.039901 0.086603
vn 0.023700 0.083297 0.050000
vn -0.007991 0.086233 0.050000
vn -0.004613 0.049787 0.086603
vn -0.038602 0.077523 0.050000
vn -0.022287 0.044758 0.086603
vn -0.064000 0.058344 0.050000
vn -0.036950 0.033685 0.086603
vn -0.080754 0.031284 0.050000
vn -0.046624 0.018062 0.086603
vn -0.080754 -0.031284 0.050000
vn -0.046624 -0.018062 0.086603
vn -0.064000 -0.058344 0.050000
vn -0.036950 -0.033685 0.086603
vn -0.038602 -0.077523 0.050000
vn -0.022287 -0.044758 0.086603
vn -0.007991 -0.086233 0.050000
vn -0.004613 -0.049787 0.086603
vn 0.023700 -0.083297 0.050000
vn 0.052190 -0.069110 0.050000
vn 0.030132 -0.039901 0.086603
vn 0.073631 -0.045590 0.050000
vn 0.042511 -0.026322 0.086603
vn -0.086603 0.000000 0.050000
vn -0.086603 0.000000 0.050000
vn -0.098297 0.018375 0.000000
vn -0.098297 0.018375 0.000000
vn -0.086603 0.000000 0.050000
vn 0.000000 0.000000 0.100000
vn 0.000000 0.000000 0.100000
vn -0.086603 0.000000 0.050000
vn -0.050000 0.000000 0.086603
vn -0.050000 0.000000 0.086603
vn -0.050000 0.000000 0.086603
vn -0.050000 0.000000 0.086603
vn 0.000000 0.000000 0.100000
vn 0.000000 0.000000 0.100000
vn 0.000000 0.000000 0.100000
vn 0.000000 0.000000 0.100000
vn 0.000000 0.000000 0.100000
vn 0.000000 0.000000 0.100000
vn 0.000000 0.000000 0.100000
vn 0.000000 0.000000 0.100000
vn 0.000000 0.000000 0.100000
vn 0.000000 0.000000 0.100000
vn 0.000000 0.000000 0.100000
vn 0.000000 0.000000 0.100000
vn 0.000000 0.000000 0.100000
vn 0.000000 0.000000 0.100000
vn 0.000000 0.000000 0.100000
vn 0.000000 0.000000 0.100000
vn 0.000000 0.000000 0.100000
vn 0.000000 0.000000 0.100000
vn 0.000000 0.000000 0.100000
vn 0.000000 0.000000 0.100000
vn 0.000000 0.000000 0.100000
vn 0.000000 0.000000 0.100000
vn 0.000000 0.000000 0.100000
vn 0.000000 0.000000 0.100000
vn 0.000000 0.000000 0.100000
vn 0.000000 0.000000 0.100000
vn 0.000000 0.000000 0.100000
vn 0.000000 0.000000 0.100000
vn 0.100000 0.000000 0.000000
vn 0.093247 0.036124 0.000000
vn 0.073901 0.067370 0.000000
vn 0.044574 0.089516 0.000000
vn 0.009227 0.099573 0.000000
vn -0.027366 0.096183 0.000000
vn -0.060263 0.079802 0.000000
vn -0.085022 0.052643 0.000000
vn -0.098297 0.018375 0.000000
vn -0.098297 -0.018375 0.000000
vn -0.085022 -0.052643 0.000000
vn -0.060263 -0.079802 0.000000
vn -0.027366 -0.096183 0.000000
vn 0.009227 -0.099573 0.000000
vn 0.044574 -0.089516 0.000000
vn 0.073901 -0.067370 0.000000
vn 0.093247 -0.036124 0.000000
vn 0.000000 0.000000 0.100000
vn 0.000000 0.000000 0.100000
vn 0.000000 0.000000 0.100000
vn 0.000000 0.000000 0.100000
vn 0.000000 0.000000 0.100000
vn 0.000000 0.000000 0.100000
vn 0.000000 0.000000 0.100000
vn 0.000000 0.000000 0.100000
vn 0.000000 0.000000 0.100000
vn 0.000000 0.000000 0.100000
vn 0.000000 0.000000 0.100000
vn 0.000000 0.000000 0.100000
vn 0.000000 0.000000 0.100000
vn 0.000000 0.000000 0.100000
vn 0.000000 0.000000 0.100000
vn -0.086603 0.000000 0.050000
vn -0.050000 0.000000 0.086603
vn 0.013683 -0.048091 0.086603
vn 0.013683 0.048091 0.086603
vn 0.085128 0.015913 0.050000
vn 0.049149 0.009187 0.086603
vn 0.049149 -0.009187 0.086603
vn 0.085128 -0.015913 0.050000
vn 0.073631 0.045590 0.050000
vn 0.042511 0.026322 0.086603
vn 0.052190 0.069110 0.050000
vn 0.030132 0.039901 0.086603
vn 0.023700 0.083297 0.050000
vn -0.007991 0.086233 0.050000
vn -0.004613 0.049787 0.086603
vn -0.038602 0.077523 0.050000
vn -0.022287 0.044758 0.086603
vn -0.064000 0.058344 0.050000
vn -0.036950 0.033685 0.086603
vn -0.080754 0.031284 0.050000
vn -0.046624 0.018062 0.086603
vn -0.080754 -0.031284 0.050000
vn -0.046624 -0.018062 0.086603
vn -0.064000 -0.058344 0.050000
vn -0.036950 -0.033685 0.086603
vn -0.038602 -0.077523 0.050000
vn -0.022287 -0.044758 0.086603
vn -0.007991 -0.086233 0.050000
vn -0.004613 -0.049787 0.086603
vn 0.023700 -0.083297 0.050000
vn 0.052190 -0.069110 0.050000
vn 0.030132 -0.039901 0.086603
vn 0.073631 -0.045590 0.050000
vn 0.042511 -0.026322 0.086603
vn -0.086603 0.000000 0.050000
vn -0.086603 0.000000 0.050000
vn -0.098297 0.018375 0.000000
vn -0.098297 0.018375 0.000000
vn -0.086603 0.000000 0.050000
vn 0.000000 0.000000 0.100000
vn 0.000000 0.000000 0.100000
vn -0.086603 0.000000 0.050000
vn -0.050000 0.000000 0.086603
vn -0.050000 0.000000 0.086603
vn -0.050000 0.000000 0.086603
vn -0.050000 0.000000 0.086603
vn 0.000000 0.000000 0.100000
vn 0.000000 0.000000 0.100000
vn 0.000000 0.000000 0.100000
vn 0.000000 0.000000 0.100000
vn 0.000000 0.000000 0.100000
vn 0.000000 0.000000 0.100000
vn 0.000000 0.000000 0.100000
vn 0.000000 0.000000 0.100000
vn 0.000000 0.000000 0.100000
vn 0.000000 0.000000 0.100000
vn 0.000000 0.000000 0.100000
vn 0.000000 0.000000 0.100000
vn 0.000000 0.000000 0.100000
vn 0.000000 0.000000 0.100000
vn 0.000000 0.000000 0.100000
vn 0.000000 0.000000 0.100000
vn 0.000000 0.000000 0.100000
vn 0.000000 0.000000 0.100000
vn 0.000000 0.000000 0.100000
vn 0.000000 0.000000 0.100000
vn 0.000000 0.000000 0.100000
vn 0.000000 0.000000 0.100000
vn 0.000000 0.000000 0.100000
vn 0.000000 0.000000 0.100000
vn 0.000000 0.000000 0.100000
vn 0.000000 0.000000 0.100000
vn 0.000000 0.000000 0.100000
vn 0.000000 0.000000 0.100000
vn 0.100000 0.000000 0.000000
vn 0.093247 0.036124 0.000000
vn 0.073901 0.067370 0.000000
vn 0.044574 0.089516 0.000000
vn 0.009227 0.099573 0.000000
vn -0.027366 0.096183 0.000000
vn -0.060263 0.079802 0.000000
vn -0.085022 0.052643 0.000000
vn -0.098297 0.018375 0.000000
vn -0.098297 -0.018375 0.000000
vn -0.085022 -0.052643 0.000000
vn -0.060263 -0.079802 0.000000
vn -0.027366 -0.096183 0.000000
vn 0.009227 -0.099573 0.000000
vn 0.044574 -0.089516 0.000000
vn 0.073901 -0.067370 0.000000
vn 0.093247 -0.036124 0.000000
vn 0.000000 0.000000 0.100000
vn 0.000000 0.000000 0.100000
vn 0.000000 0.000000 0.100000
vn 0.000000 0.000000 0.100000
vn 0.000000 0.000000 0.100000
vn 0.000000 0.000000 0.100000
vn 0.000000 0.000000 0.100000
vn 0.000000 0.000000 0.100000
vn 0.000000 0.000000 0.100000
vn 0.000000 0.000000 0.100000
vn 0.000000 0.000000 0.100000
vn 0.000000 0.000000 0.100000
vn 0.000000 0.000000 0.100000
vn 0.000000 0.000000 0.100000
vn 0.000000 0.000000 0.100000
vn -0.086603 0.000000 0.050000
vn -0.050000 0.000000 0.086603
vn 0.013683 -0.048091 0.086603
vn 0.013683 0.048091 0.086603
vn 0.085128 0.015913 0.050000
vn 0.049149 0.009187 0.086603
vn 0.049149 -0.009187 0.086603
vn 0.085128 -0.015913 0.050000
vn 0.073631 0.045590 0.050000
vn 0.042511 0.026322 0.086603
vn 0.052190 0.069110 0.050000
vn 0.030132 0.039901 0.086603
vn 0.023700 0.083297 0.050000
vn -0.007991 0.086233 0.050000
vn -0.004613 0.049787 0.086603
vn -0.038602 0.077523 0.050000
vn -0.022287 0.044758 0.086603
vn -0.064000 0.058344 0.050000
vn -0.036950 0.033685 0.086603
vn -0.080754 0.031284 0.050000
vn -0.046624 0.018062 0.086603
vn -0.080754 -0.031284 0.050000
vn -0.046624 -0.018062 0.086603
vn -0.064000 -0.058344 0.050000
vn -0.036950 -0.033685 0.086603
vn -0.038602 -0.077523 0.050000
vn -0.022287 -0.044758 0.086603
vn -0.007991 -0.086233 0.050000
vn -0.004613 -0.049787 0.086603
vn 0.023700 -0.083297 0.050000
vn 0.052190 -0.069110 0.050000
vn 0.030132 -0.039901 0.086603
vn 0.073631 -0.045590 0.050000
vn 0.042511 -0.026322 0.086603
vn -0.086603 0.000000 0.050000
vn -0.086603 0.000000 0.050000
vn -0.098297 0.018375 0.000000
vn -0.098297 0.018375 0.000000
vn -0.086603 0.000000 0.050000
vn 0.000000 0.000000 0.100000
vn 0.000000 0.000000 0.100000
vn -0.086603 0.000000 0.050000
vn -0.050000 0.000000 0.086603
vn -0.050000 0.000000 0.086603
vn -0.050000 0.000000 0.086603
vn -0.050000 0.000000 0.086603
vn 0.000000 0.000000 0.100000
vn 0.000000 0.000000 0.100000
vn 0.000000 0.000000 0.100000
vn 0.000000 0.000000 0.100000
vn 0.000000 0.000000 0.100000
vn 0.000000 0.000000 0.100000
vn 0.000000 0.000000 0.100000
vn 0.000000 0.000000 0.100000
vn 0.000000 0.000000 0.100000
vn 0.000000 0.000000 0.100000
vn 0.000000 0.000000 0.100000
vn 0.000000 0.000000 0.100000
vn 0.000000 0.000000 0.100000
vn 0.000000 0.000000 0.100000
vn 0.000000 0.000000 0.100000
vn 0.000000 0.000000 0.100000
vn 0.000000 0.000000 0.100000
vn 0.000000 0.000000 0.100000
vn 0.000000 0.000000 0.100000
vn 0.000000 0.000000 0.100000
vn 0.000000 0.000000 0.100000
vn 0.000000 0.000000 0.100000
vn 0.000000 0.000000 0.100000
vn 0.000000 0.000000 0.100000
vn 0.000000 0.000000 0.100000
vn 0.000000 0.000000 0.100000
vn 0.000000 0.000000 0.100000
vn 0.000000 0.000000 0.100000
vn 0.100000 0.000000 0.000000
vn 0.093247 0.036124 0.000000
vn 0.073901 0.067370 0.000000
vn 0.044574 0.089516 0.000000
vn 0.009227 0.099573 0.000000
vn -0.027366 0.096183 0.000000
vn -0.060263 0.079802 0.000000
vn -0.085022 0.052643 0.000000
vn -0.098297 0.018375 0.000000
vn -0.098297 -0.018375 0.000000
vn -0.085022 -0.052643 0.000000
vn -0.060263 -0.079802 0.000000
vn -0.027366 -0.096183 0.000000
vn 0.009227 -0.099573 0.000000
vn 0.044574 -0.089516 0.000000
vn 0.073901 -0.067370 0.000000
vn 0.093247 -0.036124 0.000000
vn 0.000000 0.000000 0.100000
vn 0.000000 0.000000 0.100000
vn 0.000000 0.000000 0.100000
vn 0.000000 0.000000 0.100000
vn 0.000000 0.000000 0.100000
vn 0.000000 0.000000 0.100000
vn 0.000000 0.000000 0.100000
vn 0.000000 0.000000 0.100000
vn 0.000000 0.000000 0.100000
vn 0.000000 0.000000 0.100000
vn 0.000000 0.000000 0.100000
vn 0.000000 0.000000 0.100000
vn 0.000000 0.000000 0.100000
vn 0.000000 0.000000 0.100000
vn 0.000000 0.000000 0.100000
vn -0.086603 0.000000 0.050000
vn -0.050000 0.000000 0.086603
vn 0.013683 -0.048091 0.086603
vn 0.013683 0.048091 0.086603
vn 0.085128 0.015913 0.050000
vn 0.049149 0.009187 0.086603
vn 0.049149 -0.009187 0.086603
vn 0.085128 -0.015913 0.050000
vn 0.073631 0.045590 0.050000
vn 0.042511 0.026322 0.086603
vn 0.052190 0.069110 0.050000
vn 0.030132 0.039901 0.086603
vn 0.023700 0.083297 0.050000
vn -0.007991 0.086233 0.050000
vn -0.004613 0.049787 0.086603
vn -0.038602 0.077523 0.050000
vn -0.022287 0.044758 0.086603
vn -0.064000 0.058344 0.050000
vn -0.036950 0.033685 0.086603
vn -0.080754 0.031284 0.050000
vn -0.046624 0.018062 0.086603
vn -0.080754 -0.031284 0.050000
vn -0.046624 -0.018062 0.086603
vn -0.064000 -0.058344 0.050000
vn -0.036950 -0.033685 0.086603
vn -0.038602 -0.077523 0.050000
vn -0.022287 -0.044758 0.086603
vn -0.007991 -0.086233 0.050000
vn -0.004613 -0.049787 0.086603
vn 0.023700 -0.083297 0.050000
vn 0.052190 -0.069110 0.050000
vn 0.030132 -0.039901 0.086603
vn 0.073631 -0.045590 0.050000
vn 0.042511 -0.026322 0.086603
vn -0.086603 0.000000 0.050000
vn -0.086603 0.000000 0.050000
vn -0.098297 0.018375 0.000000
vn -0.098297 0.018375 0.000000
vn -0.086603 0.000000 0.050000
vn 0.000000 0.000000 0.100000
vn 0.000000 0.000000 0.100000
vn -0.086603 0.000000 0.050000
vn -0.050000 0.000000 0.086603
vn -0.050000 0.000000 0.086603
vn -0.050000 0.000000 0.086603
vn -0.050000 0.000000 0.086603
vn 0.000000 0.000000 0.100000
vn 0.000000 0.000000 0.100000
vn 0.000000 0.000000 0.100000
vn 0.000000 0.000000 0.100000
vn 0.000000 0.000000 0.100000
vn 0.000000 0.000000 0.100000
vn 0.000000 0.000000 0.100000
vn 0.000000 0.000000 0.100000
vn 0.000000 0.000000 0.100000
vn 0.000000 0.000000 0.100000
vn 0.000000 0.000000 0.100000
vn 0.000000 0.000000 0.100000
vn 0.000000 0.000000 0.100000
vn 0.000000 0.000000 0.100000
vn 0.000000 0.000000 0.100000
vn 0.000000 0.000000 0.100000
vn 0.000000 0.000000 0.100000
vn 0.000000 0.000000 0.100000
vn 0.000000 0.000000 0.100000
vn 0.000000 0.000000 0.100000
vn 0.000000 0.000000 0.100000
vn 0.000000 0.000000 0.100000
vn 0.000000 0.000000 0.100000
vn 0.000000 0.000000 0.100000
vn 0.000000 0.000000 0.100000
vn 0.000000 0.000000 0.100000
vn 0.000000 0.000000 0.100000
vn 0.000000 0.000000 0.100000
vn 0.100000 0.000000 0.000000
vn 0.088546 -0.046472 0.000000
vn 0.056806 -0.082298 0.000000
vn 0.012054 -0.099271 0.000000
vn -0.035460 -0.093502 0.000000
vn -0.074851 -0.066312 0.000000
vn -0.097094 -0.023932 0.000000
vn -0.097094 0.023932 0.000000
vn -0.074851 0.066312 0.000000
vn -0.035460 0.093502 0.000000
vn 0.012054 0.099271 0.000000
vn 0.056806 0.082298 0.000000
vn 0.088546 0.046472 0.000000
vn -0.100000 0.000000 0.000000
vn -0.088546 -0.046472 0.000000
vn -0.056806 -0.082298 0.000000
vn -0.012054 -0.099271 0.000000
vn 0.035460 -0.093502 0.000000
vn 0.074851 -0.066312 0.000000
vn 0.097094 -0.023932 0.000000
vn 0.097094 0.023932 0.000000
vn 0.074851 0.066312 0.000000
vn 0.035460 0.093502 0.000000
vn -0.012054 0.099271 0.000000
vn -0.056806 0.082298 0.000000
vn -0.088546 0.046472 0.000000
vn 0.097094 -0.023932 0.000000
vn 0.100000 0.000000 0.000000
vn 0.100000 0.000000 0.000000
vn 0.097094 -0.023932 0.000000
vn 0.100000 0.000000 0.000000
vn 0.088546 -0.046472 0.000000
vn 0.056806 -0.082298 0.000000
vn 0.012054 -0.099271 0.000000
vn -0.035460 -0.093502 0.000000
vn -0.074851 -0.066312 0.000000
vn -0.097094 -0.023932 0.000000
vn -0.097094 0.023932 0.000000
vn -0.074851 0.066312 0.000000
vn -0.035460 0.093502 0.000000
vn 0.012054 0.099271 0.000000
vn 0.056806 0.082298 0.000000
vn 0.088546 0.046472 0.000000
vn -0.100000 0.000000 0.000000
vn -0.088546 -0.046472 0.000000
vn -0.056806 -0.082298 0.000000
vn -0.012054 -0.099271 0.000000
vn 0.035460 -0.093502 0.000000
vn 0.074851 -0.066312 0.000000
vn 0.097094 -0.023932 0.000000
vn 0.097094 0.023932 0.000000
vn 0.074851 0.066312 0.000000
vn 0.035460 0.093502 0.000000
vn -0.012054 0.099271 0.000000
vn -0.056806 0.082298 0.000000
vn -0.088546 0.046472 0.000000
vn 0.097094 -0.023932 0.000000
vn 0.100000 0.000000 0.000000
vn 0.100000 0.000000 0.000000
vn 0.097094 -0.023932 0.000000
vn 0.100000 0.000000 0.000000
vn 0.088546 -0.046472 0.000000
vn 0.056806 -0.082298 0.000000
vn 0.012054 -0.099271 0.000000
vn -0.035460 -0.093502 0.000000
vn -0.074851 -0.066312 0.000000
vn -0.097094 -0.023932 0.000000
vn -0.097094 0.023932 0.000000
vn -0.074851 0.066312 0.000000
vn -0.035460 0.093502 0.000000
vn 0.012054 0.099271 0.000000
vn 0.056806 0.082298 0.000000
vn 0.088546 0.046472 0.000000
vn -0.100000 0.000000 0.000000
vn -0.088546 -0.046472 0.000000
vn -0.056806 -0.082298 0.000000
vn -0.012054 -0.099271 0.000000
vn 0.035460 -0.093502 0.000000
vn 0.074851 -0.066312 0.000000
vn 0.097094 -0.023932 0.000000
vn 0.097094 0.023932 0.000000
vn 0.074851 0.066312 0.000000
vn 0.035460 0.093502 0.000000
vn -0.012054 0.099271 0.000000
vn -0.056806 0.082298 0.000000
vn -0.088546 0.046472 0.000000
vn 0.097094 -0.023932 0.000000
vn 0.100000 0.000000 0.000000
vn 0.100000 0.000000 0.000000
vn 0.097094 -0.023932 0.000000
vn 0.100000 0.000000 0.000000
vn 0.088546 -0.046472 0.000000
vn 0.056806 -0.082298 0.000000
vn 0.012054 -0.099271 0.000000
vn -0.035460 -0.093502 0.000000
vn -0.074851 -0.066312 0.000000
vn -0.097094 -0.023932 0.000000
vn -0.097094 0.023932 0.000000
vn -0.074851 0.066312 0.000000
vn -0.035460 0.093502 0.000000
vn 0.012054 0.099271 0.000000
vn 0.056806 0.082298 0.000000
vn 0.088546 0.046472 0.000000
vn -0.100000 0.000000 0.000000
vn -0.088546 -0.046472 0.000000
vn -0.056806 -0.082298 0.000000
vn -0.012054 -0.099271 0.000000
vn 0.035460 -0.093502 0.000000
vn 0.074851 -0.066312 0.000000
vn 0.097094 -0.023932 0.000000
vn 0.097094 0.023932 0.000000
vn 0.074851 0.066312 0.000000
vn 0.035460 0.093502 0.000000
vn -0.012054 0.099271 0.000000
vn -0.056806 0.082298 0.000000
vn -0.088546 0.046472 0.000000
vn 0.097094 -0.023932 0.000000
vn 0.100000 0.000000 0.000000
vn 0.100000 0.000000 0.000000
vn 0.097094 -0.023932 0.000000
vn -0.100000 0.000000 0.000000
vn -0.086603 0.050000 0.000000
vn -0.050000 0.086603 0.000000
vn 0.000000 0.100000 0.000000
vn 0.000000 0.100000 0.000000
vn -0.050000 0.086603 0.000000
vn -0.086603 0.050000 0.000000
vn -0.100000 0.000000 0.000000
vn 0.000000 0.100000 0.000000
vn 0.000000 0.100000 0.000000
vn 0.000000 0.100000 0.000000
vn 0.000000 0.100000 0.000000
vn 0.059874 -0.080094 0.000000
vn 0.041501 -0.090982 0.000000
vn 0.021235 -0.097719 0.000000
vn 0.000000 -0.100000 0.000000
vn 0.000000 -0.100000 0.000000
vn 0.021235 -0.097719 0.000000
vn 0.041501 -0.090982 0.000000
vn 0.059874 -0.080094 0.000000
vn 0.000000 -0.100000 0.000000
vn 0.000000 -0.100000 0.000000
vn 0.000000 -0.100000 0.000000
vn 0.000000 -0.100000 0.000000
vn -0.100000 0.000000 0.000000
vn -0.086603 0.050000 0.000000
vn -0.050000 0.086603 0.000000
vn 0.000000 0.100000 0.000000
vn 0.000000 0.100000 0.000000
vn -0.050000 0.086603 0.000000
vn -0.086603 0.050000 0.000000
vn -0.100000 0.000000 0.000000
vn 0.000000 0.100000 0.000000
vn 0.000000 0.100000 0.000000
vn 0.000000 0.100000 0.000000
vn 0.000000 0.100000 0.000000
vn 0.000000 0.100000 0.000000
vn 0.021235 0.097719 0.000000
vn 0.041501 0.090982 0.000000
vn 0.059874 0.080094 0.000000
vn 0.059874 0.080094 0.000000
vn 0.041501 0.090982 0.000000
vn 0.021235 0.097719 0.000000
vn 0.000000 0.100000 0.000000
vn 0.059874 -0.080094 0.000000
vn 0.059874 -0.080094 0.000000
vn 0.019806 -0.098019 0.000000
vn -0.024077 -0.097058 0.000000
vn -0.063322 -0.077397 0.000000
vn -0.090366 -0.042824 0.000000
vn -0.100000 0.000000 0.000000
vn -0.090366 0.042824 0.000000
vn -0.063322 0.077397 0.000000
vn -0.024077 0.097058 0.000000
vn 0.019806 0.098019 0.000000
vn 0.059874 0.080094 0.000000
vn 0.059874 0.080094 0.000000
vn 0.019806 0.098019 0.000000
vn -0.024077 0.097058 0.000000
vn -0.063322 0.077397 0.000000
vn -0.090366 0.042824 0.000000
vn -0.100000 0.000000 0.000000
vn -0.090366 -0.042824 0.000000
vn -0.063322 -0.077397 0.000000
vn -0.024077 -0.097058 0.000000
vn 0.019806 -0.098019 0.000000
vn 0.000000 0.100000 0.000000
vn 0.021235 0.097719 0.000000
vn 0.041501 0.090982 0.000000
vn 0.059874 0.080094 0.000000
vn 0.059874 0.080094 0.000000
vn 0.041501 0.090982 0.000000
vn 0.021235 0.097719 0.000000
vn 0.000000 0.100000 0.000000
vn 0.059874 0.080094 0.000000
vn 0.059874 0.080094 0.000000
vn 0.019806 0.098019 0.000000
vn -0.024077 0.097058 0.000000
vn -0.063322 0.077397 0.000000
vn -0.090366 0.042824 0.000000
vn -0.100000 0.000000 0.000000
vn -0.090366 -0.042824 0.000000
vn -0.063322 -0.077397 0.000000
vn -0.024077 -0.097058 0.000000
vn 0.019806 -0.098019 0.000000
vn 0.059874 -0.080094 0.000000
vn 0.059874 -0.080094 0.000000
vn 0.019806 -0.098019 0.000000
vn -0.024077 -0.097058 0.000000
vn -0.063322 -0.077397 0.000000
vn -0.090366 -0.042824 0.000000
vn -0.100000 0.000000 0.000000
vn -0.090366 0.042824 0.000000
vn -0.063322 0.077397 0.000000
vn -0.024077 0.097058 0.000000
vn 0.019806 0.098019 0.000000
vn 0.000000 -0.100000 0.000000
vn -0.050000 -0.086603 0.000000
vn -0.086603 -0.050000 0.000000
vn -0.100000 0.000000 0.000000
vn -0.100000 0.000000 0.000000
vn -0.086603 -0.050000 0.000000
vn -0.050000 -0.086603 0.000000
vn 0.000000 -0.100000 0.000000
vn -0.100000 0.000000 0.000000
vn -0.100000 0.000000 0.000000
vn -0.100000 0.000000 0.000000
vn -0.100000 0.000000 0.000000
vn -0.100000 0.000000 0.000000
vn -0.086603 0.050000 0.000000
vn -0.050000 0.086603 0.000000
vn 0.000000 0.100000 0.000000
vn 0.000000 0.100000 0.000000
vn -0.050000 0.086603 0.000000
vn -0.086603 0.050000 0.000000
vn -0.100000 0.000000 0.000000
vn 0.000000 0.100000 0.000000
vn 0.000000 0.100000 0.000000
vn 0.000000 0.100000 0.000000
vn 0.000000 0.100000 0.000000
vn -0.100000 0.000000 0.000000
vn -0.086603 0.050000 0.000000
vn -0.050000 0.086603 0.000000
vn 0.000000 0.100000 0.000000
vn 0.000000 0.100000 0.000000
vn -0.050000 0.086603 0.000000
vn -0.086603 0.050000 0.000000
vn -0.100000 0.000000 0.000000
vn 0.000000 0.100000 0.000000
vn 0.000000 0.100000 0.000000
vn 0.000000 0.100000 0.000000
vn 0.000000 0.100000 0.000000
vn 0.059874 -0.080094 0.000000
vn 0.041501 -0.090982 0.000000
vn 0.021235 -0.097719 0.000000
vn 0.000000 -0.100000 0.000000
vn 0.000000 -0.100000 0.000000
vn 0.021235 -0.097719 0.000000
vn 0.041501 -0.090982 0.000000
vn 0.059874 -0.080094 0.000000
vn 0.000000 -0.100000 0.000000
vn 0.000000 -0.100000 0.000000
vn 0.000000 -0.100000 0.000000
vn 0.000000 -0.100000 0.000000
vn 0.000000 -0.100000 0.000000
vn -0.050000 -0.086603 0.000000
vn -0.086603 -0.050000 0.000000
vn -0.100000 0.000000 0.000000
vn -0.100000 0.000000 0.000000
vn -0.086603 -0.050000 0.000000
vn -0.050000 -0.086603 0.000000
vn 0.000000 -0.100000 0.000000
vn -0.100000 0.000000 0.000000
vn -0.100000 0.000000 0.000000
vn -0.100000 0.000000 0.000000
vn -0.100000 0.000000 0.000000
vn 0.000000 -0.100000 0.000000
vn -0.050000 -0.086603 0.000000
vn -0.086603 -0.050000 0.000000
vn -0.100000 0.000000 0.000000
vn -0.100000 0.000000 0.000000
vn -0.086603 -0.050000 0.000000
vn -0.050000 -0.086603 0.000000
vn 0.000000 -0.100000 0.000000
vn -0.100000 0.000000 0.000000
vn -0.100000 0.000000 0.000000
vn -0.100000 0.000000 0.000000
vn -0.100000 0.000000 0.000000
vn 0.000000 -0.100000 0.000000
vn -0.050000 -0.086603 0.000000
vn -0.086603 -0.050000 0.000000
vn -0.100000 0.000000 0.000000
vn -0.100000 0.000000 0.000000
vn -0.086603 -0.050000 0.000000
vn -0.050000 -0.086603 0.000000
vn 0.000000 -0.100000 0.000000
vn -0.100000 0.000000 0.000000
vn -0.100000 0.000000 0.000000
vn -0.100000 0.000000 0.000000
vn -0.100000 0.000000 0.000000
vn 0.000000 -0.100000 0.000000
vn -0.021235 -0.097719 0.000000
vn -0.041501 -0.090982 0.000000
vn -0.059874 -0.080094 0.000000
vn -0.059874 -0.080094 0.000000
vn -0.041501 -0.090982 0.000000
vn -0.021235 -0.097719 0.000000
vn 0.000000 -0.100000 0.000000
vn -0.059874 -0.080094 0.000000
vn -0.059874 -0.080094 0.000000
vn -0.019806 -0.098019 0.000000
vn 0.024077 -0.097058 0.000000
vn 0.063322 -0.077397 0.000000
vn 0.090366 -0.042824 0.000000
vn 0.100000 0.000000 0.000000
vn 0.090366 0.042824 0.000000
vn 0.063322 0.077397 0.000000
vn 0.024077 0.097058 0.000000
vn -0.019806 0.098019 0.000000
vn -0.059874 0.080094 0.000000
vn -0.059874 0.080094 0.000000
vn -0.019806 0.098019 0.000000
vn 0.024077 0.097058 0.000000
vn 0.063322 0.077397 0.000000
vn 0.090366 0.042824 0.000000
vn 0.100000 0.000000 0.000000
vn 0.090366 -0.042824 0.000000
vn 0.063322 -0.077397 0.000000
vn 0.024077 -0.097058 0.000000
vn -0.019806 -0.098019 0.000000
vn -0.059874 0.080094 0.000000
vn -0.041501 0.090982 0.000000
vn -0.021235 0.097719 0.000000
vn 0.000000 0.100000 0.000000
vn 0.000000 0.100000 0.000000
vn -0.021235 0.097719 0.000000
vn -0.041501 0.090982 0.000000
vn -0.059874 0.080094 0.000000
vn 0.000000 0.100000 0.000000
vn 0.000000 0.100000 0.000000
vn 0.000000 0.100000 0.000000
vn 0.000000 0.100000 0.000000
vn -0.059874 0.080094 0.000000
vn -0.041501 0.090982 0.000000
vn -0.021235 0.097719 0.000000
vn 0.000000 0.100000 0.000000
vn 0.000000 0.100000 0.000000
vn -0.021235 0.097719 0.000000
vn -0.041501 0.090982 0.000000
vn -0.059874 0.080094 0.000000
vn 0.000000 0.100000 0.000000
vn 0.000000 0.100000 0.000000
vn 0.000000 0.100000 0.000000
vn 0.000000 0.100000 0.000000
vn 0.100000 0.000000 0.000000
vn 0.086603 -0.050000 0.000000
vn 0.050000 -0.086603 0.000000
vn 0.000000 -0.100000 0.000000
vn 0.000000 -0.100000 0.000000
vn 0.050000 -0.086603 0.000000
vn 0.086603 -0.050000 0.000000
vn 0.100000 0.000000 0.000000
vn 0.100000 0.000000 0.000000
vn 0.100000 0.000000 0.000000
vn 0.100000 0.000000 0.000000
vn 0.100000 0.000000 0.000000
vn 0.000000 0.100000 0.000000
vn 0.050000 0.086603 0.000000
vn 0.086603 0.050000 0.000000
vn 0.100000 0.000000 0.000000
vn 0.100000 0.000000 0.000000
vn 0.086603 0.050000 0.000000
vn 0.050000 0.086603 0.000000
vn 0.000000 0.100000 0.000000
vn 0.000000 -0.100000 0.000000
vn -0.021235 -0.097719 0.000000
vn -0.041501 -0.090982 0.000000
vn -0.059874 -0.080094 0.000000
vn -0.059874 -0.080094 0.000000
vn -0.041501 -0.090982 0.000000
vn -0.021235 -0.097719 0.000000
vn 0.000000 -0.100000 0.000000
vn -0.059874 0.080094 0.000000
vn -0.059874 0.080094 0.000000
vn -0.019806 0.098019 0.000000
vn 0.024077 0.097058 0.000000
vn 0.063322 0.077397 0.000000
vn 0.090366 0.042824 0.000000
vn 0.100000 0.000000 0.000000
vn 0.090366 -0.042824 0.000000
vn 0.063322 -0.077397 0.000000
vn 0.024077 -0.097058 0.000000
vn -0.019806 -0.098019 0.000000
vn -0.059874 -0.080094 0.000000
vn -0.059874 -0.080094 0.000000
vn -0.019806 -0.098019 0.000000
vn 0.024077 -0.097058 0.000000
vn 0.063322 -0.077397 0.000000
vn 0.090366 -0.042824 0.000000
vn 0.100000 0.000000 0.000000
vn 0.090366 0.042824 0.000000
vn 0.063322 0.077397 0.000000
vn 0.024077 0.097058 0.000000
vn -0.019806 0.098019 0.000000
vn 0.100000 0.000000 0.000000
vn 0.086603 -0.050000 0.000000
vn 0.050000 -0.086603 0.000000
vn 0.000000 -0.100000 0.000000
vn 0.000000 -0.100000 0.000000
vn 0.050000 -0.086603 0.000000
vn 0.086603 -0.050000 0.000000
vn 0.100000 0.000000 0.000000
vn 0.100000 0.000000 0.000000
vn 0.100000 0.000000 0.000000
vn 0.100000 0.000000 0.000000
vn 0.100000 0.000000 0.000000
vn 0.000000 0.100000 0.000000
vn 0.050000 0.086603 0.000000
vn 0.086603 0.050000 0.000000
vn 0.100000 0.000000 0.000000
vn 0.100000 0.000000 0.000000
vn 0.086603 0.050000 0.000000
vn 0.050000 0.086603 0.000000
vn 0.000000 0.100000 0.000000
vn 0.000000 0.100000 0.000000
vn 0.050000 0.086603 0.000000
vn 0.086603 0.050000 0.000000
vn 0.100000 0.000000 0.000000
vn 0.100000 0.000000 0.000000
vn 0.086603 0.050000 0.000000
vn 0.050000 0.086603 0.000000
vn 0.000000 0.100000 0.000000
vn 0.100000 0.000000 0.000000
vn 0.100000 0.000000 0.000000
vn 0.100000 0.000000 0.000000
vn 0.100000 0.000000 0.000000
vn 0.100000 0.000000 0.000000
vn 0.086603 -0.050000 0.000000
vn 0.050000 -0.086603 0.000000
vn 0.000000 -0.100000 0.000000
vn 0.000000 -0.100000 0.000000
vn 0.050000 -0.086603 0.000000
vn 0.086603 -0.050000 0.000000
vn 0.100000 0.000000 0.000000
vn 0.000000 -0.100000 0.000000
vn 0.000000 -0.100000 0.000000
vn 0.000000 -0.100000 0.000000
vn 0.000000 -0.100000 0.000000
vn 0.000000 0.100000 0.000000
vn 0.050000 0.086603 0.000000
vn 0.086603 0.050000 0.000000
vn 0.100000 0.000000 0.000000
vn 0.100000 0.000000 0.000000
vn 0.086603 0.050000 0.000000
vn 0.050000 0.086603 0.000000
vn 0.000000 0.100000 0.000000
vn 0.100000 0.000000 0.000000
vn 0.100000 0.000000 0.000000
vn 0.100000 0.000000 0.000000
vn 0.100000 0.000000 0.000000
vn 0.100000 0.000000 0.000000
vn 0.086603 -0.050000 0.000000
vn 0.050000 -0.086603 0.000000
vn 0.000000 -0.100000 0.000000
vn 0.000000 -0.100000 0.000000
vn 0.050000 -0.086603 0.000000
vn 0.086603 -0.050000 0.000000
vn 0.100000 0.000000 0.000000
vn 0.071854 0.069549 0.000000
vn 0.093000 0.036757 0.000000
vn 0.099987 -0.001630 0.000000
vn 0.091752 -0.039769 0.000000
vn 0.069549 -0.071854 0.000000
vn 0.069549 -0.071854 0.000000
vn 0.069618 -0.071787 0.000000
vn 0.091781 -0.039703 0.000000
vn 0.099987 -0.001582 0.000000
vn 0.092991 0.036780 0.000000
vn 0.071854 0.069549 0.000000
vn 0.069549 -0.071854 0.000000
vn 0.069549 -0.071854 0.000000
vn 0.069549 -0.071854 0.000000
vn 0.069549 -0.071854 0.000000
vn -0.069549 -0.071854 0.000000
vn -0.091752 -0.039769 0.000000
vn -0.099987 -0.001630 0.000000
vn -0.093000 0.036757 0.000000
vn -0.071854 0.069549 0.000000
vn -0.071854 0.069549 0.000000
vn -0.092991 0.036780 0.000000
vn -0.099987 -0.001582 0.000000
vn -0.091781 -0.039703 0.000000
vn -0.069618 -0.071787 0.000000
vn -0.069595 -0.071809 0.000000
vn -0.069572 -0.071832 0.000000
vn -0.069549 -0.071854 0.000000
vn -0.071854 0.069549 0.000000
vn -0.071854 0.069549 0.000000
vn -0.071854 0.069549 0.000000
vn -0.071854 0.069549 0.000000
vn 0.071854 -0.069549 0.000000
vn 0.041262 -0.091090 0.000000
vn 0.004894 -0.099880 0.000000
vn -0.032160 -0.094688 0.000000
vn -0.064711 -0.076240 0.000000
vn -0.064711 -0.076240 0.000000
vn -0.032160 -0.094688 0.000000
vn 0.004894 -0.099880 0.000000
vn 0.041262 -0.091090 0.000000
vn 0.071854 -0.069549 0.000000
vn 0.071854 -0.069549 0.000000
vn 0.071854 -0.069549 0.000000
vn 0.071854 -0.069549 0.000000
vn 0.071854 -0.069549 0.000000
vn 0.000000 -0.100000 0.000000
vn 0.024834 -0.096867 0.000000
vn 0.048113 -0.087665 0.000000
vn 0.068377 -0.072970 0.000000
vn 0.083856 -0.054481 0.000000
vn 0.095610 -0.029305 0.000000
vn 0.100000 0.000079 0.000000
vn 0.095743 0.028867 0.000000
vn 0.095743 0.028867 0.000000
vn 0.099681 -0.007981 0.000000
vn 0.089931 -0.043732 0.000000
vn 0.067830 -0.073478 0.000000
vn 0.036416 -0.093134 0.000000
vn 0.000000 -0.100000 0.000000
vn 0.000000 -0.100000 0.000000
vn 0.000000 -0.100000 0.000000
vn 0.000000 -0.100000 0.000000
vn 0.000000 -0.100000 0.000000
vn 0.000000 0.100000 0.000000
vn 0.038268 0.092388 0.000000
vn 0.070711 0.070711 0.000000
vn 0.092388 0.038268 0.000000
vn 0.100000 0.000000 0.000000
vn 0.100000 0.000000 0.000000
vn 0.092388 0.038268 0.000000
vn 0.070711 0.070711 0.000000
vn 0.038268 0.092388 0.000000
vn 0.000000 0.100000 0.000000
vn 0.100000 0.000000 0.000000
vn 0.100000 0.000000 0.000000
vn 0.100000 0.000000 0.000000
vn 0.100000 0.000000 0.000000
vn 0.000000 -0.100000 0.000000
vn -0.038268 -0.092388 0.000000
vn -0.070711 -0.070711 0.000000
vn -0.092388 -0.038268 0.000000
vn -0.100000 0.000000 0.000000
vn -0.100000 0.000000 0.000000
vn -0.092388 -0.038268 0.000000
vn -0.070711 -0.070711 0.000000
vn -0.038268 -0.092388 0.000000
vn 0.000000 -0.100000 0.000000
vn -0.100000 0.000000 0.000000
vn -0.100000 0.000000 0.000000
vn -0.100000 0.000000 0.000000
vn -0.100000 0.000000 0.000000
vn 0.000000 0.100000 0.000000
vn -0.024834 0.096867 0.000000
vn -0.048113 0.087665 0.000000
vn -0.068377 0.072970 0.000000
vn -0.083856 0.054481 0.000000
vn -0.095610 0.029305 0.000000
vn -0.100000 -0.000079 0.000000
vn -0.095743 -0.028867 0.000000
vn -0.095743 -0.028867 0.000000
vn -0.099681 0.007981 0.000000
vn -0.089931 0.043732 0.000000
vn -0.067830 0.073478 0.000000
vn -0.036416 0.093134 0.000000
vn 0.000000 0.100000 0.000000
vn 0.000000 0.100000 0.000000
vn 0.000000 0.100000 0.000000
vn 0.000000 0.100000 0.000000
vn 0.000000 0.100000 0.000000
vn -0.071854 0.069549 0.000000
vn -0.041262 0.091090 0.000000
vn -0.004894 0.099880 0.000000
vn 0.032160 0.094688 0.000000
vn 0.064711 0.076240 0.000000
vn 0.064711 0.076240 0.000000
vn 0.032160 0.094688 0.000000
vn -0.004894 0.099880 0.000000
vn -0.041262 0.091090 0.000000
vn -0.071854 0.069549 0.000000
vn -0.071854 0.069549 0.000000
vn -0.071854 0.069549 0.000000
vn -0.071854 0.069549 0.000000
vn -0.071854 0.069549 0.000000
vn 0.069549 0.071854 0.000000
vn 0.091752 0.039769 0.000000
vn 0.099987 0.001630 0.000000
vn 0.093000 -0.036757 0.000000
vn 0.071854 -0.069549 0.000000
vn 0.071854 -0.069549 0.000000
vn 0.092991 -0.036780 0.000000
vn 0.099987 0.001582 0.000000
vn 0.091781 0.039703 0.000000
vn 0.069618 0.071787 0.000000
vn 0.069595 0.071809 0.000000
vn 0.069572 0.071832 0.000000
vn 0.069549 0.071854 0.000000
vn 0.071854 -0.069549 0.000000
vn 0.071854 -0.069549 0.000000
vn 0.071854 -0.069549 0.000000
vn 0.071854 -0.069549 0.000000
vn -0.071854 -0.069549 0.000000
vn -0.041262 -0.091090 0.000000
vn -0.004894 -0.099880 0.000000
vn 0.032160 -0.094688 0.000000
vn 0.064711 -0.076240 0.000000
vn 0.064711 -0.076240 0.000000
vn 0.032160 -0.094688 0.000000
vn -0.004894 -0.099880 0.000000
vn -0.041262 -0.091090 0.000000
vn -0.071854 -0.069549 0.000000
vn -0.071854 -0.069549 0.000000
vn -0.071854 -0.069549 0.000000
vn -0.071854 -0.069549 0.000000
vn -0.071854 -0.069549 0.000000
vn -0.100000 0.000000 0.000000
vn -0.092388 0.038268 0.000000
vn -0.070711 0.070711 0.000000
vn -0.038268 0.092388 0.000000
vn 0.000000 0.100000 0.000000
vn 0.000000 0.100000 0.000000
vn -0.038268 0.092388 0.000000
vn -0.070711 0.070711 0.000000
vn -0.092388 0.038268 0.000000
vn -0.100000 0.000000 0.000000
vn 0.000000 0.100000 0.000000
vn 0.000000 0.100000 0.000000
vn 0.000000 0.100000 0.000000
vn 0.000000 0.100000 0.000000
vn 0.000000 -0.100000 0.000000
vn -0.036416 -0.093134 0.000000
vn -0.067830 -0.073478 0.000000
vn -0.089931 -0.043732 0.000000
vn -0.099681 -0.007981 0.000000
vn -0.095743 0.028867 0.000000
vn -0.095743 0.028867 0.000000
vn -0.100000 0.000079 0.000000
vn -0.095610 -0.029305 0.000000
vn -0.083856 -0.054481 0.000000
vn -0.068377 -0.072970 0.000000
vn -0.048113 -0.087665 0.000000
vn -0.024834 -0.096867 0.000000
vn 0.000000 -0.100000 0.000000
vn 0.000000 -0.100000 0.000000
vn 0.000000 -0.100000 0.000000
vn 0.000000 -0.100000 0.000000
vn 0.000000 -0.100000 0.000000
vn -0.071854 -0.069549 0.000000
vn -0.093000 -0.036757 0.000000
vn -0.099987 0.001630 0.000000
vn -0.091752 0.039769 0.000000
vn -0.069549 0.071854 0.000000
vn -0.069549 0.071854 0.000000
vn -0.069618 0.071787 0.000000
vn -0.091781 0.039703 0.000000
vn -0.099987 0.001582 0.000000
vn -0.092991 -0.036780 0.000000
vn -0.071854 -0.069549 0.000000
vn -0.069549 0.071854 0.000000
vn -0.069549 0.071854 0.000000
vn -0.069549 0.071854 0.000000
vn -0.069549 0.071854 0.000000
vn 0.071854 0.069549 0.000000
vn 0.041262 0.091090 0.000000
vn 0.004894 0.099880 0.000000
vn -0.032160 0.094688 0.000000
vn -0.064711 0.076240 0.000000
vn -0.064711 0.076240 0.000000
vn -0.032160 0.094688 0.000000
vn 0.004894 0.099880 0.000000
vn 0.041262 0.091090 0.000000
vn 0.071854 0.069549 0.000000
vn 0.071854 0.069549 0.000000
vn 0.071854 0.069549 0.000000
vn 0.071854 0.069549 0.000000
vn 0.071854 0.069549 0.000000
vn 0.000000 0.100000 0.000000
vn 0.036416 0.093134 0.000000
vn 0.067830 0.073478 0.000000
vn 0.089931 0.043732 0.000000
vn 0.099681 0.007981 0.000000
vn 0.095743 -0.028867 0.000000
vn 0.095743 -0.028867 0.000000
vn 0.100000 -0.000079 0.000000
vn 0.095610 0.029305 0.000000
vn 0.083856 0.054481 0.000000
vn 0.068377 0.072970 0.000000
vn 0.048113 0.087665 0.000000
vn 0.024834 0.096867 0.000000
vn 0.000000 0.100000 0.000000
vn 0.000000 0.100000 0.000000
vn 0.000000 0.100000 0.000000
vn 0.000000 0.100000 0.000000
vn 0.000000 0.100000 0.000000
vn 0.100000 0.000000 0.000000
vn 0.092388 -0.038268 0.000000
vn 0.070711 -0.070711 0.000000
vn 0.038268 -0.092388 0.000000
vn 0.000000 -0.100000 0.000000
vn 0.000000 -0.100000 0.000000
vn 0.038268 -0.092388 0.000000
vn 0.070711 -0.070711 0.000000
vn 0.092388 -0.038268 0.000000
vn 0.100000 0.000000 0.000000
vn 0.000000 -0.100000 0.000000
vn 0.000000 -0.100000 0.000000
vn 0.000000 -0.100000 0.000000
vn 0.000000 -0.100000 0.000000
vn -0.070711 0.000000 0.070711
vn -0.065936 -0.025544 0.070711
vn -0.052256 -0.047637 0.070711
vn -0.031518 -0.063298 0.070711
vn -0.006524 -0.070409 0.070711
vn 0.019351 -0.068011 0.070711
vn 0.042613 -0.056428 0.070711
vn 0.060119 -0.037224 0.070711
vn 0.069507 -0.012993 0.070711
vn 0.069507 0.012993 0.070711
vn 0.060119 0.037224 0.070711
vn 0.042613 0.056428 0.070711
vn 0.019351 0.068011 0.070711
vn -0.006524 0.070409 0.070711
vn -0.031518 0.063298 0.070711
vn -0.052256 0.047637 0.070711
vn -0.065936 0.025544 0.070711
vn -0.070711 0.000000 0.070711
vn -0.062611 0.032861 0.070711
vn -0.040168 0.058194 0.070711
vn -0.008523 0.070195 0.070711
vn 0.025074 0.066116 0.070711
vn 0.052928 0.046890 0.070711
vn 0.068656 0.016922 0.070711
vn 0.068656 -0.016922 0.070711
vn 0.052928 -0.046890 0.070711
vn 0.025074 -0.066116 0.070711
vn -0.008523 -0.070195 0.070711
vn -0.040168 -0.058194 0.070711
vn -0.062611 -0.032861 0.070711
vn 0.069507 0.012993 0.070711
vn 0.069507 0.012993 0.070711
vn 0.068656 0.016922 0.070711
vn 0.068656 0.016922 0.070711
vn 0.100000 0.000000 0.000000
vn 0.088546 -0.046472 0.000000
vn 0.056806 -0.082298 0.000000
vn 0.012054 -0.099271 0.000000
vn -0.035460 -0.093502 0.000000
vn -0.074851 -0.066312 0.000000
vn -0.097094 -0.023932 0.000000
vn -0.097094 0.023932 0.000000
vn -0.074851 0.066312 0.000000
vn -0.035460 0.093502 0.000000
vn 0.012054 0.099271 0.000000
vn 0.056806 0.082298 0.000000
vn 0.088546 0.046472 0.000000
vn -0.100000 0.000000 0.000000
vn -0.088546 -0.046472 0.000000
vn -0.056806 -0.082298 0.000000
vn -0.012054 -0.099271 0.000000
vn 0.035460 -0.093502 0.000000
vn 0.074851 -0.066312 0.000000
vn 0.097094 -0.023932 0.000000
vn 0.097094 0.023932 0.000000
vn 0.074851 0.066312 0.000000
vn 0.035460 0.093502 0.000000
vn -0.012054 0.099271 0.000000
vn -0.056806 0.082298 0.000000
vn -0.088546 0.046472 0.000000
vn 0.097094 -0.023932 0.000000
vn 0.100000 0.000000 0.000000
vn 0.100000 0.000000 0.000000
vn 0.097094 -0.023932 0.000000
vn -0.070711 0.000000 0.070711
vn -0.065936 -0.025544 0.070711
vn -0.052256 -0.047637 0.070711
vn -0.031518 -0.063298 0.070711
vn -0.006524 -0.070409 0.070711
vn 0.019351 -0.068011 0.070711
vn 0.042613 -0.056428 0.070711
vn 0.060119 -0.037224 0.070711
vn 0.069507 -0.012993 0.070711
vn 0.069507 0.012993 0.070711
vn 0.060119 0.037224 0.070711
vn 0.042613 0.056428 0.070711
vn 0.019351 0.068011 0.070711
vn -0.006524 0.070409 0.070711
vn -0.031518 0.063298 0.070711
vn -0.052256 0.047637 0.070711
vn -0.065936 0.025544 0.070711
vn -0.070711 0.000000 0.070711
vn -0.062611 0.032861 0.070711
vn -0.040168 0.058194 0.070711
vn -0.008523 0.070195 0.070711
vn 0.025074 0.066116 0.070711
vn 0.052928 0.046890 0.070711
vn 0.068656 0.016922 0.070711
vn 0.068656 -0.016922 0.070711
vn 0.052928 -0.046890 0.070711
vn 0.025074 -0.066116 0.070711
vn -0.008523 -0.070195 0.070711
vn -0.040168 -0.058194 0.070711
vn -0.062611 -0.032861 0.070711
vn 0.069507 0.012993 0.070711
vn 0.069507 0.012993 0.070711
vn 0.068656 0.016922 0.070711
vn 0.068656 0.016922 0.070711
vn 0.100000 0.000000 0.000000
vn 0.088546 -0.046472 0.000000
vn 0.056806 -0.082298 0.000000
vn 0.012054 -0.099271 0.000000
vn -0.035460 -0.093502 0.000000
vn -0.074851 -0.066312 0.000000
vn -0.097094 -0.023932 0.000000
vn -0.097094 0.023932 0.000000
vn -0.074851 0.066312 0.000000
vn -0.035460 0.093502 0.000000
vn 0.012054 0.099271 0.000000
vn 0.056806 0.082298 0.000000
vn 0.088546 0.046472 0.000000
vn -0.100000 0.000000 0.000000
vn -0.088546 -0.046472 0.000000
vn -0.056806 -0.082298 0.000000
vn -0.012054 -0.099271 0.000000
vn 0.035460 -0.093502 0.000000
vn 0.074851 -0.066312 0.000000
vn 0.097094 -0.023932 0.000000
vn 0.097094 0.023932 0.000000
vn 0.074851 0.066312 0.000000
vn 0.035460 0.093502 0.000000
vn -0.012054 0.099271 0.000000
vn -0.056806 0.082298 0.000000
vn -0.088546 0.046472 0.000000
vn 0.097094 -0.023932 0.000000
vn 0.100000 0.000000 0.000000
vn 0.100000 0.000000 0.000000
vn 0.097094 -0.023932 0.000000
vn -0.070711 0.000000 0.070711
vn -0.065936 -0.025544 0.070711
vn -0.052256 -0.047637 0.070711
vn -0.031518 -0.063298 0.070711
vn -0.006524 -0.070409 0.070711
vn 0.019351 -0.068011 0.070711
vn 0.042613 -0.056428 0.070711
vn 0.060119 -0.037224 0.070711
vn 0.069507 -0.012993 0.070711
vn 0.069507 0.012993 0.070711
vn 0.060119 0.037224 0.070711
vn 0.042613 0.056428 0.070711
vn 0.019351 0.068011 0.070711
vn -0.006524 0.070409 0.070711
vn -0.031518 0.063298 0.070711
vn -0.052256 0.047637 0.070711
vn -0.065936 0.025544 0.070711
vn -0.070711 0.000000 0.070711
vn -0.062611 0.032861 0.070711
vn -0.040168 0.058194 0.070711
vn -0.008523 0.070195 0.070711
vn 0.025074 0.066116 0.070711
vn 0.052928 0.046890 0.070711
vn 0.068656 0.016922 0.070711
vn 0.068656 -0.016922 0.070711
vn 0.052928 -0.046890 0.070711
vn 0.025074 -0.066116 0.070711
vn -0.008523 -0.070195 0.070711
vn -0.040168 -0.058194 0.070711
vn -0.062611 -0.032861 0.070711
vn 0.069507 0.012993 0.070711
vn 0.069507 0.012993 0.070711
vn 0.068656 0.016922 0.070711
vn 0.068656 0.016922 0.070711
vn 0.100000 0.000000 0.000000
vn 0.088546 -0.046472 0.000000
vn 0.056806 -0.082298 0.000000
vn 0.012054 -0.099271 0.000000
vn -0.035460 -0.093502 0.000000
vn -0.074851 -0.066312 0.000000
vn -0.097094 -0.023932 0.000000
vn -0.097094 0.023932 0.000000
vn -0.074851 0.066312 0.000000
vn -0.035460 0.093502 0.000000
vn 0.012054 0.099271 0.000000
vn 0.056806 0.082298 0.000000
vn 0.088546 0.046472 0.000000
vn -0.100000 0.000000 0.000000
vn -0.088546 -0.046472 0.000000
vn -0.056806 -0.082298 0.000000
vn -0.012054 -0.099271 0.000000
vn 0.035460 -0.093502 0.000000
vn 0.074851 -0.066312 0.000000
vn 0.097094 -0.023932 0.000000
vn 0.097094 0.023932 0.000000
vn 0.074851 0.066312 0.000000
vn 0.035460 0.093502 0.000000
vn -0.012054 0.099271 0.000000
vn -0.056806 0.082298 0.000000
vn -0.088546 0.046472 0.000000
vn 0.097094 -0.023932 0.000000
vn 0.100000 0.000000 0.000000
vn 0.100000 0.000000 0.000000
vn 0.097094 -0.023932 0.000000
vn -0.070711 0.000000 0.070711
vn -0.065936 -0.025544 0.070711
vn -0.052256 -0.047637 0.070711
vn -0.031518 -0.063298 0.070711
vn -0.006524 -0.070409 0.070711
vn 0.019351 -0.068011 0.070711
vn 0.042613 -0.056428 0.070711
vn 0.060119 -0.037224 0.070711
vn 0.069507 -0.012993 0.070711
vn 0.069507 0.012993 0.070711
vn 0.060119 0.037224 0.070711
vn 0.042613 0.056428 0.070711
vn 0.019351 0.068011 0.070711
vn -0.006524 0.070409 0.070711
vn -0.031518 0.063298 0.070711
vn -0.052256 0.047637 0.070711
vn -0.065936 0.025544 0.070711
vn -0.070711 0.000000 0.070711
vn -0.062611 0.032861 0.070711
vn -0.040168 0.058194 0.070711
vn -0.008523 0.070195 0.070711
vn 0.025074 0.066116 0.070711
vn 0.052928 0.046890 0.070711
vn 0.068656 0.016922 0.070711
vn 0.068656 -0.016922 0.070711
vn 0.052928 -0.046890 0.070711
vn 0.025074 -0.066116 0.070711
vn -0.008523 -0.070195 0.070711
vn -0.040168 -0.058194 0.070711
vn -0.062611 -0.032861 0.070711
vn 0.069507 0.012993 0.070711
vn 0.069507 0.012993 0.070711
vn 0.068656 0.016922 0.070711
vn 0.068656 0.016922 0.070711
vn 0.100000 0.000000 0.000000
vn 0.088546 -0.046472 0.000000
vn 0.056806 -0.082298 0.000000
vn 0.012054 -0.099271 0.000000
vn -0.035460 -0.093502 0.000000
vn -0.074851 -0.066312 0.000000
vn -0.097094 -0.023932 0.000000
vn -0.097094 0.023932 0.000000
vn -0.074851 0.066312 0.000000
vn -0.035460 0.093502 0.000000
vn 0.012054 0.099271 0.000000
vn 0.056806 0.082298 0.000000
vn 0.088546 0.046472 0.000000
vn -0.100000 0.000000 0.000000
vn -0.088546 -0.046472 0.000000
vn -0.056806 -0.082298 0.000000
vn -0.012054 -0.099271 0.000000
vn 0.035460 -0.093502 0.000000
vn 0.074851 -0.066312 0.000000
vn 0.097094 -0.023932 0.000000
vn 0.097094 0.023932 0.000000
vn 0.074851 0.066312 0.000000
vn 0.035460 0.093502 0.000000
vn -0.012054 0.099271 0.000000
vn -0.056806 0.082298 0.000000
vn -0.088546 0.046472 0.000000
vn 0.097094 -0.023932 0.000000
vn 0.100000 0.000000 0.000000
vn 0.100000 0.000000 0.000000
vn 0.097094 -0.023932 0.000000
vn -0.070711 0.000000 0.070711
vn -0.066879 -0.022960 0.070711
vn -0.055801 -0.043431 0.070711
vn -0.038675 -0.059197 0.070711
vn -0.017358 -0.068547 0.070711
vn 0.005839 -0.070469 0.070711
vn 0.028404 -0.064755 0.070711
vn 0.047891 -0.052024 0.070711
vn 0.062188 -0.033655 0.070711
vn 0.069746 -0.011639 0.070711
vn 0.069746 0.011639 0.070711
vn 0.062188 0.033655 0.070711
vn 0.047891 0.052024 0.070711
vn 0.028404 0.064755 0.070711
vn 0.005839 0.070469 0.070711
vn -0.017358 0.068547 0.070711
vn -0.038675 0.059197 0.070711
vn -0.055801 0.043431 0.070711
vn -0.066879 0.022960 0.070711
vn -0.070711 0.000000 0.070711
vn -0.063708 0.030680 0.070711
vn -0.044087 0.055284 0.070711
vn -0.015735 0.068938 0.070711
vn 0.015735 0.068938 0.070711
vn 0.044087 0.055284 0.070711
vn 0.063708 0.030680 0.070711
vn 0.070711 0.000000 0.070711
vn 0.063708 -0.030680 0.070711
vn 0.044087 -0.055284 0.070711
vn 0.015735 -0.068938 0.070711
vn -0.015735 -0.068938 0.070711
vn -0.044087 -0.055284 0.070711
vn -0.063708 -0.030680 0.070711
vn 0.069746 -0.011639 0.070711
vn 0.069746 -0.011639 0.070711
vn 0.070711 0.000000 0.070711
vn 0.070711 0.000000 0.070711
vn 0.100000 0.000000 0.000000
vn 0.090097 -0.043388 0.000000
vn 0.062349 -0.078183 0.000000
vn 0.022252 -0.097493 0.000000
vn -0.022252 -0.097493 0.000000
vn -0.062349 -0.078183 0.000000
vn -0.090097 -0.043388 0.000000
vn -0.100000 0.000000 0.000000
vn -0.090097 0.043388 0.000000
vn -0.062349 0.078183 0.000000
vn -0.022252 0.097493 0.000000
vn 0.022252 0.097493 0.000000
vn 0.062349 0.078183 0.000000
vn 0.090097 0.043388 0.000000
vn -0.100000 0.000000 0.000000
vn -0.090097 -0.043388 0.000000
vn -0.062349 -0.078183 0.000000
vn -0.022252 -0.097493 0.000000
vn 0.022252 -0.097493 0.000000
vn 0.062349 -0.078183 0.000000
vn 0.090097 -0.043388 0.000000
vn 0.100000 0.000000 0.000000
vn 0.090097 0.043388 0.000000
vn 0.062349 0.078183 0.000000
vn 0.022252 0.097493 0.000000
vn -0.022252 0.097493 0.000000
vn -0.062349 0.078183 0.000000
vn -0.090097 0.043388 0.000000
vn 0.100000 0.000000 0.000000
vn 0.100000 0.000000 0.000000
vn -0.070711 0.000000 0.070711
vn -0.066879 -0.022960 0.070711
vn -0.055801 -0.043431 0.070711
vn -0.038675 -0.059197 0.070711
vn -0.017358 -0.068547 0.070711
vn 0.005839 -0.070469 0.070711
vn 0.028404 -0.064755 0.070711
vn 0.047891 -0.052024 0.070711
vn 0.062188 -0.033655 0.070711
vn 0.069746 -0.011639 0.070711
vn 0.069746 0.011639 0.070711
vn 0.062188 0.033655 0.070711
vn 0.047891 0.052024 0.070711
vn 0.028404 0.064755 0.070711
vn 0.005839 0.070469 0.070711
vn -0.017358 0.068547 0.070711
vn -0.038675 0.059197 0.070711
vn -0.055801 0.043431 0.070711
vn -0.066879 0.022960 0.070711
vn -0.070711 0.000000 0.070711
vn -0.063708 0.030680 0.070711
vn -0.044087 0.055284 0.070711
vn -0.015735 0.068938 0.070711
vn 0.015735 0.068938 0.070711
vn 0.044087 0.055284 0.070711
vn 0.063708 0.030680 0.070711
vn 0.070711 0.000000 0.070711
vn 0.063708 -0.030680 0.070711
vn 0.044087 -0.055284 0.070711
vn 0.015735 -0.068938 0.070711
vn -0.015735 -0.068938 0.070711
vn -0.044087 -0.055284 0.070711
vn -0.063708 -0.030680 0.070711
vn 0.069746 -0.011639 0.070711
vn 0.069746 -0.011639 0.070711
vn 0.070711 0.000000 0.070711
vn 0.070711 0.000000 0.070711
vn 0.100000 0.000000 0.000000
vn 0.090097 -0.043388 0.000000
vn 0.062349 -0.078183 0.000000
vn 0.022252 -0.097493 0.000000
vn -0.022252 -0.097493 0.000000
vn -0.062349 -0.078183 0.000000
vn -0.090097 -0.043388 0.000000
vn -0.100000 0.000000 0.000000
vn -0.090097 0.043388 0.000000
vn -0.062349 0.078183 0.000000
vn -0.022252 0.097493 0.000000
vn 0.022252 0.097493 0.000000
vn 0.062349 0.078183 0.000000
vn 0.090097 0.043388 0.000000
vn -0.100000 0.000000 0.000000
vn -0.090097 -0.043388 0.000000
vn -0.062349 -0.078183 0.000000
vn -0.022252 -0.097493 0.000000
vn 0.022252 -0.097493 0.000000
vn 0.062349 -0.078183 0.000000
vn 0.090097 -0.043388 0.000000
vn 0.100000 0.000000 0.000000
vn 0.090097 0.043388 0.000000
vn 0.062349 0.078183 0.000000
vn 0.022252 0.097493 0.000000
vn -0.022252 0.097493 0.000000
vn -0.062349 0.078183 0.000000
vn -0.090097 0.043388 0.000000
vn 0.100000 0.000000 0.000000
vn 0.100000 0.000000 0.000000
vn -0.070711 0.000000 0.070711
vn -0.066879 -0.022960 0.070711
vn -0.055801 -0.043431 0.070711
vn -0.038675 -0.059197 0.070711
vn -0.017358 -0.068547 0.070711
vn 0.005839 -0.070469 0.070711
vn 0.028404 -0.064755 0.070711
vn 0.047891 -0.052024 0.070711
vn 0.062188 -0.033655 0.070711
vn 0.069746 -0.011639 0.070711
vn 0.069746 0.011639 0.070711
vn 0.062188 0.033655 0.070711
vn 0.047891 0.052024 0.070711
vn 0.028404 0.064755 0.070711
vn 0.005839 0.070469 0.070711
vn -0.017358 0.068547 0.070711
vn -0.038675 0.059197 0.070711
vn -0.055801 0.043431 0.070711
vn -0.066879 0.022960 0.070711
vn -0.070711 0.000000 0.070711
vn -0.063708 0.030680 0.070711
vn -0.044087 0.055284 0.070711
vn -0.015735 0.068938 0.070711
vn 0.015735 0.068938 0.070711
vn 0.044087 0.055284 0.070711
vn 0.063708 0.030680 0.070711
vn 0.070711 0.000000 0.070711
vn 0.063708 -0.030680 0.070711
vn 0.044087 -0.055284 0.070711
vn 0.015735 -0.068938 0.070711
vn -0.015735 -0.068938 0.070711
vn -0.044087 -0.055284 0.070711
vn -0.063708 -0.030680 0.070711
vn 0.069746 -0.011639 0.070711
vn 0.069746 -0.011639 0.070711
vn 0.070711 0.000000 0.070711
vn 0.070711 0.000000 0.070711
vn 0.100000 0.000000 0.000000
vn 0.090097 -0.043388 0.000000
vn 0.062349 -0.078183 0.000000
vn 0.022252 -0.097493 0.000000
vn -0.022252 -0.097493 0.000000
vn -0.062349 -0.078183 0.000000
vn -0.090097 -0.043388 0.000000
vn -0.100000 0.000000 0.000000
vn -0.090097 0.043388 0.000000
vn -0.062349 0.078183 0.000000
vn -0.022252 0.097493 0.000000
vn 0.022252 0.097493 0.000000
vn 0.062349 0.078183 0.000000
vn 0.090097 0.043388 0.000000
vn -0.100000 0.000000 0.000000
vn -0.090097 -0.043388 0.000000
vn -0.062349 -0.078183 0.000000
vn -0.022252 -0.097493 0.000000
vn 0.022252 -0.097493 0.000000
vn 0.062349 -0.078183 0.000000
vn 0.090097 -0.043388 0.000000
vn 0.100000 0.000000 0.000000
vn 0.090097 0.043388 0.000000
vn 0.062349 0.078183 0.000000
vn 0.022252 0.097493 0.000000
vn -0.022252 0.097493 0.000000
vn -0.062349 0.078183 0.000000
vn -0.090097 0.043388 0.000000
vn 0.100000 0.000000 0.000000
vn 0.100000 0.000000 0.000000
vn -0.070711 0.000000 0.070711
vn -0.066879 -0.022960 0.070711
vn -0.055801 -0.043431 0.070711
vn -0.038675 -0.059197 0.070711
vn -0.017358 -0.068547 0.070711
vn 0.005839 -0.070469 0.070711
vn 0.028404 -0.064755 0.070711
vn 0.047891 -0.052024 0.070711
vn 0.062188 -0.033655 0.070711
vn 0.069746 -0.011639 0.070711
vn 0.069746 0.011639 0.070711
vn 0.062188 0.033655 0.070711
vn 0.047891 0.052024 0.070711
vn 0.028404 0.064755 0.070711
vn 0.005839 0.070469 0.070711
vn -0.017358 0.068547 0.070711
vn -0.038675 0.059197 0.070711
vn -0.055801 0.043431 0.070711
vn -0.066879 0.022960 0.070711
vn -0.070711 0.000000 0.070711
vn -0.063708 0.030680 0.070711
vn -0.044087 0.055284 0.070711
vn -0.015735 0.068938 0.070711
vn 0.015735 0.068938 0.070711
vn 0.044087 0.055284 0.070711
vn 0.063708 0.030680 0.070711
vn 0.070711 0.000000 0.070711
vn 0.063708 -0.030680 0.070711
vn 0.044087 -0.055284 0.070711
vn 0.015735 -0.068938 0.070711
vn -0.015735 -0.068938 0.070711
vn -0.044087 -0.055284 0.070711
vn -0.063708 -0.030680 0.070711
vn 0.069746 -0.011639 0.070711
vn 0.069746 -0.011639 0.070711
vn 0.070711 0.000000 0.070711
vn 0.070711 0.000000 0.070711
vn 0.100000 0.000000 0.000000
vn 0.090097 -0.043388 0.000000
vn 0.062349 -0.078183 0.000000
vn 0.022252 -0.097493 0.000000
vn -0.022252 -0.097493 0.000000
vn -0.062349 -0.078183 0.000000
vn -0.090097 -0.043388 0.000000
vn -0.100000 0.000000 0.000000
vn -0.090097 0.043388 0.000000
vn -0.062349 0.078183 0.000000
vn -0.022252 0.097493 0.000000
vn 0.022252 0.097493 0.000000
vn 0.062349 0.078183 0.000000
vn 0.090097 0.043388 0.000000
vn -0.100000 0.000000 0.000000
vn -0.090097 -0.043388 0.000000
vn -0.062349 -0.078183 0.000000
vn -0.022252 -0.097493 0.000000
vn 0.022252 -0.097493 0.000000
vn 0.062349 -0.078183 0.000000
vn 0.090097 -0.043388 0.000000
vn 0.100000 0.000000 0.000000
vn 0.090097 0.043388 0.000000
vn 0.062349 0.078183 0.000000
vn 0.022252 0.097493 0.000000
vn -0.022252 0.097493 0.000000
vn -0.062349 0.078183 0.000000
vn -0.090097 0.043388 0.000000
vn 0.100000 0.000000 0.000000
vn 0.100000 0.000000 0.000000
vn 0.000000 -0.100000 0.000000
vn -0.025357 -0.096732 0.000000
vn -0.049056 -0.087141 0.000000
vn -0.069549 -0.071854 0.000000
vn -0.069549 -0.071854 0.000000
vn -0.057106 -0.082091 0.000000
vn -0.043236 -0.090170 0.000000
vn -0.029367 -0.095591 0.000000
vn -0.014848 -0.098891 0.000000
vn 0.000000 -0.100000 0.000000
vn -0.069549 -0.071854 0.000000
vn -0.069549 -0.071854 0.000000
vn -0.069549 -0.071854 0.000000
vn -0.069549 -0.071854 0.000000
vn -0.069549 -0.071854 0.000000
vn -0.069549 -0.071854 0.000000
vn -0.069549 -0.071854 0.000000
vn -0.095743 -0.028867 0.000000
vn -0.095743 -0.028867 0.000000
vn -0.090188 -0.043199 0.000000
vn -0.084457 -0.053544 0.000000
vn -0.077545 -0.063141 0.000000
vn -0.069549 -0.071854 0.000000
vn -0.069549 -0.071854 0.000000
vn -0.080680 -0.059082 0.000000
vn -0.089496 -0.044615 0.000000
vn 0.000000 -0.100000 0.000000
vn -0.025357 -0.096732 0.000000
vn -0.049056 -0.087141 0.000000
vn -0.069549 -0.071854 0.000000
vn -0.069549 -0.071854 0.000000
vn -0.049056 -0.087141 0.000000
vn -0.025357 -0.096732 0.000000
vn 0.000000 -0.100000 0.000000
vn -0.069549 -0.071854 0.000000
vn -0.069549 -0.071854 0.000000
vn -0.069549 -0.071854 0.000000
vn -0.069549 -0.071854 0.000000
vn -0.100000 0.000000 0.000000
vn -0.096593 0.025882 0.000000
vn -0.086603 0.050000 0.000000
vn -0.070711 0.070711 0.000000
vn -0.050000 0.086603 0.000000
vn -0.025882 0.096593 0.000000
vn 0.000000 0.100000 0.000000
vn 0.000000 0.100000 0.000000
vn -0.025882 0.096593 0.000000
vn -0.050000 0.086603 0.000000
vn -0.070711 0.070711 0.000000
vn -0.086603 0.050000 0.000000
vn -0.096593 0.025882 0.000000
vn -0.100000 0.000000 0.000000
vn 0.000000 0.100000 0.000000
vn 0.000000 0.100000 0.000000
vn 0.000000 0.100000 0.000000
vn 0.000000 0.100000 0.000000
vn 0.100000 0.000000 0.000000
vn 0.096593 -0.025882 0.000000
vn 0.086603 -0.050000 0.000000
vn 0.070711 -0.070711 0.000000
vn 0.050000 -0.086603 0.000000
vn 0.025882 -0.096593 0.000000
vn 0.000000 -0.100000 0.000000
vn 0.000000 -0.100000 0.000000
vn 0.025882 -0.096593 0.000000
vn 0.050000 -0.086603 0.000000
vn 0.070711 -0.070711 0.000000
vn 0.086603 -0.050000 0.000000
vn 0.096593 -0.025882 0.000000
vn 0.100000 0.000000 0.000000
vn 0.000000 -0.100000 0.000000
vn 0.000000 -0.100000 0.000000
vn 0.000000 -0.100000 0.000000
vn 0.000000 -0.100000 0.000000
vn 0.000000 -0.100000 0.000000
vn -0.025882 -0.096593 0.000000
vn -0.050000 -0.086603 0.000000
vn -0.070711 -0.070711 0.000000
vn -0.086603 -0.050000 0.000000
vn -0.096593 -0.025882 0.000000
vn -0.100000 0.000000 0.000000
vn -0.100000 0.000000 0.000000
vn -0.096593 -0.025882 0.000000
vn -0.086603 -0.050000 0.000000
vn -0.070711 -0.070711 0.000000
vn -0.050000 -0.086603 0.000000
vn -0.025882 -0.096593 0.000000
vn 0.000000 -0.100000 0.000000
vn -0.100000 0.000000 0.000000
vn -0.100000 0.000000 0.000000
vn -0.100000 0.000000 0.000000
vn -0.100000 0.000000 0.000000
vn -0.069549 0.071854 0.000000
vn -0.049056 0.087141 0.000000
vn -0.025357 0.096732 0.000000
vn 0.000000 0.100000 0.000000
vn 0.000000 0.100000 0.000000
vn -0.014848 0.098891 0.000000
vn -0.029367 0.095591 0.000000
vn -0.043236 0.090170 0.000000
vn -0.057106 0.082091 0.000000
vn -0.069549 0.071854 0.000000
vn 0.000000 0.100000 0.000000
vn 0.000000 0.100000 0.000000
vn 0.000000 0.100000 0.000000
vn 0.000000 0.100000 0.000000
vn 0.095743 -0.028867 0.000000
vn 0.095743 -0.028867 0.000000
vn 0.089496 -0.044615 0.000000
vn 0.080680 -0.059082 0.000000
vn 0.069549 -0.071854 0.000000
vn 0.069549 -0.071854 0.000000
vn 0.077545 -0.063141 0.000000
vn 0.084457 -0.053544 0.000000
vn 0.090188 -0.043199 0.000000
vn 0.069549 -0.071854 0.000000
vn 0.069549 -0.071854 0.000000
vn 0.069549 -0.071854 0.000000
vn 0.069549 -0.071854 0.000000
vn 0.069549 -0.071854 0.000000
vn 0.049056 -0.087141 0.000000
vn 0.025357 -0.096732 0.000000
vn 0.000000 -0.100000 0.000000
vn 0.000000 -0.100000 0.000000
vn 0.025357 -0.096732 0.000000
vn 0.049056 -0.087141 0.000000
vn 0.069549 -0.071854 0.000000
vn 0.000000 -0.100000 0.000000
vn 0.000000 -0.100000 0.000000
vn 0.000000 -0.100000 0.000000
vn 0.000000 -0.100000 0.000000
vn 0.000000 0.100000 0.000000
vn 0.025357 0.096732 0.000000
vn 0.049056 0.087141 0.000000
vn 0.069549 0.071854 0.000000
vn 0.069549 0.071854 0.000000
vn 0.057106 0.082091 0.000000
vn 0.043236 0.090170 0.000000
vn 0.029367 0.095591 0.000000
vn 0.014848 0.098891 0.000000
vn 0.000000 0.100000 0.000000
vn 0.069549 0.071854 0.000000
vn 0.069549 0.071854 0.000000
vn 0.069549 0.071854 0.000000
vn 0.069549 0.071854 0.000000
vn 0.069549 0.071854 0.000000
vn 0.069549 0.071854 0.000000
vn 0.069549 0.071854 0.000000
vn 0.095743 0.028867 0.000000
vn 0.095743 0.028867 0.000000
vn 0.090188 0.043199 0.000000
vn 0.084457 0.053544 0.000000
vn 0.077545 0.063141 0.000000
vn 0.069549 0.071854 0.000000
vn 0.069549 0.071854 0.000000
vn 0.080680 0.059082 0.000000
vn 0.089496 0.044615 0.000000
vn 0.000000 0.100000 0.000000
vn 0.025357 0.096732 0.000000
vn 0.049056 0.087141 0.000000
vn 0.069549 0.071854 0.000000
vn 0.069549 0.071854 0.000000
vn 0.049056 0.087141 0.000000
vn 0.025357 0.096732 0.000000
vn 0.000000 0.100000 0.000000
vn 0.069549 0.071854 0.000000
vn 0.069549 0.071854 0.000000
vn 0.069549 0.071854 0.000000
vn 0.069549 0.071854 0.000000
vn 0.000000 0.100000 0.000000
vn 0.025882 0.096593 0.000000
vn 0.050000 0.086603 0.000000
vn 0.070711 0.070711 0.000000
vn 0.086603 0.050000 0.000000
vn 0.096593 0.025882 0.000000
vn 0.100000 0.000000 0.000000
vn 0.100000 0.000000 0.000000
vn 0.096593 0.025882 0.000000
vn 0.086603 0.050000 0.000000
vn 0.070711 0.070711 0.000000
vn 0.050000 0.086603 0.000000
vn 0.025882 0.096593 0.000000
vn 0.000000 0.100000 0.000000
vn 0.100000 0.000000 0.000000
vn 0.100000 0.000000 0.000000
vn 0.100000 0.000000 0.000000
vn 0.100000 0.000000 0.000000
vn -0.095743 0.028867 0.000000
vn -0.095743 0.028867 0.000000
vn -0.089496 0.044615 0.000000
vn -0.080680 0.059082 0.000000
vn -0.069549 0.071854 0.000000
vn -0.069549 0.071854 0.000000
vn -0.077545 0.063141 0.000000
vn -0.084457 0.053544 0.000000
vn -0.090188 0.043199 0.000000
vn -0.069549 0.071854 0.000000
vn -0.069549 0.071854 0.000000
vn -0.069549 0.071854 0.000000
vn -0.069549 0.071854 0.000000
vn -0.069549 0.071854 0.000000
vn -0.049056 0.087141 0.000000
vn -0.025357 0.096732 0.000000
vn 0.000000 0.100000 0.000000
vn 0.000000 0.100000 0.000000
vn -0.025357 0.096732 0.000000
vn -0.049056 0.087141 0.000000
vn -0.069549 0.071854 0.000000
vn 0.069549 -0.071854 0.000000
vn 0.049056 -0.087141 0.000000
vn 0.025357 -0.096732 0.000000
vn 0.000000 -0.100000 0.000000
vn 0.000000 -0.100000 0.000000
vn 0.014848 -0.098891 0.000000
vn 0.029367 -0.095591 0.000000
vn 0.043236 -0.090170 0.000000
vn 0.057106 -0.082091 0.000000
vn 0.069549 -0.071854 0.000000
vn 0.000000 -0.100000 0.000000
vn 0.000000 -0.100000 0.000000
vn 0.000000 -0.100000 0.000000
vn 0.000000 -0.100000 0.000000
vn 0.000000 -0.100000 0.000000
vn 0.000000 -0.100000 0.000000
vn 0.000000 -0.100000 0.000000
vn 0.000000 -0.100000 0.000000
vn 0.000000 -0.100000 0.000000
vn 0.000000 -0.100000 0.000000
vn 0.000000 -0.100000 0.000000
vn 0.000000 -0.100000 0.000000
vn -0.064711 -0.076240 0.000000
vn -0.064711 -0.076240 0.000000
vn -0.045217 -0.089193 0.000000
vn -0.023245 -0.097261 0.000000
vn 0.000000 -0.100000 0.000000
vn 0.000000 -0.100000 0.000000
vn -0.023245 -0.097261 0.000000
vn -0.045217 -0.089193 0.000000
vn -0.071854 0.069549 0.000000
vn -0.088538 0.046488 0.000000
vn -0.098048 0.019661 0.000000
vn -0.099616 -0.008759 0.000000
vn -0.093113 -0.036469 0.000000
vn -0.079067 -0.061225 0.000000
vn -0.058615 -0.081020 0.000000
vn -0.033414 -0.094252 0.000000
vn -0.005507 -0.099848 0.000000
vn 0.022847 -0.097355 0.000000
vn 0.049349 -0.086975 0.000000
vn 0.071854 -0.069549 0.000000
vn 0.071854 -0.069549 0.000000
vn 0.049349 -0.086975 0.000000
vn 0.022847 -0.097355 0.000000
vn -0.005507 -0.099848 0.000000
vn -0.033414 -0.094252 0.000000
vn -0.058615 -0.081020 0.000000
vn -0.079067 -0.061225 0.000000
vn -0.093113 -0.036469 0.000000
vn -0.099616 -0.008759 0.000000
vn -0.098048 0.019661 0.000000
vn -0.088538 0.046488 0.000000
vn -0.071854 0.069549 0.000000
vn 0.071854 0.069549 0.000000
vn 0.071854 0.069549 0.000000
vn 0.071854 0.069549 0.000000
vn 0.071854 0.069549 0.000000
vn -0.071854 -0.069549 0.000000
vn -0.049349 -0.086975 0.000000
vn -0.022847 -0.097355 0.000000
vn 0.005507 -0.099848 0.000000
vn 0.033414 -0.094252 0.000000
vn 0.058615 -0.081020 0.000000
vn 0.079067 -0.061225 0.000000
vn 0.093113 -0.036469 0.000000
vn 0.099616 -0.008759 0.000000
vn 0.098048 0.019661 0.000000
vn 0.088538 0.046488 0.000000
vn 0.071854 0.069549 0.000000
vn 0.071854 0.069549 0.000000
vn 0.088538 0.046488 0.000000
vn 0.098048 0.019661 0.000000
vn 0.099616 -0.008759 0.000000
vn 0.093113 -0.036469 0.000000
vn 0.079067 -0.061225 0.000000
vn 0.058615 -0.081020 0.000000
vn 0.033414 -0.094252 0.000000
vn 0.005507 -0.099848 0.000000
vn -0.022847 -0.097355 0.000000
vn -0.049349 -0.086975 0.000000
vn -0.071854 -0.069549 0.000000
vn 0.064711 -0.076240 0.000000
vn 0.064711 -0.076240 0.000000
vn 0.045217 -0.089193 0.000000
vn 0.023245 -0.097261 0.000000
vn 0.000000 -0.100000 0.000000
vn 0.000000 -0.100000 0.000000
vn 0.023245 -0.097261 0.000000
vn 0.045217 -0.089193 0.000000
vn 0.000000 -0.100000 0.000000
vn 0.000000 -0.100000 0.000000
vn 0.000000 -0.100000 0.000000
vn 0.000000 -0.100000 0.000000
vn 0.000000 0.100000 0.000000
vn -0.030902 0.095106 0.000000
vn -0.058779 0.080902 0.000000
vn -0.080902 0.058779 0.000000
vn -0.095106 0.030902 0.000000
vn -0.100000 0.000000 0.000000
vn -0.095106 -0.030902 0.000000
vn -0.080902 -0.058779 0.000000
vn -0.058779 -0.080902 0.000000
vn -0.030902 -0.095106 0.000000
vn 0.000000 -0.100000 0.000000
vn 0.000000 -0.100000 0.000000
vn -0.030902 -0.095106 0.000000
vn -0.058779 -0.080902 0.000000
vn -0.080902 -0.058779 0.000000
vn -0.095106 -0.030902 0.000000
vn -0.100000 0.000000 0.000000
vn -0.095106 0.030902 0.000000
vn -0.080902 0.058779 0.000000
vn -0.058779 0.080902 0.000000
vn -0.030902 0.095106 0.000000
vn 0.000000 0.100000 0.000000
vn 0.000000 -0.100000 0.000000
vn 0.000000 -0.100000 0.000000
vn 0.000000 -0.100000 0.000000
vn 0.000000 -0.100000 0.000000
vn 0.000000 0.100000 0.000000
vn -0.030902 0.095106 0.000000
vn -0.058779 0.080902 0.000000
vn -0.080902 0.058779 0.000000
vn -0.095106 0.030902 0.000000
vn -0.100000 0.000000 0.000000
vn -0.095106 -0.030902 0.000000
vn -0.080902 -0.058779 0.000000
vn -0.058779 -0.080902 0.000000
vn -0.030902 -0.095106 0.000000
vn 0.000000 -0.100000 0.000000
vn 0.000000 -0.100000 0.000000
vn -0.030902 -0.095106 0.000000
vn -0.058779 -0.080902 0.000000
vn -0.080902 -0.058779 0.000000
vn -0.095106 -0.030902 0.000000
vn -0.100000 0.000000 0.000000
vn -0.095106 0.030902 0.000000
vn -0.080902 0.058779 0.000000
vn -0.058779 0.080902 0.000000
vn -0.030902 0.095106 0.000000
vn 0.000000 0.100000 0.000000
vn 0.000000 -0.100000 0.000000
vn 0.000000 -0.100000 0.000000
vn 0.000000 -0.100000 0.000000
vn 0.000000 -0.100000 0.000000
vn 0.064711 0.076240 0.000000
vn 0.064711 0.076240 0.000000
vn 0.045217 0.089193 0.000000
vn 0.023245 0.097261 0.000000
vn 0.000000 0.100000 0.000000
vn 0.000000 0.100000 0.000000
vn 0.023245 0.097261 0.000000
vn 0.045217 0.089193 0.000000
vn 0.071854 -0.069549 0.000000
vn 0.088538 -0.046488 0.000000
vn 0.098048 -0.019661 0.000000
vn 0.099616 0.008759 0.000000
vn 0.093113 0.036469 0.000000
vn 0.079067 0.061225 0.000000
vn 0.058615 0.081020 0.000000
vn 0.033414 0.094252 0.000000
vn 0.005507 0.099848 0.000000
vn -0.022847 0.097355 0.000000
vn -0.049349 0.086975 0.000000
vn -0.071854 0.069549 0.000000
vn -0.071854 0.069549 0.000000
vn -0.049349 0.086975 0.000000
vn -0.022847 0.097355 0.000000
vn 0.005507 0.099848 0.000000
vn 0.033414 0.094252 0.000000
vn 0.058615 0.081020 0.000000
vn 0.079067 0.061225 0.000000
vn 0.093113 0.036469 0.000000
vn 0.099616 0.008759 0.000000
vn 0.098048 -0.019661 0.000000
vn 0.088538 -0.046488 0.000000
vn 0.071854 -0.069549 0.000000
vn -0.071854 -0.069549 0.000000
vn -0.071854 -0.069549 0.000000
vn -0.071854 -0.069549 0.000000
vn -0.071854 -0.069549 0.000000
vn 0.071854 0.069549 0.000000
vn 0.049349 0.086975 0.000000
vn 0.022847 0.097355 0.000000
vn -0.005507 0.099848 0.000000
vn -0.033414 0.094252 0.000000
vn -0.058615 0.081020 0.000000
vn -0.079067 0.061225 0.000000
vn -0.093113 0.036469 0.000000
vn -0.099616 0.008759 0.000000
vn -0.098048 -0.019661 0.000000
vn -0.088538 -0.046488 0.000000
vn -0.071854 -0.069549 0.000000
vn -0.071854 -0.069549 0.000000
vn -0.088538 -0.046488 0.000000
vn -0.098048 -0.019661 0.000000
vn -0.099616 0.008759 0.000000
vn -0.093113 0.036469 0.000000
vn -0.079067 0.061225 0.000000
vn -0.058615 0.081020 0.000000
vn -0.033414 0.094252 0.000000
vn -0.005507 0.099848 0.000000
vn 0.022847 0.097355 0.000000
vn 0.049349 0.086975 0.000000
vn 0.071854 0.069549 0.000000
vn -0.064711 0.076240 0.000000
vn -0.064711 0.076240 0.000000
vn -0.045217 0.089193 0.000000
vn -0.023245 0.097261 0.000000
vn 0.000000 0.100000 0.000000
vn 0.000000 0.100000 0.000000
vn -0.023245 0.097261 0.000000
vn -0.045217 0.089193 0.000000
vn 0.000000 0.100000 0.000000
vn 0.000000 0.100000 0.000000
vn 0.000000 0.100000 0.000000
vn 0.000000 0.100000 0.000000
vn 0.000000 -0.100000 0.000000
vn 0.030902 -0.095106 0.000000
vn 0.058779 -0.080902 0.000000
vn 0.080902 -0.058779 0.000000
vn 0.095106 -0.030902 0.000000
vn 0.100000 0.000000 0.000000
vn 0.095106 0.030902 0.000000
vn 0.080902 0.058779 0.000000
vn 0.058779 0.080902 0.000000
vn 0.030902 0.095106 0.000000
vn 0.000000 0.100000 0.000000
vn 0.000000 0.100000 0.000000
vn 0.030902 0.095106 0.000000
vn 0.058779 0.080902 0.000000
vn 0.080902 0.058779 0.000000
vn 0.095106 0.030902 0.000000
vn 0.100000 0.000000 0.000000
vn 0.095106 -0.030902 0.000000
vn 0.080902 -0.058779 0.000000
vn 0.058779 -0.080902 0.000000
vn 0.030902 -0.095106 0.000000
vn 0.000000 -0.100000 0.000000
vn 0.000000 0.100000 0.000000
vn 0.000000 0.100000 0.000000
vn 0.000000 0.100000 0.000000
vn 0.000000 0.100000 0.000000
vn 0.000000 -0.100000 0.000000
vn 0.030902 -0.095106 0.000000
vn 0.058779 -0.080902 0.000000
vn 0.080902 -0.058779 0.000000
vn 0.095106 -0.030902 0.000000
vn 0.100000 0.000000 0.000000
vn 0.095106 0.030902 0.000000
vn 0.080902 0.058779 0.000000
vn 0.058779 0.080902 0.000000
vn 0.030902 0.095106 0.000000
vn 0.000000 0.100000 0.000000
vn 0.000000 0.100000 0.000000
vn 0.030902 0.095106 0.000000
vn 0.058779 0.080902 0.000000
vn 0.080902 0.058779 0.000000
vn 0.095106 0.030902 0.000000
vn 0.100000 0.000000 0.000000
vn 0.095106 -0.030902 0.000000
vn 0.080902 -0.058779 0.000000
vn 0.058779 -0.080902 0.000000
vn 0.030902 -0.095106 0.000000
vn 0.000000 -0.100000 0.000000
vn 0.000000 0.100000 0.000000
vn 0.000000 0.100000 0.000000
vn 0.000000 0.100000 0.000000
vn 0.000000 0.100000 0.000000
vn 0.000000 0.000000 -0.100000
vn 0.000000 0.000000 -0.100000
vn 0.000000 0.000000 -0.100000
vn 0.000000 0.000000 -0.100000
vn 0.000000 0.000000 -0.100000
vn 0.000000 0.000000 -0.100000
vn 0.000000 0.000000 -0.100000
vn 0.000000 0.000000 -0.100000
vn 0.000000 0.000000 -0.100000
vn 0.000000 0.000000 -0.100000
vn 0.000000 0.000000 -0.100000
vn 0.000000 0.000000 -0.100000
vn 0.000000 0.000000 -0.100000
vn 0.000000 0.000000 -0.100000
vn 0.000000 0.000000 -0.100000
vn 0.000000 0.000000 -0.100000
vn 0.000000 0.000000 -0.100000
vn 0.000000 0.000000 -0.100000
vn 0.000000 0.000000 -0.100000
vn 0.000000 0.000000 -0.100000
vn 0.000000 0.000000 -0.100000
vn 0.000000 0.000000 -0.100000
vn 0.000000 0.000000 -0.100000
vn 0.000000 0.000000 -0.100000
vn 0.000000 0.000000 -0.100000
vn 0.000000 0.000000 -0.100000
vn 0.000000 0.000000 -0.100000
vn 0.000000 0.000000 -0.100000
vn 0.000000 0.000000 -0.100000
vn 0.000000 0.000000 -0.100000
vn 0.000000 0.000000 -0.100000
vn 0.000000 0.000000 -0.100000
vn 0.000000 0.000000 -0.100000
vn 0.000000 0.000000 -0.100000
vn 0.000000 0.000000 -0.100000
vn 0.000000 0.000000 -0.100000
vn 0.000000 0.000000 -0.100000
vn 0.000000 0.000000 -0.100000
vn 0.000000 0.000000 -0.100000
vn 0.000000 0.000000 -0.100000
vn 0.000000 0.000000 -0.100000
vn 0.000000 0.000000 -0.100000
vn 0.000000 0.000000 -0.100000
vn 0.000000 0.000000 -0.100000
vn 0.000000 0.000000 -0.100000
vn 0.000000 0.000000 -0.100000
vn 0.000000 0.000000 -0.100000
vn 0.000000 0.000000 -0.100000
vn 0.000000 0.000000 -0.100000
vn 0.000000 0.000000 -0.100000
vn 0.000000 0.000000 -0.100000
vn 0.000000 0.000000 -0.100000
vn 0.000000 0.000000 -0.100000
vn 0.000000 0.000000 -0.100000
vn 0.000000 0.000000 -0.100000
vn 0.000000 0.000000 -0.100000
vn 0.000000 0.000000 -0.100000
vn 0.000000 0.000000 -0.100000
vn 0.000000 0.000000 -0.100000
vn 0.000000 0.000000 -0.100000
vn 0.000000 0.000000 -0.100000
vn 0.000000 0.000000 -0.100000
vn 0.000000 0.000000 -0.100000
vn 0.000000 0.000000 -0.100000
vn 0.000000 0.000000 -0.100000
vn 0.000000 0.000000 -0.100000
vn 0.000000 0.000000 -0.100000
vn 0.000000 0.000000 -0.100000
vn 0.000000 0.000000 -0.100000
vn 0.000000 0.000000 -0.100000
vn 0.000000 0.000000 -0.100000
vn 0.000000 0.000000 -0.100000
vn 0.000000 0.000000 -0.100000
vn 0.000000 0.000000 -0.100000
vn 0.000000 0.000000 -0.100000
vn 0.000000 0.000000 -0.100000
vn 0.000000 0.000000 -0.100000
vn 0.000000 0.000000 -0.100000
vn 0.000000 0.000000 -0.100000
vn 0.000000 0.000000 -0.100000
vn 0.000000 0.000000 -0.100000
vn 0.000000 0.000000 -0.100000
vn 0.000000 0.000000 -0.100000
vn 0.000000 0.000000 -0.100000
vn 0.000000 0.000000 -0.100000
vn 0.000000 0.000000 -0.100000
vn 0.000000 0.000000 -0.100000
vn 0.000000 0.000000 -0.100000
vn 0.000000 0.000000 -0.100000
vn 0.000000 0.000000 -0.100000
vn 0.000000 0.000000 -0.100000
vn 0.000000 0.000000 -0.100000
vn 0.000000 0.000000 -0.100000
vn 0.000000 0.000000 -0.100000
vn 0.000000 0.000000 -0.100000
vn 0.000000 0.000000 -0.100000
vn 0.000000 0.000000 -0.100000
vn 0.000000 0.000000 -0.100000
vn 0.000000 0.000000 -0.100000
vn 0.000000 0.000000 -0.100000
vn 0.000000 0.000000 -0.100000
vn 0.000000 0.000000 -0.100000
vn 0.000000 0.000000 -0.100000
vn 0.000000 0.000000 -0.100000
vn 0.000000 0.000000 -0.100000
vn 0.000000 0.000000 -0.100000
vn 0.000000 0.000000 -0.100000
vn 0.000000 0.000000 -0.100000
vn 0.000000 0.000000 -0.100000
vn 0.000000 0.000000 -0.100000
vn 0.000000 0.000000 -0.100000
vn 0.000000 0.000000 -0.100000
vn 0.000000 0.000000 -0.100000
vn 0.000000 0.000000 -0.100000
vn 0.000000 0.000000 -0.100000
vn 0.000000 0.000000 -0.100000
vn 0.000000 0.000000 -0.100000
vn 0.000000 0.000000 -0.100000
vn 0.000000 0.000000 -0.100000
vn 0.000000 0.000000 -0.100000
vn 0.000000 0.000000 -0.100000
vn 0.000000 0.000000 -0.100000
vn 0.000000 0.000000 -0.100000
vn 0.000000 0.000000 -0.100000
vn 0.000000 0.000000 -0.100000
vn 0.000000 0.000000 -0.100000
vn 0.000000 0.000000 -0.100000
vn 0.000000 0.000000 -0.100000
vn 0.000000 0.000000 -0.100000
vn 0.000000 0.000000 -0.100000
vn 0.000000 0.000000 -0.100000
vn 0.000000 0.000000 -0.100000
vn 0.000000 0.000000 -0.100000
vn 0.000000 0.000000 -0.100000
vn 0.000000 0.000000 -0.100000
vn 0.000000 0.000000 -0.100000
vn 0.000000 0.000000 -0.100000
vn 0.000000 0.000000 -0.100000
vn 0.000000 0.000000 -0.100000
vn 0.000000 0.000000 -0.100000
vn 0.000000 0.000000 -0.100000
vn 0.000000 0.000000 -0.100000
vn 0.000000 0.000000 -0.100000
vn 0.000000 0.000000 -0.100000
vn 0.000000 0.000000 -0.100000
vn 0.000000 0.000000 -0.100000
vn 0.000000 0.000000 -0.100000
vn 0.000000 0.000000 -0.100000
vn 0.000000 0.000000 -0.100000
vn 0.000000 0.000000 -0.100000
vn 0.000000 0.000000 -0.100000
vn 0.000000 0.000000 -0.100000
vn 0.000000 0.000000 -0.100000
vn 0.000000 0.000000 -0.100000
vn 0.000000 0.000000 -0.100000
vn 0.000000 0.000000 -0.100000
vn 0.000000 0.000000 -0.100000
vn 0.000000 0.000000 -0.100000
vn 0.000000 0.000000 -0.100000
vn 0.000000 0.000000 -0.100000
vn 0.000000 0.000000 -0.100000
vn 0.000000 0.000000 -0.100000
vn 0.000000 0.000000 -0.100000
vn 0.000000 0.000000 -0.100000
vn 0.000000 0.000000 -0.100000
vn 0.000000 0.000000 -0.100000
vn 0.000000 0.000000 -0.100000
vn 0.000000 0.000000 -0.100000
vn 0.000000 0.000000 -0.100000
vn 0.000000 0.000000 -0.100000
vn 0.000000 0.000000 -0.100000
vn 0.000000 0.000000 -0.100000
vn 0.000000 0.000000 -0.100000
vn 0.000000 0.000000 -0.100000
vn 0.000000 0.000000 -0.100000
vn 0.000000 0.000000 -0.100000
vn 0.000000 0.000000 -0.100000
vn 0.000000 0.000000 -0.100000
vn 0.000000 0.000000 -0.100000
vn 0.000000 0.000000 -0.100000
vn 0.000000 0.000000 -0.100000
vn 0.000000 0.000000 -0.100000
vn 0.000000 0.000000 -0.100000
vn 0.000000 0.000000 -0.100000
vn 0.000000 0.000000 -0.100000
vn 0.000000 0.000000 -0.100000
vn 0.000000 0.000000 -0.100000
vn 0.000000 0.000000 -0.100000
vn 0.000000 0.000000 -0.100000
vn 0.000000 0.000000 -0.100000
vn 0.000000 0.000000 -0.100000
vn 0.000000 0.000000 -0.100000
vn 0.000000 0.000000 -0.100000
vn 0.000000 0.000000 -0.100000
vn 0.000000 0.000000 -0.100000
vn 0.000000 0.000000 -0.100000
vn 0.000000 0.000000 -0.100000
vn 0.000000 0.000000 -0.100000
vn 0.000000 0.000000 -0.100000
vn 0.000000 0.000000 -0.100000
vn 0.000000 0.000000 -0.100000
vn 0.000000 0.000000 -0.100000
vn 0.000000 0.000000 -0.100000
vn 0.000000 0.000000 -0.100000
vn 0.000000 0.000000 -0.100000
vn 0.000000 0.000000 -0.100000
vn 0.000000 0.000000 -0.100000
vn 0.000000 0.000000 -0.100000
vn 0.000000 0.000000 -0.100000
vn 0.000000 0.000000 -0.100000
vn 0.000000 0.000000 -0.100000
vn 0.000000 0.000000 -0.100000
vn 0.000000 0.000000 -0.100000
vn 0.000000 0.000000 -0.100000
vn 0.000000 0.000000 -0.100000
vn 0.000000 0.000000 -0.100000
vn 0.000000 0.000000 -0.100000
vn 0.000000 0.000000 -0.100000
vn 0.000000 0.000000 -0.100000
vn 0.000000 0.000000 -0.100000
vn 0.000000 0.000000 -0.100000
vn 0.000000 0.000000 -0.100000
vn 0.000000 0.000000 -0.100000
vn 0.000000 0.000000 -0.100000
vn 0.000000 0.000000 -0.100000
vn 0.000000 0.000000 -0.100000
vn 0.000000 0.000000 -0.100000
vn 0.000000 0.000000 -0.100000
vn 0.000000 0.000000 -0.100000
vn 0.000000 0.000000 -0.100000
vn 0.000000 0.000000 -0.100000
vn 0.000000 0.000000 -0.100000
vn 0.000000 0.000000 -0.100000
vn 0.000000 0.000000 -0.100000
vn 0.000000 0.000000 -0.100000
vn 0.000000 0.000000 -0.100000
vn 0.000000 0.000000 -0.100000
vn 0.000000 0.000000 -0.100000
vn 0.000000 0.000000 -0.100000
vn 0.000000 0.000000 -0.100000
vn 0.000000 0.000000 -0.100000
vn 0.000000 0.000000 -0.100000
vn 0.000000 0.000000 -0.100000
vn 0.000000 0.000000 -0.100000
vn 0.000000 0.000000 -0.100000
vn 0.000000 0.000000 -0.100000
vn 0.000000 0.000000 -0.100000
vn 0.000000 0.000000 -0.100000
vn 0.000000 0.000000 -0.100000
vn 0.000000 0.000000 -0.100000
vn 0.000000 0.000000 -0.100000
vn 0.000000 0.000000 -0.100000
vn 0.000000 0.000000 -0.100000
vn 0.000000 0.000000 -0.100000
vn 0.000000 0.000000 -0.100000
vn 0.000000 0.000000 -0.100000
vn 0.000000 0.000000 -0.100000
vn 0.000000 0.000000 -0.100000
vn 0.000000 0.000000 -0.100000
vn 0.000000 0.000000 -0.100000
vn 0.000000 0.000000 -0.100000
vn 0.000000 0.000000 -0.100000
vn 0.000000 0.000000 -0.100000
vn 0.000000 0.000000 -0.100000
vn 0.000000 0.000000 -0.100000
vn 0.000000 0.000000 -0.100000
vn 0.000000 0.000000 -0.100000
vn 0.000000 0.000000 -0.100000
vn 0.000000 0.000000 -0.100000
vn 0.000000 0.000000 -0.100000
vn 0.000000 0.000000 -0.100000
vn 0.000000 0.000000 -0.100000
vn 0.000000 0.000000 -0.100000
vn 0.000000 0.000000 -0.100000
vn 0.000000 0.000000 -0.100000
vn 0.000000 0.000000 -0.100000
vn 0.000000 0.000000 -0.100000
vn 0.000000 0.000000 -0.100000
vn 0.000000 0.000000 -0.100000
vn 0.000000 0.000000 -0.100000
vn 0.000000 0.000000 -0.100000
vn 0.000000 0.000000 -0.100000
vn 0.000000 0.000000 -0.100000
vn 0.000000 0.000000 -0.100000
vn 0.000000 0.000000 -0.100000
vn 0.000000 0.000000 -0.100000
vn 0.000000 0.000000 -0.100000
vn 0.000000 0.000000 -0.100000
vn 0.000000 0.000000 -0.100000
vn 0.000000 0.000000 -0.100000
vn 0.000000 0.000000 -0.100000
vn 0.000000 0.000000 -0.100000
vn 0.000000 0.000000 -0.100000
vn 0.000000 0.000000 -0.100000
vn 0.000000 0.000000 -0.100000
vn 0.000000 0.000000 -0.100000
vn 0.000000 0.000000 -0.100000
vn 0.000000 0.000000 -0.100000
vn 0.000000 0.000000 -0.100000
vn 0.000000 0.000000 -0.100000
vn 0.000000 0.000000 -0.100000
vn 0.000000 0.000000 -0.100000
vn 0.000000 0.000000 -0.100000
vn 0.000000 0.000000 -0.100000
vn 0.000000 0.000000 -0.100000
vn 0.000000 0.000000 -0.100000
vn 0.000000 0.000000 -0.100000
vn 0.000000 0.000000 -0.100000
vn 0.000000 0.000000 -0.100000
vn 0.000000 0.000000 -0.100000
vn 0.000000 0.000000 -0.100000
vn 0.000000 0.000000 -0.100000
vn 0.000000 0.000000 -0.100000
vn 0.000000 0.000000 -0.100000
vn 0.000000 0.000000 -0.100000
vn 0.000000 0.000000 -0.100000
vn 0.000000 0.000000 -0.100000
vn 0.000000 0.000000 -0.100000
vn 0.000000 0.000000 -0.100000
vn 0.000000 0.000000 -0.100000
vn 0.000000 0.000000 -0.100000
vn 0.000000 0.000000 -0.100000
vn 0.000000 0.000000 -0.100000
vn 0.000000 0.000000 -0.100000
vn 0.000000 0.000000 -0.100000
vn 0.000000 0.000000 -0.100000
vn 0.000000 0.000000 -0.100000
vn 0.000000 0.000000 -0.100000
vn 0.000000 0.000000 -0.100000
vn 0.000000 0.000000 -0.100000
vn 0.000000 0.000000 -0.100000
vn 0.000000 0.000000 -0.100000
vn 0.000000 0.000000 -0.100000
vn 0.000000 0.000000 -0.100000
vn 0.000000 0.000000 -0.100000
vn 0.000000 0.000000 -0.100000
vn 0.000000 0.000000 -0.100000
vn 0.000000 0.000000 -0.100000
vn 0.000000 0.000000 -0.100000
vn 0.000000 0.000000 -0.100000
vn 0.000000 0.000000 -0.100000
vn 0.000000 0.000000 -0.100000
vn 0.000000 0.000000 -0.100000
vn 0.000000 0.000000 -0.100000
vn 0.000000 0.000000 -0.100000
vn 0.000000 0.000000 -0.100000
vn 0.000000 0.000000 -0.100000
vn 0.000000 0.000000 -0.100000
vn 0.000000 0.000000 -0.100000
vn 0.000000 0.000000 -0.100000
vn 0.000000 0.000000 -0.100000
vn 0.000000 0.000000 -0.100000
vn 0.000000 0.000000 -0.100000
vn 0.000000 0.000000 -0.100000
vn 0.000000 0.000000 -0.100000
vn 0.000000 0.000000 -0.100000
vn 0.000000 0.000000 -0.100000
vn 0.000000 0.000000 -0.100000
vn 0.000000 0.000000 -0.100000
vn 0.000000 0.000000 -0.100000
vn 0.000000 0.000000 -0.100000
vn 0.000000 0.000000 -0.100000
vn 0.000000 0.000000 -0.100000
vn 0.000000 0.000000 -0.100000
vn 0.000000 0.000000 -0.100000
vn 0.000000 0.000000 -0.100000
vn 0.000000 0.000000 -0.100000
vn 0.000000 0.000000 -0.100000
vn 0.000000 0.000000 -0.100000
vn 0.000000 0.000000 -0.100000
vn 0.000000 0.000000 -0.100000
vn 0.000000 0.000000 -0.100000
vn 0.000000 0.000000 -0.100000
vn 0.000000 0.000000 -0.100000
vn 0.000000 0.000000 -0.100000
vn 0.000000 0.000000 -0.100000
vn 0.000000 0.000000 -0.100000
vn 0.000000 0.000000 -0.100000
vn 0.000000 0.000000 -0.100000
vn 0.000000 0.000000 -0.100000
vn 0.000000 0.000000 -0.100000
vn 0.000000 0.000000 -0.100000
vn 0.000000 0.000000 -0.100000
vn 0.000000 0.000000 -0.100000
vn 0.000000 0.000000 -0.100000
vn 0.000000 0.000000 -0.100000
vn 0.000000 0.000000 -0.100000
vn 0.000000 0.000000 -0.100000
vn 0.000000 0.000000 -0.100000
vn 0.000000 0.000000 -0.100000
vn 0.000000 0.000000 -0.100000
vn 0.000000 0.000000 -0.100000
vn 0.000000 0.000000 -0.100000
vn 0.000000 0.000000 -0.100000
vn 0.000000 0.000000 -0.100000
vn 0.000000 0.000000 -0.100000
vn 0.000000 0.000000 -0.100000
vn 0.000000 0.000000 -0.100000
vn 0.000000 0.000000 -0.100000
vn 0.000000 0.000000 -0.100000
vn 0.000000 0.000000 -0.100000
vn 0.000000 0.000000 -0.100000
vn 0.000000 0.000000 -0.100000
vn 0.000000 0.000000 -0.100000
vn 0.000000 0.000000 -0.100000
vn 0.000000 0.000000 -0.100000
vn 0.000000 0.000000 -0.100000
vn 0.000000 0.000000 -0.100000
vn 0.000000 0.000000 -0.100000
vn 0.000000 0.000000 -0.100000
vn 0.000000 0.000000 -0.100000
vn 0.000000 0.000000 -0.100000
vn 0.000000 0.000000 -0.100000
vn 0.000000 0.000000 -0.100000
vn 0.000000 0.000000 -0.100000
vn 0.000000 0.000000 -0.100000
vn 0.000000 0.000000 -0.100000
vn 0.000000 0.000000 -0.100000
vn 0.000000 0.000000 -0.100000
vn 0.000000 0.000000 -0.100000
vn 0.000000 0.000000 -0.100000
vn 0.000000 0.000000 -0.100000
vn 0.000000 0.000000 -0.100000
vn 0.000000 0.000000 -0.100000
vn 0.000000 0.000000 -0.100000
vn 0.000000 0.000000 -0.100000
vn 0.000000 0.000000 -0.100000
vn 0.000000 0.000000 -0.100000
vn 0.000000 0.000000 -0.100000
vn 0.000000 0.000000 -0.100000
vn 0.000000 0.000000 -0.100000
vn 0.000000 0.000000 -0.100000
vn 0.000000 0.000000 -0.100000
vn 0.000000 0.000000 -0.100000
vn 0.000000 0.000000 -0.100000
vn 0.000000 0.000000 -0.100000
vn 0.000000 0.000000 -0.100000
vn 0.000000 0.000000 -0.100000
vn 0.000000 0.000000 -0.100000
vn 0.000000 0.000000 -0.100000
vn 0.000000 0.000000 -0.100000
vn 0.000000 0.000000 -0.100000
vn 0.000000 0.000000 -0.100000
vn 0.000000 0.000000 -0.100000
vn 0.000000 0.000000 -0.100000
vn 0.000000 0.000000 -0.100000
vn 0.000000 0.000000 -0.100000
vn 0.000000 0.000000 -0.100000
vn 0.000000 0.000000 -0.100000
vn 0.000000 0.000000 -0.100000
vn 0.000000 0.000000 -0.100000
vn 0.000000 0.000000 -0.100000
vn 0.000000 0.000000 -0.100000
vn 0.000000 0.000000 -0.100000
vn 0.000000 0.000000 -0.100000
vn 0.000000 0.000000 -0.100000
vn 0.000000 0.000000 -0.100000
vn 0.000000 0.000000 -0.100000
vn 0.000000 0.000000 -0.100000
vn 0.000000 0.000000 -0.100000
vn 0.000000 0.000000 -0.100000
vn 0.000000 0.000000 -0.100000
vn 0.000000 0.000000 -0.100000
vn 0.000000 0.000000 -0.100000
vn 0.000000 0.000000 -0.100000
vn 0.000000 0.000000 -0.100000
vn 0.000000 0.000000 -0.100000
vn 0.000000 0.000000 -0.100000
vn 0.000000 0.000000 -0.100000
vn 0.000000 0.000000 -0.100000
vn 0.000000 0.000000 -0.100000
vn 0.000000 0.000000 -0.100000
vn 0.000000 0.000000 -0.100000
vn 0.000000 0.000000 -0.100000
vn 0.000000 0.000000 -0.100000
vn 0.000000 0.000000 -0.100000
vn 0.000000 0.000000 -0.100000
vn 0.000000 0.000000 -0.100000
vn 0.000000 0.000000 -0.100000
vn 0.000000 0.000000 -0.100000
vn 0.000000 0.000000 -0.100000
vn 0.000000 0.000000 -0.100000
vn 0.000000 0.000000 -0.100000
vn 0.000000 0.000000 -0.100000
vn 0.000000 0.000000 -0.100000
vn 0.000000 0.000000 -0.100000
vn 0.000000 0.000000 -0.100000
vn 0.000000 0.000000 -0.100000
vn 0.000000 0.000000 -0.100000
vn 0.000000 0.000000 -0.100000
vn 0.000000 0.000000 -0.100000
vn 0.000000 0.000000 -0.100000
vn 0.000000 0.000000 -0.100000
vn 0.000000 0.000000 -0.100000
vn 0.000000 0.000000 -0.100000
vn 0.000000 0.000000 -0.100000
vn 0.000000 0.000000 -0.100000
vn 0.000000 0.000000 -0.100000
vn 0.000000 0.000000 -0.100000
vn 0.000000 0.000000 -0.100000
vn 0.000000 0.000000 -0.100000
vn 0.000000 0.000000 -0.100000
vn 0.000000 0.000000 -0.100000
vn 0.000000 0.000000 -0.100000
vn 0.000000 0.000000 -0.100000
vn 0.000000 0.000000 -0.100000
vn 0.000000 0.000000 -0.100000
vn 0.000000 0.000000 -0.100000
vn 0.000000 0.000000 -0.100000
vn 0.000000 0.000000 -0.100000
vn 0.000000 0.000000 -0.100000
vn 0.000000 0.000000 -0.100000
vn 0.000000 0.000000 -0.100000
vn 0.000000 0.000000 -0.100000
vn 0.000000 0.000000 -0.100000
vn 0.000000 0.000000 -0.100000
vn 0.000000 0.000000 -0.100000
vn 0.000000 0.000000 -0.100000
vn 0.000000 0.000000 -0.100000
vn 0.000000 0.000000 -0.100000
vn 0.000000 0.000000 -0.100000
vn 0.000000 0.000000 -0.100000
vn 0.000000 0.000000 -0.100000
vn 0.000000 0.000000 -0.100000
usemtl 191,191,191
f 1239/1/1 1329/2/2 1240/4/4
f 1240/4/4 1329/2/2 1330/3/3
f 1329/5/5 1237/6/6 1330/8/8
f 1330/8/8 1237/6/6 1238/7/7
f 1237/9/9 1037/10/10 1238/12/12
f 1238/12/12 1037/10/10 1038/11/11
f 1037/13/13 924/14/14 1038/16/16
f 1038/16/16 924/14/14 925/15/15
f 924/17/17 1039/18/18 925/20/20
f 925/20/20 1039/18/18 1040/19/19
f 1039/21/21 1239/22/22 1040/24/24
f 1040/24/24 1239/22/22 1240/23/23
f 1046/37/37 1031/25/25 925/43/43
f 925/43/43 1031/25/25 1045/26/26
f 925/43/43 1045/26/26 1038/42/42
f 1038/42/42 1045/26/26 1101/27/27
f 1038/42/42 1101/27/27 1145/28/28
f 1038/42/42 1145/28/28 1238/41/41
f 1238/41/41 1145/28/28 1177/29/29
f 1238/41/41 1177/29/29 1213/30/30
f 1238/41/41 1213/30/30 1330/40/40
f 1330/40/40 1213/30/30 1247/31/31
f 1330/40/40 1247/31/31 1248/32/32
f 1248/32/32 1214/33/33 1330/40/40
f 1330/40/40 1214/33/33 1240/39/39
f 1240/39/39 1214/33/33 1178/34/34
f 1240/39/39 1178/34/34 1146/35/35
f 1240/39/39 1146/35/35 1040/38/38
f 1040/38/38 1146/35/35 1102/36/36
f 1040/38/38 1102/36/36 1046/37/37
f 1040/38/38 1046/37/37 925/43/43
f 1331/44/44 1241/45/45 1332/47/47
f 1332/47/47 1241/45/45 1242/46/46
f 1241/48/48 1041/49/49 1242/51/51
f 1242/51/51 1041/49/49 1042/50/50
f 1041/52/52 926/53/53 1042/55/55
f 1042/55/55 926/53/53 927/54/54
f 926/56/56 1043/57/57 927/59/59
f 927/59/59 1043/57/57 1044/58/58
f 1043/60/60 1243/61/61 1044/63/63
f 1044/63/63 1243/61/61 1244/62/62
f 1243/64/64 1331/65/65 1244/67/67
f 1244/67/67 1331/65/65 1332/66/66
f 1048/80/80 1032/68/68 927/85/85
f 927/85/85 1032/68/68 1047/69/69
f 927/85/85 1047/69/69 1042/84/84
f 1042/84/84 1047/69/69 1103/70/70
f 1042/84/84 1103/70/70 1147/71/71
f 1042/84/84 1147/71/71 1242/83/83
f 1242/83/83 1147/71/71 1179/72/72
f 1242/83/83 1179/72/72 1215/73/73
f 1242/83/83 1215/73/73 1332/82/82
f 1332/82/82 1215/73/73 1249/74/74
f 1332/82/82 1249/74/74 1250/75/75
f 1250/75/75 1216/76/76 1332/82/82
f 1332/82/82 1216/76/76 1244/81/81
f 1244/81/81 1216/76/76 1180/77/77
f 1244/81/81 1180/77/77 1148/78/78
f 1244/81/81 1148/78/78 1044/86/86
f 1044/86/86 1148/78/78 1104/79/79
f 1044/86/86 1104/79/79 1048/80/80
f 1044/86/86 1048/80/80 927/85/85
f 389/87/87 481/88/88 390/90/90
f 390/90/90 481/88/88 482/89/89
f 481/91/91 681/92/92 482/94/94
f 482/94/94 681/92/92 682/93/93
f 681/95/95 794/96/96 682/98/98
f 682/98/98 794/96/96 795/97/97
f 794/99/99 679/100/100 795/102/102
f 795/102/102 679/100/100 680/101/101
f 679/103/103 479/104/104 680/106/106
f 680/106/106 479/104/104 480/105/105
f 479/107/107 389/108/108 480/110/110
f 480/110/110 389/108/108 390/109/109
f 492/123/123 471/111/111 390/125/125
f 390/125/125 471/111/111 491/112/112
f 390/125/125 491/112/112 480/124/124
f 480/124/124 491/112/112 523/113/113
f 480/124/124 523/113/113 567/114/114
f 480/124/124 567/114/114 680/129/129
f 680/129/129 567/114/114 595/115/115
f 680/129/129 595/115/115 635/116/116
f 680/129/129 635/116/116 795/128/128
f 795/128/128 635/116/116 687/117/117
f 795/128/128 687/117/117 688/118/118
f 688/118/118 636/119/119 795/128/128
f 795/128/128 636/119/119 682/127/127
f 682/127/127 636/119/119 596/120/120
f 682/127/127 596/120/120 568/121/121
f 682/127/127 568/121/121 482/126/126
f 482/126/126 568/121/121 524/122/122
f 482/126/126 524/122/122 492/123/123
f 482/126/126 492/123/123 390/125/125
f 483/130/130 391/131/131 484/133/133
f 484/133/133 391/131/131 392/132/132
f 391/134/134 485/135/135 392/137/137
f 392/137/137 485/135/135 486/136/136
f 485/138/138 685/139/139 486/141/141
f 486/141/141 685/139/139 686/140/140
f 685/142/142 796/143/143 686/145/145
f 686/145/145 796/143/143 797/144/144
f 796/146/146 683/147/147 797/149/149
f 797/149/149 683/147/147 684/148/148
f 683/150/150 483/151/151 684/153/153
f 684/153/153 483/151/151 484/152/152
f 494/166/166 472/154/154 392/169/169
f 392/169/169 472/154/154 493/155/155
f 392/169/169 493/155/155 484/168/168
f 484/168/168 493/155/155 525/156/156
f 484/168/168 525/156/156 569/157/157
f 484/168/168 569/157/157 684/167/167
f 684/167/167 569/157/157 597/158/158
f 684/167/167 597/158/158 637/159/159
f 684/167/167 637/159/159 797/172/172
f 797/172/172 637/159/159 689/160/160
f 797/172/172 689/160/160 690/161/161
f 690/161/161 638/162/162 797/172/172
f 797/172/172 638/162/162 686/171/171
f 686/171/171 638/162/162 598/163/163
f 686/171/171 598/163/163 570/164/164
f 686/171/171 570/164/164 486/170/170
f 486/170/170 570/164/164 526/165/165
f 486/170/170 526/165/165 494/166/166
f 486/170/170 494/166/166 392/169/169
f 766/174/174 844/217/217 786/173/173
f 786/218/218 844/196/196 838/197/197
f 786/219/219 838/197/197 768/189/189
f 768/189/189 838/197/197 822/198/198
f 768/189/189 822/198/198 740/188/188
f 740/188/188 822/198/198 792/199/199
f 740/188/188 792/199/199 641/187/187
f 641/187/187 792/199/199 728/200/200
f 641/187/187 728/200/200 609/201/201
f 844/220/220 766/174/174 826/195/195
f 826/195/195 766/174/174 738/175/175
f 826/195/195 738/175/175 802/194/194
f 802/194/194 738/175/175 764/193/193
f 764/193/193 738/175/175 639/176/176
f 764/193/193 639/176/176 731/192/192
f 731/192/192 639/176/176 713/191/191
f 713/191/191 639/176/176 709/190/190
f 709/190/190 639/176/176 603/216/216
f 603/216/216 639/176/176 579/177/177
f 603/216/216 579/177/177 549/215/215
f 549/215/215 579/177/177 527/178/178
f 549/215/215 527/178/178 477/214/214
f 477/214/214 527/178/178 463/179/179
f 477/214/214 463/179/179 409/213/213
f 409/213/213 463/179/179 379/212/212
f 379/212/212 463/179/179 417/180/180
f 379/212/212 417/180/180 349/211/211
f 349/211/211 417/180/180 395/181/181
f 349/211/211 395/181/181 360/210/210
f 360/210/210 395/181/181 369/209/209
f 369/209/209 395/181/181 357/208/208
f 357/208/208 395/181/181 397/182/182
f 357/208/208 397/182/182 351/207/207
f 351/207/207 397/182/182 341/206/206
f 341/206/206 397/182/182 355/205/205
f 355/205/205 397/182/182 419/183/183
f 355/205/205 419/183/183 393/204/204
f 393/204/204 419/183/183 465/184/184
f 393/204/204 465/184/184 449/203/203
f 449/203/203 465/184/184 529/185/185
f 449/203/203 529/185/185 539/202/202
f 539/202/202 529/185/185 581/186/186
f 539/202/202 581/186/186 609/201/201
f 609/201/201 581/186/186 641/187/187
f 709/221/221 603/222/222 655/291/291
f 655/291/291 603/222/222 631/290/290
f 631/290/290 603/222/222 549/223/223
f 631/290/290 549/223/223 552/306/306
f 552/306/306 549/223/223 488/305/305
f 488/305/305 549/223/223 477/224/224
f 488/305/305 477/224/224 268/231/231
f 268/231/231 477/224/224 409/225/225
f 268/231/231 409/225/225 312/230/230
f 312/230/230 409/225/225 379/226/226
f 312/230/230 379/226/226 327/229/229
f 327/229/229 379/226/226 337/228/228
f 337/228/228 379/226/226 349/227/227
f 488/305/305 268/231/231 414/304/304
f 414/304/304 268/231/231 240/232/232
f 414/304/304 240/232/232 194/249/249
f 194/249/249 240/232/232 180/233/233
f 194/249/249 180/233/233 152/248/248
f 152/248/248 180/233/233 134/234/234
f 152/248/248 134/234/234 124/247/247
f 124/247/247 134/234/234 56/235/235
f 124/247/247 56/235/235 92/246/246
f 92/246/246 56/235/235 68/243/243
f 92/246/246 68/243/243 84/245/245
f 84/245/245 68/243/243 76/244/244
f 40/236/236 24/237/237 56/235/235
f 56/235/235 24/237/237 8/238/238
f 56/235/235 8/238/238 68/243/243
f 68/243/243 8/238/238 6/239/239
f 68/243/243 6/239/239 54/242/242
f 54/242/242 6/239/239 22/240/240
f 54/242/242 22/240/240 38/241/241
f 194/249/249 218/250/250 414/304/304
f 414/304/304 218/250/250 382/303/303
f 382/303/303 218/250/250 224/251/251
f 382/303/303 224/251/251 372/302/302
f 372/302/302 224/251/251 216/252/252
f 372/302/302 216/252/252 284/273/273
f 284/273/273 216/252/252 260/272/272
f 260/272/272 216/252/252 192/253/253
f 260/272/272 192/253/253 248/271/271
f 248/271/271 192/253/253 150/254/254
f 248/271/271 150/254/254 212/270/270
f 212/270/270 150/254/254 172/269/269
f 172/269/269 150/254/254 138/268/268
f 138/268/268 150/254/254 122/255/255
f 138/268/268 122/255/255 50/267/267
f 50/267/267 122/255/255 90/256/256
f 50/267/267 90/256/256 66/259/259
f 66/259/259 90/256/256 82/257/257
f 66/259/259 82/257/257 74/258/258
f 66/259/259 52/260/260 50/267/267
f 50/267/267 52/260/260 4/263/263
f 50/267/267 4/263/263 2/264/264
f 36/261/261 20/262/262 52/260/260
f 52/260/260 20/262/262 4/263/263
f 2/264/264 18/265/265 50/267/267
f 50/267/267 18/265/265 34/266/266
f 284/273/273 306/274/274 372/302/302
f 372/302/302 306/274/274 371/301/301
f 371/301/301 306/274/274 330/275/275
f 371/301/301 330/275/275 381/300/300
f 381/300/300 330/275/275 386/276/276
f 381/300/300 386/276/276 413/299/299
f 413/299/299 386/276/276 430/277/277
f 413/299/299 430/277/277 487/298/298
f 487/298/298 430/277/277 520/278/278
f 487/298/298 520/278/278 551/297/297
f 551/297/297 520/278/278 572/279/279
f 551/297/297 572/279/279 615/296/296
f 615/296/296 572/279/279 660/280/280
f 615/296/296 660/280/280 720/295/295
f 720/295/295 660/280/280 761/281/281
f 720/295/295 761/281/281 809/282/282
f 720/295/295 809/282/282 782/294/294
f 782/294/294 809/282/282 829/283/283
f 782/294/294 829/283/283 804/293/293
f 804/293/293 829/283/283 841/284/284
f 804/293/293 841/284/284 812/292/292
f 812/292/292 841/284/284 835/285/285
f 812/292/292 835/285/285 805/310/310
f 805/310/310 835/285/285 819/286/286
f 805/310/310 819/286/286 783/309/309
f 783/309/309 819/286/286 799/287/287
f 783/309/309 799/287/287 721/308/308
f 721/308/308 799/287/287 706/288/288
f 721/308/308 706/288/288 616/307/307
f 616/307/307 706/288/288 552/306/306
f 552/306/306 706/288/288 651/289/289
f 552/306/306 651/289/289 631/290/290
f 767/312/312 786/328/328 787/311/311
f 787/311/311 786/328/328 768/329/329
f 787/311/311 768/329/329 769/327/327
f 769/327/327 768/329/329 740/330/330
f 769/327/327 740/330/330 741/326/326
f 741/326/326 740/330/330 641/331/331
f 741/326/326 641/331/331 642/325/325
f 642/325/325 641/331/331 581/332/332
f 642/325/325 581/332/332 582/324/324
f 582/324/324 581/332/332 529/333/333
f 582/324/324 529/333/333 530/323/323
f 530/323/323 529/333/333 465/334/334
f 530/323/323 465/334/334 466/322/322
f 466/322/322 465/334/334 419/335/335
f 466/322/322 419/335/335 420/321/321
f 420/321/321 419/335/335 397/345/345
f 420/321/321 397/346/346 398/320/320
f 398/347/347 397/336/336 395/337/337
f 398/348/348 395/337/337 396/319/319
f 396/319/319 395/337/337 417/338/338
f 396/319/319 417/338/338 418/318/318
f 418/318/318 417/338/338 463/339/339
f 418/318/318 463/339/339 464/317/317
f 464/317/317 463/339/339 527/340/340
f 464/317/317 527/340/340 528/316/316
f 528/316/316 527/340/340 579/341/341
f 528/316/316 579/341/341 580/315/315
f 580/315/315 579/341/341 639/342/342
f 580/315/315 639/342/342 640/314/314
f 640/314/314 639/342/342 738/343/343
f 640/314/314 738/343/343 739/313/313
f 739/313/313 738/343/343 766/344/344
f 739/313/313 766/344/344 767/312/312
f 767/312/312 766/344/344 786/328/328
f 1307/350/350 1347/392/392 1319/349/349
f 1319/393/393 1347/375/375 1361/376/376
f 1319/394/394 1361/376/376 1367/377/377
f 1279/351/351 1337/372/372 1307/350/350
f 1307/350/350 1337/372/372 1369/373/373
f 1307/350/350 1369/373/373 1358/374/374
f 1337/372/372 1279/351/351 1305/371/371
f 1305/371/371 1279/351/351 1217/352/352
f 1305/371/371 1217/352/352 1245/370/370
f 1245/370/370 1217/352/352 1157/353/353
f 1245/370/370 1157/353/353 1165/369/369
f 1165/369/369 1157/353/353 1115/368/368
f 1115/368/368 1157/353/353 1105/354/354
f 1115/368/368 1105/354/354 1005/367/367
f 1005/367/367 1105/354/354 983/366/366
f 983/366/366 1105/354/354 1011/355/355
f 983/366/366 1011/355/355 950/391/391
f 950/391/391 1011/355/355 914/390/390
f 914/390/390 1011/355/355 958/356/356
f 914/390/390 958/356/356 892/389/389
f 892/389/389 958/356/356 932/357/357
f 892/389/389 932/357/357 874/388/388
f 874/388/388 932/357/357 934/358/358
f 874/388/388 934/358/358 880/387/387
f 880/387/387 934/358/358 896/386/386
f 896/386/386 934/358/358 960/359/359
f 896/386/386 960/359/359 928/385/385
f 928/385/385 960/359/359 1013/360/360
f 928/385/385 1013/360/360 986/384/384
f 986/384/384 1013/360/360 1107/361/361
f 986/384/384 1107/361/361 1113/383/383
f 1113/383/383 1107/361/361 1159/362/362
f 1113/383/383 1159/362/362 1175/382/382
f 1175/382/382 1159/362/362 1219/363/363
f 1175/382/382 1219/363/363 1265/381/381
f 1265/381/381 1219/363/363 1327/380/380
f 1327/380/380 1219/363/363 1281/364/364
f 1327/380/380 1281/364/364 1363/379/379
f 1363/379/379 1281/364/364 1309/365/365
f 1363/379/379 1309/365/365 1377/378/378
f 1377/378/378 1309/365/365 1319/395/395
f 1377/378/378 1319/396/396 1367/377/377
f 1358/374/374 1347/397/397 1307/350/350
f 1369/398/398 1337/399/399 1381/468/468
f 1381/468/468 1337/399/399 1393/467/467
f 1393/467/467 1337/399/399 1408/466/466
f 1408/466/466 1337/399/399 1305/400/400
f 1408/466/466 1305/400/400 1448/465/465
f 1448/465/465 1305/400/400 1245/401/401
f 1448/465/465 1245/401/401 1276/485/485
f 1276/485/485 1245/401/401 1194/484/484
f 1194/484/484 1245/401/401 1165/402/402
f 1194/484/484 1165/402/402 1081/406/406
f 1081/406/406 1165/402/402 1115/403/403
f 1081/406/406 1115/403/403 1063/405/405
f 1063/405/405 1115/403/403 1005/404/404
f 1081/406/406 1065/407/407 1194/484/484
f 1194/484/484 1065/407/407 1134/483/483
f 1134/483/483 1065/407/407 1020/408/408
f 1134/483/483 1020/408/408 1054/482/482
f 1054/482/482 1020/408/408 921/409/409
f 1054/482/482 921/409/409 967/481/481
f 967/481/481 921/409/409 899/410/410
f 967/481/481 899/410/410 917/480/480
f 917/480/480 899/410/410 883/411/411
f 917/480/480 883/411/411 907/479/479
f 907/479/479 883/411/411 877/412/412
f 907/479/479 877/412/412 906/478/478
f 906/478/478 877/412/412 889/413/413
f 906/478/478 889/413/413 916/477/477
f 916/477/477 889/413/413 911/414/414
f 916/477/477 911/414/414 966/476/476
f 966/476/476 911/414/414 955/415/415
f 966/476/476 955/415/415 1053/475/475
f 1053/475/475 955/415/415 1058/416/416
f 1053/475/475 1058/416/416 1133/474/474
f 1133/474/474 1058/416/416 1150/417/417
f 1133/474/474 1150/417/417 1202/418/418
f 1133/474/474 1202/418/418 1193/473/473
f 1193/473/473 1202/418/418 1294/419/419
f 1193/473/473 1294/419/419 1275/472/472
f 1275/472/472 1294/419/419 1334/420/420
f 1275/472/472 1334/420/420 1323/471/471
f 1323/471/471 1334/420/420 1390/421/421
f 1323/471/471 1390/421/421 1339/470/470
f 1339/470/470 1390/421/421 1414/422/422
f 1339/470/470 1414/422/422 1355/469/469
f 1355/469/469 1414/422/422 1436/423/423
f 1355/469/469 1436/423/423 1500/444/444
f 1500/444/444 1436/423/423 1456/424/424
f 1500/444/444 1456/424/424 1520/443/443
f 1520/443/443 1456/424/424 1468/425/425
f 1520/443/443 1468/425/425 1562/442/442
f 1562/442/442 1468/425/425 1508/426/426
f 1562/442/442 1508/426/426 1548/427/427
f 1548/427/427 1582/428/428 1562/442/442
f 1562/442/442 1582/428/428 1590/441/441
f 1590/441/441 1582/428/428 1656/429/429
f 1590/441/441 1656/429/429 1624/440/440
f 1624/440/440 1656/429/429 1648/437/437
f 1624/440/440 1648/437/437 1632/439/439
f 1632/439/439 1648/437/437 1640/438/438
f 1672/430/430 1688/431/431 1656/429/429
f 1656/429/429 1688/431/431 1704/432/432
f 1656/429/429 1704/432/432 1648/437/437
f 1648/437/437 1704/432/432 1706/433/433
f 1648/437/437 1706/433/433 1658/436/436
f 1658/436/436 1706/433/433 1690/434/434
f 1658/436/436 1690/434/434 1674/435/435
f 1500/444/444 1492/445/445 1355/469/469
f 1355/469/469 1492/445/445 1340/487/487
f 1340/487/487 1492/445/445 1502/446/446
f 1340/487/487 1502/446/446 1324/486/486
f 1324/486/486 1502/446/446 1522/447/447
f 1324/486/486 1522/447/447 1476/464/464
f 1476/464/464 1522/447/447 1536/463/463
f 1536/463/463 1522/447/447 1564/448/448
f 1536/463/463 1564/448/448 1586/462/462
f 1586/462/462 1564/448/448 1592/449/449
f 1586/462/462 1592/449/449 1662/461/461
f 1662/461/461 1592/449/449 1626/450/450
f 1662/461/461 1626/450/450 1650/453/453
f 1650/453/453 1626/450/450 1634/451/451
f 1650/453/453 1634/451/451 1642/452/452
f 1660/454/454 1708/457/457 1650/453/453
f 1650/453/453 1708/457/457 1710/458/458
f 1650/453/453 1710/458/458 1662/461/461
f 1662/461/461 1710/458/458 1694/459/459
f 1662/461/461 1694/459/459 1678/460/460
f 1676/455/455 1692/456/456 1660/454/454
f 1660/454/454 1692/456/456 1708/457/457
f 1324/486/486 1476/464/464 1276/485/485
f 1276/485/485 1476/464/464 1448/465/465
f 341/488/488 355/489/489 321/627/627
f 321/627/627 355/489/489 301/675/675
f 321/627/627 301/675/675 309/626/626
f 309/626/626 301/675/675 294/625/625
f 294/625/625 301/675/675 275/676/676
f 294/625/625 275/676/676 251/677/677
f 301/675/675 355/489/489 323/674/674
f 323/674/674 355/489/489 393/490/490
f 323/674/674 393/490/490 335/673/673
f 335/673/673 393/490/490 449/491/491
f 335/673/673 449/491/491 324/689/689
f 324/689/689 449/491/491 344/611/611
f 324/689/689 344/611/611 318/612/612
f 449/491/491 539/492/492 344/611/611
f 344/611/611 539/492/492 364/610/610
f 364/610/610 539/492/492 648/635/635
f 364/610/610 648/635/635 376/609/609
f 376/609/609 648/635/635 378/608/608
f 378/608/608 648/635/635 650/636/636
f 378/608/608 650/636/636 366/607/607
f 366/607/607 650/636/636 540/585/585
f 366/607/607 540/585/585 346/606/606
f 346/606/606 540/585/585 450/586/586
f 346/606/606 450/586/586 325/657/657
f 325/657/657 450/586/586 336/656/656
f 336/656/656 450/586/586 394/587/587
f 336/656/656 394/587/587 326/672/672
f 326/672/672 394/587/587 356/588/588
f 326/672/672 356/588/588 304/671/671
f 304/671/671 356/588/588 322/590/590
f 304/671/671 322/590/590 310/591/591
f 648/635/635 539/492/492 668/634/634
f 668/634/634 539/492/492 609/493/493
f 668/634/634 609/493/493 725/633/633
f 725/633/633 609/493/493 728/494/494
f 725/633/633 728/494/494 775/632/632
f 775/632/632 728/494/494 792/495/495
f 775/632/632 792/495/495 815/631/631
f 815/631/631 792/495/495 822/496/496
f 815/631/631 822/496/496 849/630/630
f 849/630/630 822/496/496 838/497/497
f 849/630/630 838/497/497 857/629/629
f 857/629/629 838/497/497 844/498/498
f 857/629/629 844/498/498 853/503/503
f 853/503/503 844/498/498 846/502/502
f 846/502/502 844/498/498 826/499/499
f 846/502/502 826/499/499 824/501/501
f 824/501/501 826/499/499 802/500/500
f 853/503/503 865/504/504 857/629/629
f 857/629/629 865/504/504 861/628/628
f 861/628/628 865/504/504 874/509/509
f 861/628/628 874/509/509 880/510/510
f 865/504/504 872/505/505 874/509/509
f 874/509/509 872/505/505 892/508/508
f 892/508/508 872/505/505 894/506/506
f 892/508/508 894/506/506 914/507/507
f 861/628/628 880/510/510 869/655/655
f 869/655/655 880/510/510 896/511/511
f 869/655/655 896/511/511 903/654/654
f 903/654/654 896/511/511 928/512/512
f 903/654/654 928/512/512 943/653/653
f 943/653/653 928/512/512 986/513/513
f 943/653/653 986/513/513 989/652/652
f 989/652/652 986/513/513 1113/514/514
f 989/652/652 1113/514/514 1050/651/651
f 1050/651/651 1113/514/514 1175/515/515
f 1050/651/651 1175/515/515 1070/650/650
f 1070/650/650 1175/515/515 1352/537/537
f 1070/650/650 1352/537/537 1344/538/538
f 1352/537/537 1175/515/515 1374/536/536
f 1374/536/536 1175/515/515 1265/516/516
f 1374/536/536 1265/516/516 1386/699/699
f 1386/699/699 1265/516/516 1385/698/698
f 1385/698/698 1265/516/516 1327/517/517
f 1385/698/698 1327/517/517 1403/697/697
f 1403/697/697 1327/517/517 1363/518/518
f 1403/697/697 1363/518/518 1425/696/696
f 1425/696/696 1363/518/518 1411/521/521
f 1425/696/696 1411/521/521 1422/522/522
f 1377/519/519 1395/520/520 1363/518/518
f 1363/518/518 1395/520/520 1411/521/521
f 1425/696/696 1422/522/522 1459/695/695
f 1459/695/695 1422/522/522 1480/523/523
f 1459/695/695 1480/523/523 1495/694/694
f 1495/694/694 1480/523/523 1528/524/524
f 1495/694/694 1528/524/524 1543/693/693
f 1543/693/693 1528/524/524 1570/525/525
f 1543/693/693 1570/525/525 1577/692/692
f 1577/692/692 1570/525/525 1598/526/526
f 1577/692/692 1598/526/526 1605/691/691
f 1605/691/691 1598/526/526 1612/527/527
f 1605/691/691 1612/527/527 1609/690/690
f 1609/690/690 1612/527/527 1620/528/528
f 1609/690/690 1620/528/528 1614/529/529
f 1609/690/690 1614/529/529 1606/706/706
f 1606/706/706 1614/529/529 1600/530/530
f 1606/706/706 1600/530/530 1578/705/705
f 1578/705/705 1600/530/530 1572/531/531
f 1578/705/705 1572/531/531 1544/704/704
f 1544/704/704 1572/531/531 1530/532/532
f 1544/704/704 1530/532/532 1496/703/703
f 1496/703/703 1530/532/532 1482/533/533
f 1496/703/703 1482/533/533 1460/702/702
f 1460/702/702 1482/533/533 1418/534/534
f 1460/702/702 1418/534/534 1426/701/701
f 1426/701/701 1418/534/534 1398/535/535
f 1426/701/701 1398/535/535 1404/700/700
f 1404/700/700 1398/535/535 1374/536/536
f 1404/700/700 1374/536/536 1386/699/699
f 1344/538/538 1346/539/539 1070/650/650
f 1070/650/650 1346/539/539 1072/649/649
f 1072/649/649 1346/539/539 1354/540/540
f 1072/649/649 1354/540/540 1176/562/562
f 1176/562/562 1354/540/540 1376/541/541
f 1176/562/562 1376/541/541 1266/561/561
f 1266/561/561 1376/541/541 1387/715/715
f 1266/561/561 1387/715/715 1388/716/716
f 1387/715/715 1376/541/541 1405/714/714
f 1405/714/714 1376/541/541 1400/542/542
f 1405/714/714 1400/542/542 1427/713/713
f 1427/713/713 1400/542/542 1420/543/543
f 1427/713/713 1420/543/543 1461/712/712
f 1461/712/712 1420/543/543 1484/544/544
f 1461/712/712 1484/544/544 1497/711/711
f 1497/711/711 1484/544/544 1532/545/545
f 1497/711/711 1532/545/545 1545/710/710
f 1545/710/710 1532/545/545 1574/546/546
f 1545/710/710 1574/546/546 1579/709/709
f 1579/709/709 1574/546/546 1602/547/547
f 1579/709/709 1602/547/547 1607/708/708
f 1607/708/708 1602/547/547 1616/548/548
f 1607/708/708 1616/548/548 1610/707/707
f 1610/707/707 1616/548/548 1622/549/549
f 1610/707/707 1622/549/549 1618/550/550
f 1610/707/707 1618/550/550 1608/723/723
f 1608/723/723 1618/550/550 1604/551/551
f 1608/723/723 1604/551/551 1580/722/722
f 1580/722/722 1604/551/551 1576/552/552
f 1580/722/722 1576/552/552 1546/721/721
f 1546/721/721 1576/552/552 1534/553/553
f 1546/721/721 1534/553/553 1498/720/720
f 1498/720/720 1534/553/553 1486/554/554
f 1498/720/720 1486/554/554 1462/719/719
f 1462/719/719 1486/554/554 1424/555/555
f 1462/719/719 1424/555/555 1428/718/718
f 1428/718/718 1424/555/555 1412/556/556
f 1428/718/718 1412/556/556 1364/559/559
f 1364/559/559 1412/556/556 1396/557/557
f 1364/559/559 1396/557/557 1378/558/558
f 1428/718/718 1364/559/559 1406/717/717
f 1406/717/717 1364/559/559 1328/560/560
f 1406/717/717 1328/560/560 1388/716/716
f 1388/716/716 1328/560/560 1266/561/561
f 1072/649/649 1176/562/562 1052/648/648
f 1052/648/648 1176/562/562 1114/563/563
f 1052/648/648 1114/563/563 991/647/647
f 991/647/647 1114/563/563 987/564/564
f 991/647/647 987/564/564 945/646/646
f 945/646/646 987/564/564 929/565/565
f 945/646/646 929/565/565 905/645/645
f 905/645/645 929/565/565 897/566/566
f 905/645/645 897/566/566 871/644/644
f 871/644/644 897/566/566 881/567/567
f 871/644/644 881/567/567 863/643/643
f 863/643/643 881/567/567 875/568/568
f 863/643/643 875/568/568 867/573/573
f 867/573/573 875/568/568 873/572/572
f 873/572/572 875/568/568 893/569/569
f 873/572/572 893/569/569 895/571/571
f 895/571/571 893/569/569 915/570/570
f 867/573/573 855/574/574 863/643/643
f 863/643/643 855/574/574 859/642/642
f 859/642/642 855/574/574 845/579/579
f 859/642/642 845/579/579 839/580/580
f 855/574/574 847/575/575 845/579/579
f 845/579/579 847/575/575 827/578/578
f 827/578/578 847/575/575 825/576/576
f 827/578/578 825/576/576 803/577/577
f 859/642/642 839/580/580 851/641/641
f 851/641/641 839/580/580 823/581/581
f 851/641/641 823/581/581 817/640/640
f 817/640/640 823/581/581 793/582/582
f 817/640/640 793/582/582 777/639/639
f 777/639/639 793/582/582 729/583/583
f 777/639/639 729/583/583 727/638/638
f 727/638/638 729/583/583 610/584/584
f 727/638/638 610/584/584 670/637/637
f 670/637/637 610/584/584 540/585/585
f 670/637/637 540/585/585 650/636/636
f 356/588/588 342/589/589 322/590/590
f 310/591/591 296/592/592 304/671/671
f 304/671/671 296/592/592 278/670/670
f 278/670/670 296/592/592 254/669/669
f 254/669/669 296/592/592 238/593/593
f 254/669/669 238/593/593 206/668/668
f 206/668/668 238/593/593 190/594/594
f 206/668/668 190/594/594 160/667/667
f 160/667/667 190/594/594 148/595/595
f 160/667/667 148/595/595 120/596/596
f 160/667/667 120/596/596 132/666/666
f 132/666/666 120/596/596 108/597/597
f 132/666/666 108/597/597 112/665/665
f 112/665/665 108/597/597 100/598/598
f 112/665/665 100/598/598 111/664/664
f 111/664/664 100/598/598 106/599/599
f 111/664/664 106/599/599 131/663/663
f 131/663/663 106/599/599 118/600/600
f 131/663/663 118/600/600 159/662/662
f 159/662/662 118/600/600 146/601/601
f 159/662/662 146/601/601 188/602/602
f 159/662/662 188/602/602 205/661/661
f 205/661/661 188/602/602 236/603/603
f 205/661/661 236/603/603 253/660/660
f 253/660/660 236/603/603 300/604/604
f 253/660/660 300/604/604 277/659/659
f 277/659/659 300/604/604 303/658/658
f 303/658/658 300/604/604 320/605/605
f 303/658/658 320/605/605 325/657/657
f 325/657/657 320/605/605 346/606/606
f 324/689/689 318/612/612 302/688/688
f 302/688/688 318/612/612 298/613/613
f 302/688/688 298/613/613 276/687/687
f 276/687/687 298/613/613 252/686/686
f 252/686/686 298/613/613 234/614/614
f 252/686/686 234/614/614 204/685/685
f 204/685/685 234/614/614 186/615/615
f 204/685/685 186/615/615 158/684/684
f 158/684/684 186/615/615 144/616/616
f 158/684/684 144/616/616 116/617/617
f 158/684/684 116/617/617 130/683/683
f 130/683/683 116/617/617 104/618/618
f 130/683/683 104/618/618 110/682/682
f 110/682/682 104/618/618 98/619/619
f 110/682/682 98/619/619 109/681/681
f 109/681/681 98/619/619 102/620/620
f 109/681/681 102/620/620 129/680/680
f 129/680/680 102/620/620 114/621/621
f 129/680/680 114/621/621 157/679/679
f 157/679/679 114/621/621 142/622/622
f 157/679/679 142/622/622 184/623/623
f 157/679/679 184/623/623 203/678/678
f 203/678/678 184/623/623 232/624/624
f 203/678/678 232/624/624 251/677/677
f 251/677/677 232/624/624 294/625/625
f 1308/725/725 1319/741/741 1320/724/724
f 1320/724/724 1319/741/741 1309/742/742
f 1320/724/724 1309/742/742 1310/740/740
f 1310/740/740 1309/742/742 1281/743/743
f 1310/740/740 1281/743/743 1282/739/739
f 1282/739/739 1281/743/743 1219/744/744
f 1282/739/739 1219/744/744 1220/738/738
f 1220/738/738 1219/744/744 1159/745/745
f 1220/738/738 1159/745/745 1160/737/737
f 1160/737/737 1159/745/745 1107/746/746
f 1160/737/737 1107/746/746 1108/736/736
f 1108/736/736 1107/746/746 1013/747/747
f 1108/736/736 1013/747/747 1014/735/735
f 1014/735/735 1013/747/747 960/748/748
f 1014/735/735 960/748/748 961/734/734
f 961/734/734 960/748/748 934/758/758
f 961/734/734 934/759/759 935/733/733
f 935/760/760 934/749/749 932/750/750
f 935/761/761 932/750/750 933/732/732
f 933/732/732 932/750/750 958/751/751
f 933/732/732 958/751/751 959/731/731
f 959/731/731 958/751/751 1011/752/752
f 959/731/731 1011/752/752 1012/730/730
f 1012/730/730 1011/752/752 1105/753/753
f 1012/730/730 1105/753/753 1106/729/729
f 1106/729/729 1105/753/753 1157/754/754
f 1106/729/729 1157/754/754 1158/728/728
f 1158/728/728 1157/754/754 1217/755/755
f 1158/728/728 1217/755/755 1218/727/727
f 1218/727/727 1217/755/755 1279/756/756
f 1218/727/727 1279/756/756 1280/726/726
f 1280/726/726 1279/756/756 1307/757/757
f 1280/726/726 1307/757/757 1308/725/725
f 1308/725/725 1307/757/757 1319/741/741
f 1311/763/763 1378/795/795 1321/762/762
f 1321/762/762 1378/795/795 1368/796/796
f 1321/762/762 1368/796/796 1362/806/806
f 1378/795/795 1311/763/763 1364/794/794
f 1364/794/794 1311/763/763 1283/764/764
f 1364/794/794 1283/764/764 1328/793/793
f 1328/793/793 1283/764/764 1221/765/765
f 1328/793/793 1221/765/765 1266/792/792
f 1266/792/792 1221/765/765 1176/791/791
f 1176/791/791 1221/765/765 1161/766/766
f 1176/791/791 1161/766/766 1114/790/790
f 1114/790/790 1161/766/766 1109/767/767
f 1114/790/790 1109/767/767 987/789/789
f 987/789/789 1109/767/767 1015/768/768
f 987/789/789 1015/768/768 929/788/788
f 929/788/788 1015/768/768 962/769/769
f 929/788/788 962/769/769 897/787/787
f 897/787/787 962/769/769 936/770/770
f 897/787/787 936/770/770 881/786/786
f 881/786/786 936/770/770 875/785/785
f 875/785/785 936/770/770 938/771/771
f 875/785/785 938/771/771 893/784/784
f 893/784/784 938/771/771 964/772/772
f 893/784/784 964/772/772 915/783/783
f 915/783/783 964/772/772 1017/773/773
f 915/783/783 1017/773/773 951/782/782
f 951/782/782 1017/773/773 985/781/781
f 985/781/781 1017/773/773 1111/774/774
f 985/781/781 1111/774/774 1003/780/780
f 1003/780/780 1111/774/774 1006/779/779
f 1006/779/779 1111/774/774 1116/805/805
f 1116/805/805 1111/774/774 1163/775/775
f 1116/805/805 1163/775/775 1166/804/804
f 1166/804/804 1163/775/775 1246/803/803
f 1246/803/803 1163/775/775 1223/776/776
f 1246/803/803 1223/776/776 1306/802/802
f 1306/802/802 1223/776/776 1285/777/777
f 1306/802/802 1285/777/777 1338/801/801
f 1338/801/801 1285/777/777 1313/778/778
f 1338/801/801 1313/778/778 1370/800/800
f 1370/800/800 1313/778/778 1360/799/799
f 1360/799/799 1313/778/778 1348/798/798
f 1348/798/798 1313/778/778 1321/807/807
f 1348/798/798 1321/808/808 1362/797/797
f 1341/810/810 1494/858/858 1356/809/809
f 1356/809/809 1494/858/858 1506/859/859
f 1356/809/809 1506/859/859 1438/880/880
f 1438/880/880 1506/859/859 1458/879/879
f 1458/879/879 1506/859/859 1526/860/860
f 1458/879/879 1526/860/860 1470/878/878
f 1470/878/878 1526/860/860 1568/861/861
f 1470/878/878 1568/861/861 1510/877/877
f 1510/877/877 1568/861/861 1550/876/876
f 1550/876/876 1568/861/861 1584/875/875
f 1584/875/875 1568/861/861 1596/862/862
f 1584/875/875 1596/862/862 1670/874/874
f 1670/874/874 1596/862/862 1630/863/863
f 1670/874/874 1630/863/863 1654/866/866
f 1654/866/866 1630/863/863 1638/864/864
f 1654/866/866 1638/864/864 1646/865/865
f 1494/858/858 1341/810/810 1504/857/857
f 1504/857/857 1341/810/810 1325/811/811
f 1504/857/857 1325/811/811 1524/856/856
f 1524/856/856 1325/811/811 1478/839/839
f 1524/856/856 1478/839/839 1538/840/840
f 1325/811/811 1277/812/812 1478/839/839
f 1478/839/839 1277/812/812 1450/838/838
f 1450/838/838 1277/812/812 1246/831/831
f 1450/838/838 1246/831/831 1306/832/832
f 1277/812/812 1195/813/813 1246/831/831
f 1246/831/831 1195/813/813 1166/830/830
f 1166/830/830 1195/813/813 1084/897/897
f 1166/830/830 1084/897/897 1116/829/829
f 1116/829/829 1084/897/897 1064/898/898
f 1116/829/829 1064/898/898 1006/828/828
f 1084/897/897 1195/813/813 1068/896/896
f 1068/896/896 1195/813/813 1135/814/814
f 1068/896/896 1135/814/814 1022/895/895
f 1022/895/895 1135/814/814 1055/815/815
f 1022/895/895 1055/815/815 923/894/894
f 923/894/894 1055/815/815 968/816/816
f 923/894/894 968/816/816 901/893/893
f 901/893/893 968/816/816 918/817/817
f 901/893/893 918/817/817 885/892/892
f 885/892/892 918/817/817 908/818/818
f 885/892/892 908/818/818 879/891/891
f 879/891/891 908/818/818 909/819/819
f 879/891/891 909/819/819 891/890/890
f 891/890/890 909/819/819 919/820/820
f 891/890/890 919/820/820 913/889/889
f 913/889/889 919/820/820 969/821/821
f 913/889/889 969/821/821 957/888/888
f 957/888/888 969/821/821 1056/822/822
f 957/888/888 1056/822/822 1060/887/887
f 1060/887/887 1056/822/822 1136/823/823
f 1060/887/887 1136/823/823 1152/886/886
f 1152/886/886 1136/823/823 1204/885/885
f 1204/885/885 1136/823/823 1196/824/824
f 1204/885/885 1196/824/824 1296/884/884
f 1296/884/884 1196/824/824 1278/825/825
f 1296/884/884 1278/825/825 1336/883/883
f 1336/883/883 1278/825/825 1326/826/826
f 1336/883/883 1326/826/826 1392/882/882
f 1392/882/882 1326/826/826 1342/827/827
f 1392/882/882 1342/827/827 1416/881/881
f 1416/881/881 1342/827/827 1356/809/809
f 1416/881/881 1356/809/809 1438/880/880
f 1450/838/838 1306/832/832 1410/837/837
f 1410/837/837 1306/832/832 1338/833/833
f 1410/837/837 1338/833/833 1394/836/836
f 1394/836/836 1338/833/833 1382/835/835
f 1382/835/835 1338/833/833 1370/834/834
f 1524/856/856 1538/840/840 1566/855/855
f 1566/855/855 1538/840/840 1588/841/841
f 1566/855/855 1588/841/841 1594/854/854
f 1594/854/854 1588/841/841 1664/842/842
f 1594/854/854 1664/842/842 1628/853/853
f 1628/853/853 1664/842/842 1652/850/850
f 1628/853/853 1652/850/850 1636/852/852
f 1636/852/852 1652/850/850 1644/851/851
f 1680/843/843 1696/844/844 1664/842/842
f 1664/842/842 1696/844/844 1712/845/845
f 1664/842/842 1712/845/845 1652/850/850
f 1652/850/850 1712/845/845 1714/846/846
f 1652/850/850 1714/846/846 1666/849/849
f 1666/849/849 1714/846/846 1698/847/847
f 1666/849/849 1698/847/847 1682/848/848
f 1654/866/866 1668/867/867 1670/874/874
f 1670/874/874 1668/867/867 1716/870/870
f 1670/874/874 1716/870/870 1718/871/871
f 1684/868/868 1700/869/869 1668/867/867
f 1668/867/867 1700/869/869 1716/870/870
f 1718/871/871 1702/872/872 1670/874/874
f 1670/874/874 1702/872/872 1686/873/873
f 1312/900/900 1321/916/916 1322/899/899
f 1322/899/899 1321/916/916 1313/917/917
f 1322/899/899 1313/917/917 1314/915/915
f 1314/915/915 1313/917/917 1285/918/918
f 1314/915/915 1285/918/918 1286/914/914
f 1286/914/914 1285/918/918 1223/919/919
f 1286/914/914 1223/919/919 1224/913/913
f 1224/913/913 1223/919/919 1163/920/920
f 1224/913/913 1163/920/920 1164/912/912
f 1164/912/912 1163/920/920 1111/921/921
f 1164/912/912 1111/921/921 1112/911/911
f 1112/911/911 1111/921/921 1017/922/922
f 1112/911/911 1017/922/922 1018/910/910
f 1018/910/910 1017/922/922 964/923/923
f 1018/910/910 964/923/923 965/909/909
f 965/909/909 964/923/923 938/933/933
f 965/909/909 938/934/934 939/908/908
f 939/935/935 938/924/924 936/925/925
f 939/936/936 936/925/925 937/907/907
f 937/907/907 936/925/925 962/926/926
f 937/907/907 962/926/926 963/906/906
f 963/906/906 962/926/926 1015/927/927
f 963/906/906 1015/927/927 1016/905/905
f 1016/905/905 1015/927/927 1109/928/928
f 1016/905/905 1109/928/928 1110/904/904
f 1110/904/904 1109/928/928 1161/929/929
f 1110/904/904 1161/929/929 1162/903/903
f 1162/903/903 1161/929/929 1221/930/930
f 1162/903/903 1221/930/930 1222/902/902
f 1222/902/902 1221/930/930 1283/931/931
f 1222/902/902 1283/931/931 1284/901/901
f 1284/901/901 1283/931/931 1311/932/932
f 1284/901/901 1311/932/932 1312/900/900
f 1312/900/900 1311/932/932 1321/916/916
f 770/938/938 839/980/980 788/937/937
f 788/981/981 839/967/967 845/968/968
f 788/982/982 845/968/968 772/953/953
f 772/953/953 845/968/968 827/969/969
f 772/953/953 827/969/969 744/952/952
f 744/952/952 827/969/969 803/970/970
f 744/952/952 803/970/970 765/971/971
f 839/983/983 770/938/938 823/966/966
f 823/966/966 770/938/938 742/939/939
f 823/966/966 742/939/939 793/965/965
f 793/965/965 742/939/939 643/940/940
f 793/965/965 643/940/940 729/964/964
f 729/964/964 643/940/940 610/963/963
f 610/963/963 643/940/940 583/941/941
f 610/963/963 583/941/941 540/962/962
f 540/962/962 583/941/941 531/942/942
f 540/962/962 531/942/942 450/961/961
f 450/961/961 531/942/942 467/943/943
f 450/961/961 467/943/943 394/960/960
f 394/960/960 467/943/943 421/944/944
f 394/960/960 421/944/944 356/959/959
f 356/959/959 421/944/944 399/945/945
f 356/959/959 399/945/945 342/958/958
f 342/958/958 399/945/945 352/957/957
f 352/957/957 399/945/945 358/956/956
f 358/956/956 399/945/945 401/946/946
f 358/956/956 401/946/946 370/955/955
f 370/955/955 401/946/946 362/954/954
f 362/954/954 401/946/946 350/979/979
f 350/979/979 401/946/946 423/947/947
f 350/979/979 423/947/947 380/978/978
f 380/978/978 423/947/947 469/948/948
f 380/978/978 469/948/948 410/977/977
f 410/977/977 469/948/948 478/976/976
f 478/976/976 469/948/948 533/949/949
f 478/976/976 533/949/949 550/975/975
f 550/975/975 533/949/949 585/950/950
f 550/975/975 585/950/950 604/974/974
f 604/974/974 585/950/950 645/951/951
f 604/974/974 645/951/951 710/973/973
f 710/973/973 645/951/951 733/972/972
f 733/972/972 645/951/951 765/971/971
f 765/971/971 645/951/951 744/952/952
f 806/985/985 837/1016/1016 813/984/984
f 813/984/984 837/1016/1016 843/1017/1017
f 813/984/984 843/1017/1017 807/1002/1002
f 807/1002/1002 843/1017/1017 831/1018/1018
f 807/1002/1002 831/1018/1018 785/1001/1001
f 785/1001/1001 831/1018/1018 811/1019/1019
f 785/1001/1001 811/1019/1019 723/1000/1000
f 723/1000/1000 811/1019/1019 763/1020/1020
f 723/1000/1000 763/1020/1020 662/1021/1021
f 837/1016/1016 806/985/985 821/1015/1015
f 821/1015/1015 806/985/985 784/986/986
f 821/1015/1015 784/986/986 801/1014/1014
f 801/1014/1014 784/986/986 722/987/987
f 801/1014/1014 722/987/987 708/1013/1013
f 708/1013/1013 722/987/987 617/988/988
f 708/1013/1013 617/988/988 553/989/989
f 489/990/990 550/1007/1007 553/989/989
f 553/989/989 550/1007/1007 634/1011/1011
f 553/989/989 634/1011/1011 654/1012/1012
f 415/991/991 270/1070/1070 489/990/990
f 489/990/990 270/1070/1070 478/1006/1006
f 489/990/990 478/1006/1006 550/1007/1007
f 383/992/992 220/1051/1051 415/991/991
f 415/991/991 220/1051/1051 196/1052/1052
f 415/991/991 196/1052/1052 242/1069/1069
f 242/1069/1069 196/1052/1052 182/1068/1068
f 182/1068/1068 196/1052/1052 154/1053/1053
f 182/1068/1068 154/1053/1053 136/1067/1067
f 136/1067/1067 154/1053/1053 126/1054/1054
f 136/1067/1067 126/1054/1054 58/1066/1066
f 58/1066/1066 126/1054/1054 94/1055/1055
f 58/1066/1066 94/1055/1055 70/1058/1058
f 70/1058/1058 94/1055/1055 86/1056/1056
f 70/1058/1058 86/1056/1056 78/1057/1057
f 220/1051/1051 383/992/992 226/1050/1050
f 226/1050/1050 383/992/992 373/993/993
f 226/1050/1050 373/993/993 222/1049/1049
f 222/1049/1049 373/993/993 286/1028/1028
f 222/1049/1049 286/1028/1028 262/1029/1029
f 286/1028/1028 373/993/993 308/1027/1027
f 308/1027/1027 373/993/993 374/994/994
f 308/1027/1027 374/994/994 332/1026/1026
f 332/1026/1026 374/994/994 384/995/995
f 332/1026/1026 384/995/995 388/1025/1025
f 388/1025/1025 384/995/995 416/996/996
f 388/1025/1025 416/996/996 432/1024/1024
f 432/1024/1024 416/996/996 490/997/997
f 432/1024/1024 490/997/997 522/1023/1023
f 522/1023/1023 490/997/997 554/998/998
f 522/1023/1023 554/998/998 574/1022/1022
f 574/1022/1022 554/998/998 618/999/999
f 574/1022/1022 618/999/999 662/1021/1021
f 662/1021/1021 618/999/999 723/1000/1000
f 350/1003/1003 380/1004/1004 338/1073/1073
f 338/1073/1073 380/1004/1004 328/1072/1072
f 328/1072/1072 380/1004/1004 314/1071/1071
f 314/1071/1071 380/1004/1004 410/1005/1005
f 314/1071/1071 410/1005/1005 270/1070/1070
f 270/1070/1070 410/1005/1005 478/1006/1006
f 550/1007/1007 604/1008/1008 634/1011/1011
f 634/1011/1011 604/1008/1008 656/1010/1010
f 656/1010/1010 604/1008/1008 710/1009/1009
f 654/1012/1012 708/1013/1013 553/989/989
f 222/1049/1049 262/1029/1029 198/1048/1048
f 198/1048/1048 262/1029/1029 250/1030/1030
f 198/1048/1048 250/1030/1030 156/1047/1047
f 156/1047/1047 250/1030/1030 214/1031/1031
f 156/1047/1047 214/1031/1031 174/1032/1032
f 174/1032/1032 140/1033/1033 156/1047/1047
f 156/1047/1047 140/1033/1033 128/1046/1046
f 128/1046/1046 140/1033/1033 64/1034/1034
f 128/1046/1046 64/1034/1034 96/1045/1045
f 96/1045/1045 64/1034/1034 72/1042/1042
f 96/1045/1045 72/1042/1042 88/1044/1044
f 88/1044/1044 72/1042/1042 80/1043/1043
f 48/1035/1035 32/1036/1036 64/1034/1034
f 64/1034/1034 32/1036/1036 16/1037/1037
f 64/1034/1034 16/1037/1037 72/1042/1042
f 72/1042/1042 16/1037/1037 14/1038/1038
f 72/1042/1042 14/1038/1038 62/1041/1041
f 62/1041/1041 14/1038/1038 30/1039/1039
f 62/1041/1041 30/1039/1039 46/1040/1040
f 70/1058/1058 60/1059/1059 58/1066/1066
f 58/1066/1066 60/1059/1059 12/1062/1062
f 58/1066/1066 12/1062/1062 10/1063/1063
f 44/1060/1060 28/1061/1061 60/1059/1059
f 60/1059/1059 28/1061/1061 12/1062/1062
f 10/1063/1063 26/1064/1064 58/1066/1066
f 58/1066/1066 26/1064/1064 42/1065/1065
f 242/1069/1069 270/1070/1070 415/991/991
f 771/1075/1075 788/1091/1091 789/1074/1074
f 789/1074/1074 788/1091/1091 772/1092/1092
f 789/1074/1074 772/1092/1092 773/1090/1090
f 773/1090/1090 772/1092/1092 744/1093/1093
f 773/1090/1090 744/1093/1093 745/1089/1089
f 745/1089/1089 744/1093/1093 645/1094/1094
f 745/1089/1089 645/1094/1094 646/1088/1088
f 646/1088/1088 645/1094/1094 585/1095/1095
f 646/1088/1088 585/1095/1095 586/1087/1087
f 586/1087/1087 585/1095/1095 533/1096/1096
f 586/1087/1087 533/1096/1096 534/1086/1086
f 534/1086/1086 533/1096/1096 469/1097/1097
f 534/1086/1086 469/1097/1097 470/1085/1085
f 470/1085/1085 469/1097/1097 423/1098/1098
f 470/1085/1085 423/1098/1098 424/1084/1084
f 424/1084/1084 423/1098/1098 401/1108/1108
f 424/1084/1084 401/1109/1109 402/1083/1083
f 402/1110/1110 401/1099/1099 399/1100/1100
f 402/1111/1111 399/1100/1100 400/1082/1082
f 400/1082/1082 399/1100/1100 421/1101/1101
f 400/1082/1082 421/1101/1101 422/1081/1081
f 422/1081/1081 421/1101/1101 467/1102/1102
f 422/1081/1081 467/1102/1102 468/1080/1080
f 468/1080/1080 467/1102/1102 531/1103/1103
f 468/1080/1080 531/1103/1103 532/1079/1079
f 532/1079/1079 531/1103/1103 583/1104/1104
f 532/1079/1079 583/1104/1104 584/1078/1078
f 584/1078/1078 583/1104/1104 643/1105/1105
f 584/1078/1078 643/1105/1105 644/1077/1077
f 644/1077/1077 643/1105/1105 742/1106/1106
f 644/1077/1077 742/1106/1106 743/1076/1076
f 743/1076/1076 742/1106/1106 770/1107/1107
f 743/1076/1076 770/1107/1107 771/1075/1075
f 771/1075/1075 770/1107/1107 788/1091/1091
f 773/1113/1113 781/1148/1148 789/1112/1112
f 789/1112/1112 781/1148/1148 780/1151/1151
f 789/1112/1112 780/1151/1151 771/1128/1128
f 771/1128/1128 780/1151/1151 754/1176/1176
f 771/1128/1128 754/1176/1176 743/1127/1127
f 743/1127/1127 754/1176/1176 693/1174/1174
f 743/1127/1127 693/1174/1174 644/1126/1126
f 644/1126/1126 693/1174/1174 613/1173/1173
f 644/1126/1126 613/1173/1173 584/1125/1125
f 584/1125/1125 613/1173/1173 557/1171/1171
f 584/1125/1125 557/1171/1171 532/1124/1124
f 532/1124/1124 557/1171/1171 509/1169/1169
f 532/1124/1124 509/1169/1169 468/1123/1123
f 468/1123/1123 509/1169/1169 439/1167/1167
f 468/1123/1123 439/1167/1167 422/1122/1122
f 422/1122/1122 439/1167/1167 407/1165/1165
f 422/1122/1122 407/1165/1165 400/1121/1121
f 400/1121/1121 407/1165/1165 404/1178/1178
f 400/1121/1121 404/1179/1179 402/1120/1120
f 402/1180/1180 404/1144/1144 408/1163/1163
f 402/1181/1181 408/1163/1163 424/1119/1119
f 424/1119/1119 408/1163/1163 440/1161/1161
f 424/1119/1119 440/1161/1161 470/1118/1118
f 470/1118/1118 440/1161/1161 510/1159/1159
f 470/1118/1118 510/1159/1159 534/1117/1117
f 534/1117/1117 510/1159/1159 558/1157/1157
f 534/1117/1117 558/1157/1157 586/1116/1116
f 586/1116/1116 558/1157/1157 614/1156/1156
f 586/1116/1116 614/1156/1156 646/1115/1115
f 646/1115/1115 614/1156/1156 694/1154/1154
f 646/1115/1115 694/1154/1154 745/1114/1114
f 745/1114/1114 694/1154/1154 755/1152/1152
f 745/1114/1114 755/1152/1152 773/1113/1113
f 773/1113/1113 755/1152/1152 781/1148/1148
f 736/1130/1130 758/1150/1150 751/1129/1129
f 751/1129/1129 758/1150/1150 759/1149/1149
f 751/1129/1129 759/1149/1149 737/1143/1143
f 737/1143/1143 759/1149/1149 749/1153/1153
f 737/1143/1143 749/1153/1153 666/1142/1142
f 666/1142/1142 749/1153/1153 678/1155/1155
f 666/1142/1142 678/1155/1155 602/1141/1141
f 602/1141/1141 678/1155/1155 608/1147/1147
f 602/1141/1141 608/1147/1147 566/1140/1140
f 566/1140/1140 608/1147/1147 562/1158/1158
f 566/1140/1140 562/1158/1158 514/1160/1160
f 514/1160/1160 562/1158/1158 558/1157/1157
f 514/1160/1160 558/1157/1157 510/1159/1159
f 758/1150/1150 736/1130/1130 748/1177/1177
f 748/1177/1177 736/1130/1130 665/1131/1131
f 748/1177/1177 665/1131/1131 677/1175/1175
f 677/1175/1175 665/1131/1131 601/1132/1132
f 677/1175/1175 601/1132/1132 607/1146/1146
f 607/1146/1146 601/1132/1132 565/1133/1133
f 607/1146/1146 565/1133/1133 561/1172/1172
f 561/1172/1172 565/1133/1133 513/1170/1170
f 561/1172/1172 513/1170/1170 509/1169/1169
f 509/1169/1169 513/1170/1170 439/1167/1167
f 565/1133/1133 517/1134/1134 513/1170/1170
f 513/1170/1170 517/1134/1134 447/1168/1168
f 513/1170/1170 447/1168/1168 439/1167/1167
f 439/1167/1167 447/1168/1168 407/1165/1165
f 517/1134/1134 461/1135/1135 447/1168/1168
f 447/1168/1168 461/1135/1135 427/1166/1166
f 447/1168/1168 427/1166/1166 407/1165/1165
f 407/1165/1165 427/1166/1166 404/1182/1182
f 461/1135/1135 435/1183/1183 427/1166/1166
f 427/1166/1166 435/1184/1184 412/1145/1145
f 427/1166/1166 412/1145/1145 404/1185/1185
f 404/1144/1144 412/1186/1186 408/1163/1163
f 435/1136/1136 436/1137/1137 412/1187/1187
f 412/1188/1188 436/1137/1137 428/1164/1164
f 412/1189/1189 428/1164/1164 408/1163/1163
f 408/1163/1163 428/1164/1164 440/1161/1161
f 436/1137/1137 462/1138/1138 428/1164/1164
f 428/1164/1164 462/1138/1138 448/1162/1162
f 428/1164/1164 448/1162/1162 440/1161/1161
f 440/1161/1161 448/1162/1162 510/1159/1159
f 462/1138/1138 518/1139/1139 448/1162/1162
f 448/1162/1162 518/1139/1139 514/1160/1160
f 448/1162/1162 514/1160/1160 510/1159/1159
f 518/1139/1139 566/1140/1140 514/1160/1160
f 781/1148/1148 759/1149/1149 780/1151/1151
f 780/1151/1151 759/1149/1149 758/1150/1150
f 780/1151/1151 758/1150/1150 754/1176/1176
f 754/1176/1176 758/1150/1150 748/1177/1177
f 754/1176/1176 748/1177/1177 693/1174/1174
f 693/1174/1174 748/1177/1177 677/1175/1175
f 693/1174/1174 677/1175/1175 613/1173/1173
f 613/1173/1173 677/1175/1175 607/1146/1146
f 613/1173/1173 607/1146/1146 557/1171/1171
f 557/1171/1171 607/1146/1146 561/1172/1172
f 557/1171/1171 561/1172/1172 509/1169/1169
f 759/1149/1149 781/1148/1148 749/1153/1153
f 749/1153/1153 781/1148/1148 755/1152/1152
f 749/1153/1153 755/1152/1152 678/1155/1155
f 678/1155/1155 755/1152/1152 694/1154/1154
f 678/1155/1155 694/1154/1154 608/1147/1147
f 608/1147/1147 694/1154/1154 614/1156/1156
f 608/1147/1147 614/1156/1156 562/1158/1158
f 562/1158/1158 614/1156/1156 558/1157/1157
f 673/1191/1191 736/1217/1217 696/1190/1190
f 696/1190/1190 736/1217/1217 751/1203/1203
f 696/1190/1190 751/1203/1203 737/1204/1204
f 736/1217/1217 673/1191/1191 665/1216/1216
f 665/1216/1216 673/1191/1191 621/1192/1192
f 665/1216/1216 621/1192/1192 601/1215/1215
f 601/1215/1215 621/1192/1192 577/1193/1193
f 601/1215/1215 577/1193/1193 565/1214/1214
f 565/1214/1214 577/1193/1193 537/1194/1194
f 565/1214/1214 537/1194/1194 517/1213/1213
f 517/1213/1213 537/1194/1194 497/1195/1195
f 517/1213/1213 497/1195/1195 461/1212/1212
f 461/1212/1212 497/1195/1195 475/1196/1196
f 461/1212/1212 475/1196/1196 435/1211/1211
f 435/1211/1211 475/1196/1196 476/1197/1197
f 435/1211/1211 476/1197/1197 436/1210/1210
f 436/1210/1210 476/1197/1197 462/1209/1209
f 462/1209/1209 476/1197/1197 498/1198/1198
f 462/1209/1209 498/1198/1198 518/1208/1208
f 518/1208/1208 498/1198/1198 538/1199/1199
f 518/1208/1208 538/1199/1199 566/1207/1207
f 566/1207/1207 538/1199/1199 578/1200/1200
f 566/1207/1207 578/1200/1200 602/1206/1206
f 602/1206/1206 578/1200/1200 622/1201/1201
f 602/1206/1206 622/1201/1201 666/1205/1205
f 666/1205/1205 622/1201/1201 674/1202/1202
f 666/1205/1205 674/1202/1202 737/1204/1204
f 737/1204/1204 674/1202/1202 696/1190/1190
f 1314/1219/1219 1318/1254/1254 1322/1218/1218
f 1322/1218/1218 1318/1254/1254 1317/1257/1257
f 1322/1218/1218 1317/1257/1257 1312/1234/1234
f 1312/1234/1234 1317/1257/1257 1299/1282/1282
f 1312/1234/1234 1299/1282/1282 1284/1233/1233
f 1284/1233/1233 1299/1282/1282 1253/1280/1280
f 1284/1233/1233 1253/1280/1280 1222/1232/1232
f 1222/1232/1232 1253/1280/1280 1191/1279/1279
f 1222/1232/1232 1191/1279/1279 1162/1231/1231
f 1162/1231/1231 1191/1279/1279 1131/1277/1277
f 1162/1231/1231 1131/1277/1277 1110/1230/1230
f 1110/1230/1230 1131/1277/1277 1079/1275/1275
f 1110/1230/1230 1079/1275/1275 1016/1229/1229
f 1016/1229/1229 1079/1275/1275 980/1273/1273
f 1016/1229/1229 980/1273/1273 963/1228/1228
f 963/1228/1228 980/1273/1273 948/1271/1271
f 963/1228/1228 948/1271/1271 937/1227/1227
f 937/1227/1227 948/1271/1271 941/1284/1284
f 937/1227/1227 941/1285/1285 939/1226/1226
f 939/1286/1286 941/1250/1250 949/1269/1269
f 939/1287/1287 949/1269/1269 965/1225/1225
f 965/1225/1225 949/1269/1269 981/1267/1267
f 965/1225/1225 981/1267/1267 1018/1224/1224
f 1018/1224/1224 981/1267/1267 1080/1265/1265
f 1018/1224/1224 1080/1265/1265 1112/1223/1223
f 1112/1223/1223 1080/1265/1265 1132/1263/1263
f 1112/1223/1223 1132/1263/1263 1164/1222/1222
f 1164/1222/1222 1132/1263/1263 1192/1262/1262
f 1164/1222/1222 1192/1262/1262 1224/1221/1221
f 1224/1221/1221 1192/1262/1262 1254/1260/1260
f 1224/1221/1221 1254/1260/1260 1286/1220/1220
f 1286/1220/1220 1254/1260/1260 1300/1258/1258
f 1286/1220/1220 1300/1258/1258 1314/1219/1219
f 1314/1219/1219 1300/1258/1258 1318/1254/1254
f 1273/1236/1236 1303/1256/1256 1292/1235/1235
f 1292/1235/1235 1303/1256/1256 1304/1255/1255
f 1292/1235/1235 1304/1255/1255 1274/1249/1249
f 1274/1249/1249 1304/1255/1255 1290/1259/1259
f 1274/1249/1249 1290/1259/1259 1228/1248/1248
f 1228/1248/1248 1290/1259/1259 1236/1261/1261
f 1228/1248/1248 1236/1261/1261 1184/1247/1247
f 1184/1247/1247 1236/1261/1261 1188/1253/1253
f 1184/1247/1247 1188/1253/1253 1144/1246/1246
f 1144/1246/1246 1188/1253/1253 1140/1264/1264
f 1144/1246/1246 1140/1264/1264 1096/1266/1266
f 1096/1266/1266 1140/1264/1264 1132/1263/1263
f 1096/1266/1266 1132/1263/1263 1080/1265/1265
f 1303/1256/1256 1273/1236/1236 1289/1283/1283
f 1289/1283/1283 1273/1236/1236 1227/1237/1237
f 1289/1283/1283 1227/1237/1237 1235/1281/1281
f 1235/1281/1281 1227/1237/1237 1183/1238/1238
f 1235/1281/1281 1183/1238/1238 1187/1252/1252
f 1187/1252/1252 1183/1238/1238 1143/1239/1239
f 1187/1252/1252 1143/1239/1239 1139/1278/1278
f 1139/1278/1278 1143/1239/1239 1095/1276/1276
f 1139/1278/1278 1095/1276/1276 1079/1275/1275
f 1079/1275/1275 1095/1276/1276 980/1273/1273
f 1143/1239/1239 1099/1240/1240 1095/1276/1276
f 1095/1276/1276 1099/1240/1240 998/1274/1274
f 1095/1276/1276 998/1274/1274 980/1273/1273
f 980/1273/1273 998/1274/1274 948/1271/1271
f 1099/1240/1240 1009/1241/1241 998/1274/1274
f 998/1274/1274 1009/1241/1241 972/1272/1272
f 998/1274/1274 972/1272/1272 948/1271/1271
f 948/1271/1271 972/1272/1272 941/1288/1288
f 1009/1241/1241 976/1289/1289 972/1272/1272
f 972/1272/1272 976/1290/1290 953/1251/1251
f 972/1272/1272 953/1251/1251 941/1291/1291
f 941/1250/1250 953/1292/1292 949/1269/1269
f 976/1242/1242 977/1243/1243 953/1293/1293
f 953/1294/1294 977/1243/1243 973/1270/1270
f 953/1295/1295 973/1270/1270 949/1269/1269
f 949/1269/1269 973/1270/1270 981/1267/1267
f 977/1243/1243 1010/1244/1244 973/1270/1270
f 973/1270/1270 1010/1244/1244 999/1268/1268
f 973/1270/1270 999/1268/1268 981/1267/1267
f 981/1267/1267 999/1268/1268 1080/1265/1265
f 1010/1244/1244 1100/1245/1245 999/1268/1268
f 999/1268/1268 1100/1245/1245 1096/1266/1266
f 999/1268/1268 1096/1266/1266 1080/1265/1265
f 1100/1245/1245 1144/1246/1246 1096/1266/1266
f 1318/1254/1254 1304/1255/1255 1317/1257/1257
f 1317/1257/1257 1304/1255/1255 1303/1256/1256
f 1317/1257/1257 1303/1256/1256 1299/1282/1282
f 1299/1282/1282 1303/1256/1256 1289/1283/1283
f 1299/1282/1282 1289/1283/1283 1253/1280/1280
f 1253/1280/1280 1289/1283/1283 1235/1281/1281
f 1253/1280/1280 1235/1281/1281 1191/1279/1279
f 1191/1279/1279 1235/1281/1281 1187/1252/1252
f 1191/1279/1279 1187/1252/1252 1131/1277/1277
f 1131/1277/1277 1187/1252/1252 1139/1278/1278
f 1131/1277/1277 1139/1278/1278 1079/1275/1275
f 1304/1255/1255 1318/1254/1254 1290/1259/1259
f 1290/1259/1259 1318/1254/1254 1300/1258/1258
f 1290/1259/1259 1300/1258/1258 1236/1261/1261
f 1236/1261/1261 1300/1258/1258 1254/1260/1260
f 1236/1261/1261 1254/1260/1260 1188/1253/1253
f 1188/1253/1253 1254/1260/1260 1192/1262/1262
f 1188/1253/1253 1192/1262/1262 1140/1264/1264
f 1140/1264/1264 1192/1262/1262 1132/1263/1263
f 1231/1297/1297 1273/1323/1323 1256/1296/1296
f 1256/1296/1296 1273/1323/1323 1292/1309/1309
f 1256/1296/1296 1292/1309/1309 1274/1310/1310
f 1273/1323/1323 1231/1297/1297 1227/1322/1322
f 1227/1322/1322 1231/1297/1297 1199/1298/1298
f 1227/1322/1322 1199/1298/1298 1183/1321/1321
f 1183/1321/1321 1199/1298/1298 1155/1299/1299
f 1183/1321/1321 1155/1299/1299 1143/1320/1320
f 1143/1320/1320 1155/1299/1299 1119/1300/1300
f 1143/1320/1320 1119/1300/1300 1099/1319/1319
f 1099/1319/1319 1119/1300/1300 1075/1301/1301
f 1099/1319/1319 1075/1301/1301 1009/1318/1318
f 1009/1318/1318 1075/1301/1301 1035/1302/1302
f 1009/1318/1318 1035/1302/1302 976/1317/1317
f 976/1317/1317 1035/1302/1302 1036/1303/1303
f 976/1317/1317 1036/1303/1303 977/1316/1316
f 977/1316/1316 1036/1303/1303 1010/1315/1315
f 1010/1315/1315 1036/1303/1303 1076/1304/1304
f 1010/1315/1315 1076/1304/1304 1100/1314/1314
f 1100/1314/1314 1076/1304/1304 1120/1305/1305
f 1100/1314/1314 1120/1305/1305 1144/1313/1313
f 1144/1313/1313 1120/1305/1305 1156/1306/1306
f 1144/1313/1313 1156/1306/1306 1184/1312/1312
f 1184/1312/1312 1156/1306/1306 1200/1307/1307
f 1184/1312/1312 1200/1307/1307 1228/1311/1311
f 1228/1311/1311 1200/1307/1307 1232/1308/1308
f 1228/1311/1311 1232/1308/1308 1274/1310/1310
f 1274/1310/1310 1232/1308/1308 1256/1296/1296
f 1310/1325/1325 1316/1360/1360 1320/1324/1324
f 1320/1324/1324 1316/1360/1360 1315/1363/1363
f 1320/1324/1324 1315/1363/1363 1308/1340/1340
f 1308/1340/1340 1315/1363/1363 1297/1388/1388
f 1308/1340/1340 1297/1388/1388 1280/1339/1339
f 1280/1339/1339 1297/1388/1388 1251/1386/1386
f 1280/1339/1339 1251/1386/1386 1218/1338/1338
f 1218/1338/1338 1251/1386/1386 1189/1385/1385
f 1218/1338/1338 1189/1385/1385 1158/1337/1337
f 1158/1337/1337 1189/1385/1385 1129/1383/1383
f 1158/1337/1337 1129/1383/1383 1106/1336/1336
f 1106/1336/1336 1129/1383/1383 1077/1381/1381
f 1106/1336/1336 1077/1381/1381 1012/1335/1335
f 1012/1335/1335 1077/1381/1381 978/1379/1379
f 1012/1335/1335 978/1379/1379 959/1334/1334
f 959/1334/1334 978/1379/1379 946/1377/1377
f 959/1334/1334 946/1377/1377 933/1333/1333
f 933/1333/1333 946/1377/1377 940/1390/1390
f 933/1333/1333 940/1391/1391 935/1332/1332
f 935/1392/1392 940/1356/1356 947/1375/1375
f 935/1393/1393 947/1375/1375 961/1331/1331
f 961/1331/1331 947/1375/1375 979/1373/1373
f 961/1331/1331 979/1373/1373 1014/1330/1330
f 1014/1330/1330 979/1373/1373 1078/1371/1371
f 1014/1330/1330 1078/1371/1371 1108/1329/1329
f 1108/1329/1329 1078/1371/1371 1130/1369/1369
f 1108/1329/1329 1130/1369/1369 1160/1328/1328
f 1160/1328/1328 1130/1369/1369 1190/1368/1368
f 1160/1328/1328 1190/1368/1368 1220/1327/1327
f 1220/1327/1327 1190/1368/1368 1252/1366/1366
f 1220/1327/1327 1252/1366/1366 1282/1326/1326
f 1282/1326/1326 1252/1366/1366 1298/1364/1364
f 1282/1326/1326 1298/1364/1364 1310/1325/1325
f 1310/1325/1325 1298/1364/1364 1316/1360/1360
f 1271/1342/1342 1301/1362/1362 1291/1341/1341
f 1291/1341/1341 1301/1362/1362 1302/1361/1361
f 1291/1341/1341 1302/1361/1361 1272/1355/1355
f 1272/1355/1355 1302/1361/1361 1288/1365/1365
f 1272/1355/1355 1288/1365/1365 1226/1354/1354
f 1226/1354/1354 1288/1365/1365 1234/1367/1367
f 1226/1354/1354 1234/1367/1367 1182/1353/1353
f 1182/1353/1353 1234/1367/1367 1186/1359/1359
f 1182/1353/1353 1186/1359/1359 1142/1352/1352
f 1142/1352/1352 1186/1359/1359 1138/1370/1370
f 1142/1352/1352 1138/1370/1370 1094/1372/1372
f 1094/1372/1372 1138/1370/1370 1130/1369/1369
f 1094/1372/1372 1130/1369/1369 1078/1371/1371
f 1301/1362/1362 1271/1342/1342 1287/1389/1389
f 1287/1389/1389 1271/1342/1342 1225/1343/1343
f 1287/1389/1389 1225/1343/1343 1233/1387/1387
f 1233/1387/1387 1225/1343/1343 1181/1344/1344
f 1233/1387/1387 1181/1344/1344 1185/1358/1358
f 1185/1358/1358 1181/1344/1344 1141/1345/1345
f 1185/1358/1358 1141/1345/1345 1137/1384/1384
f 1137/1384/1384 1141/1345/1345 1093/1382/1382
f 1137/1384/1384 1093/1382/1382 1077/1381/1381
f 1077/1381/1381 1093/1382/1382 978/1379/1379
f 1141/1345/1345 1097/1346/1346 1093/1382/1382
f 1093/1382/1382 1097/1346/1346 996/1380/1380
f 1093/1382/1382 996/1380/1380 978/1379/1379
f 978/1379/1379 996/1380/1380 946/1377/1377
f 1097/1346/1346 1007/1347/1347 996/1380/1380
f 996/1380/1380 1007/1347/1347 970/1378/1378
f 996/1380/1380 970/1378/1378 946/1377/1377
f 946/1377/1377 970/1378/1378 940/1394/1394
f 1007/1347/1347 974/1395/1395 970/1378/1378
f 970/1378/1378 974/1396/1396 952/1357/1357
f 970/1378/1378 952/1357/1357 940/1397/1397
f 940/1356/1356 952/1398/1398 947/1375/1375
f 974/1348/1348 975/1349/1349 952/1399/1399
f 952/1400/1400 975/1349/1349 971/1376/1376
f 952/1401/1401 971/1376/1376 947/1375/1375
f 947/1375/1375 971/1376/1376 979/1373/1373
f 975/1349/1349 1008/1350/1350 971/1376/1376
f 971/1376/1376 1008/1350/1350 997/1374/1374
f 971/1376/1376 997/1374/1374 979/1373/1373
f 979/1373/1373 997/1374/1374 1078/1371/1371
f 1008/1350/1350 1098/1351/1351 997/1374/1374
f 997/1374/1374 1098/1351/1351 1094/1372/1372
f 997/1374/1374 1094/1372/1372 1078/1371/1371
f 1098/1351/1351 1142/1352/1352 1094/1372/1372
f 1316/1360/1360 1302/1361/1361 1315/1363/1363
f 1315/1363/1363 1302/1361/1361 1301/1362/1362
f 1315/1363/1363 1301/1362/1362 1297/1388/1388
f 1297/1388/1388 1301/1362/1362 1287/1389/1389
f 1297/1388/1388 1287/1389/1389 1251/1386/1386
f 1251/1386/1386 1287/1389/1389 1233/1387/1387
f 1251/1386/1386 1233/1387/1387 1189/1385/1385
f 1189/1385/1385 1233/1387/1387 1185/1358/1358
f 1189/1385/1385 1185/1358/1358 1129/1383/1383
f 1129/1383/1383 1185/1358/1358 1137/1384/1384
f 1129/1383/1383 1137/1384/1384 1077/1381/1381
f 1302/1361/1361 1316/1360/1360 1288/1365/1365
f 1288/1365/1365 1316/1360/1360 1298/1364/1364
f 1288/1365/1365 1298/1364/1364 1234/1367/1367
f 1234/1367/1367 1298/1364/1364 1252/1366/1366
f 1234/1367/1367 1252/1366/1366 1186/1359/1359
f 1186/1359/1359 1252/1366/1366 1190/1368/1368
f 1186/1359/1359 1190/1368/1368 1138/1370/1370
f 1138/1370/1370 1190/1368/1368 1130/1369/1369
f 1229/1403/1403 1271/1429/1429 1255/1402/1402
f 1255/1402/1402 1271/1429/1429 1291/1415/1415
f 1255/1402/1402 1291/1415/1415 1272/1416/1416
f 1271/1429/1429 1229/1403/1403 1225/1428/1428
f 1225/1428/1428 1229/1403/1403 1197/1404/1404
f 1225/1428/1428 1197/1404/1404 1181/1427/1427
f 1181/1427/1427 1197/1404/1404 1153/1405/1405
f 1181/1427/1427 1153/1405/1405 1141/1426/1426
f 1141/1426/1426 1153/1405/1405 1117/1406/1406
f 1141/1426/1426 1117/1406/1406 1097/1425/1425
f 1097/1425/1425 1117/1406/1406 1073/1407/1407
f 1097/1425/1425 1073/1407/1407 1007/1424/1424
f 1007/1424/1424 1073/1407/1407 1033/1408/1408
f 1007/1424/1424 1033/1408/1408 974/1423/1423
f 974/1423/1423 1033/1408/1408 1034/1409/1409
f 974/1423/1423 1034/1409/1409 975/1422/1422
f 975/1422/1422 1034/1409/1409 1008/1421/1421
f 1008/1421/1421 1034/1409/1409 1074/1410/1410
f 1008/1421/1421 1074/1410/1410 1098/1420/1420
f 1098/1420/1420 1074/1410/1410 1118/1411/1411
f 1098/1420/1420 1118/1411/1411 1142/1419/1419
f 1142/1419/1419 1118/1411/1411 1154/1412/1412
f 1142/1419/1419 1154/1412/1412 1182/1418/1418
f 1182/1418/1418 1154/1412/1412 1198/1413/1413
f 1182/1418/1418 1198/1413/1413 1226/1417/1417
f 1226/1417/1417 1198/1413/1413 1230/1414/1414
f 1226/1417/1417 1230/1414/1414 1272/1416/1416
f 1272/1416/1416 1230/1414/1414 1255/1402/1402
f 769/1431/1431 779/1466/1466 787/1430/1430
f 787/1430/1430 779/1466/1466 778/1469/1469
f 787/1430/1430 778/1469/1469 767/1446/1446
f 767/1446/1446 778/1469/1469 752/1494/1494
f 767/1446/1446 752/1494/1494 739/1445/1445
f 739/1445/1445 752/1494/1494 691/1492/1492
f 739/1445/1445 691/1492/1492 640/1444/1444
f 640/1444/1444 691/1492/1492 611/1491/1491
f 640/1444/1444 611/1491/1491 580/1443/1443
f 580/1443/1443 611/1491/1491 555/1489/1489
f 580/1443/1443 555/1489/1489 528/1442/1442
f 528/1442/1442 555/1489/1489 507/1487/1487
f 528/1442/1442 507/1487/1487 464/1441/1441
f 464/1441/1441 507/1487/1487 437/1485/1485
f 464/1441/1441 437/1485/1485 418/1440/1440
f 418/1440/1440 437/1485/1485 405/1483/1483
f 418/1440/1440 405/1483/1483 396/1439/1439
f 396/1439/1439 405/1483/1483 403/1496/1496
f 396/1439/1439 403/1497/1497 398/1438/1438
f 398/1498/1498 403/1462/1462 406/1481/1481
f 398/1499/1499 406/1481/1481 420/1437/1437
f 420/1437/1437 406/1481/1481 438/1479/1479
f 420/1437/1437 438/1479/1479 466/1436/1436
f 466/1436/1436 438/1479/1479 508/1477/1477
f 466/1436/1436 508/1477/1477 530/1435/1435
f 530/1435/1435 508/1477/1477 556/1475/1475
f 530/1435/1435 556/1475/1475 582/1434/1434
f 582/1434/1434 556/1475/1475 612/1474/1474
f 582/1434/1434 612/1474/1474 642/1433/1433
f 642/1433/1433 612/1474/1474 692/1472/1472
f 642/1433/1433 692/1472/1472 741/1432/1432
f 741/1432/1432 692/1472/1472 753/1470/1470
f 741/1432/1432 753/1470/1470 769/1431/1431
f 769/1431/1431 753/1470/1470 779/1466/1466
f 734/1448/1448 756/1468/1468 750/1447/1447
f 750/1447/1447 756/1468/1468 757/1467/1467
f 750/1447/1447 757/1467/1467 735/1461/1461
f 735/1461/1461 757/1467/1467 747/1471/1471
f 735/1461/1461 747/1471/1471 664/1460/1460
f 664/1460/1460 747/1471/1471 676/1473/1473
f 664/1460/1460 676/1473/1473 600/1459/1459
f 600/1459/1459 676/1473/1473 606/1465/1465
f 600/1459/1459 606/1465/1465 564/1458/1458
f 564/1458/1458 606/1465/1465 560/1476/1476
f 564/1458/1458 560/1476/1476 512/1478/1478
f 512/1478/1478 560/1476/1476 556/1475/1475
f 512/1478/1478 556/1475/1475 508/1477/1477
f 756/1468/1468 734/1448/1448 746/1495/1495
f 746/1495/1495 734/1448/1448 663/1449/1449
f 746/1495/1495 663/1449/1449 675/1493/1493
f 675/1493/1493 663/1449/1449 599/1450/1450
f 675/1493/1493 599/1450/1450 605/1464/1464
f 605/1464/1464 599/1450/1450 563/1451/1451
f 605/1464/1464 563/1451/1451 559/1490/1490
f 559/1490/1490 563/1451/1451 511/1488/1488
f 559/1490/1490 511/1488/1488 507/1487/1487
f 507/1487/1487 511/1488/1488 437/1485/1485
f 563/1451/1451 515/1452/1452 511/1488/1488
f 511/1488/1488 515/1452/1452 445/1486/1486
f 511/1488/1488 445/1486/1486 437/1485/1485
f 437/1485/1485 445/1486/1486 405/1483/1483
f 515/1452/1452 459/1453/1453 445/1486/1486
f 445/1486/1486 459/1453/1453 425/1484/1484
f 445/1486/1486 425/1484/1484 405/1483/1483
f 405/1483/1483 425/1484/1484 403/1500/1500
f 459/1453/1453 433/1501/1501 425/1484/1484
f 425/1484/1484 433/1502/1502 411/1463/1463
f 425/1484/1484 411/1463/1463 403/1503/1503
f 403/1462/1462 411/1504/1504 406/1481/1481
f 433/1454/1454 434/1455/1455 411/1505/1505
f 411/1506/1506 434/1455/1455 426/1482/1482
f 411/1507/1507 426/1482/1482 406/1481/1481
f 406/1481/1481 426/1482/1482 438/1479/1479
f 434/1455/1455 460/1456/1456 426/1482/1482
f 426/1482/1482 460/1456/1456 446/1480/1480
f 426/1482/1482 446/1480/1480 438/1479/1479
f 438/1479/1479 446/1480/1480 508/1477/1477
f 460/1456/1456 516/1457/1457 446/1480/1480
f 446/1480/1480 516/1457/1457 512/1478/1478
f 446/1480/1480 512/1478/1478 508/1477/1477
f 516/1457/1457 564/1458/1458 512/1478/1478
f 779/1466/1466 757/1467/1467 778/1469/1469
f 778/1469/1469 757/1467/1467 756/1468/1468
f 778/1469/1469 756/1468/1468 752/1494/1494
f 752/1494/1494 756/1468/1468 746/1495/1495
f 752/1494/1494 746/1495/1495 691/1492/1492
f 691/1492/1492 746/1495/1495 675/1493/1493
f 691/1492/1492 675/1493/1493 611/1491/1491
f 611/1491/1491 675/1493/1493 605/1464/1464
f 611/1491/1491 605/1464/1464 555/1489/1489
f 555/1489/1489 605/1464/1464 559/1490/1490
f 555/1489/1489 559/1490/1490 507/1487/1487
f 757/1467/1467 779/1466/1466 747/1471/1471
f 747/1471/1471 779/1466/1466 753/1470/1470
f 747/1471/1471 753/1470/1470 676/1473/1473
f 676/1473/1473 753/1470/1470 692/1472/1472
f 676/1473/1473 692/1472/1472 606/1465/1465
f 606/1465/1465 692/1472/1472 612/1474/1474
f 606/1465/1465 612/1474/1474 560/1476/1476
f 560/1476/1476 612/1474/1474 556/1475/1475
f 671/1509/1509 734/1535/1535 695/1508/1508
f 695/1508/1508 734/1535/1535 750/1521/1521
f 695/1508/1508 750/1521/1521 735/1522/1522
f 734/1535/1535 671/1509/1509 663/1534/1534
f 663/1534/1534 671/1509/1509 619/1510/1510
f 663/1534/1534 619/1510/1510 599/1533/1533
f 599/1533/1533 619/1510/1510 575/1511/1511
f 599/1533/1533 575/1511/1511 563/1532/1532
f 563/1532/1532 575/1511/1511 535/1512/1512
f 563/1532/1532 535/1512/1512 515/1531/1531
f 515/1531/1531 535/1512/1512 495/1513/1513
f 515/1531/1531 495/1513/1513 459/1530/1530
f 459/1530/1530 495/1513/1513 473/1514/1514
f 459/1530/1530 473/1514/1514 433/1529/1529
f 433/1529/1529 473/1514/1514 474/1515/1515
f 433/1529/1529 474/1515/1515 434/1528/1528
f 434/1528/1528 474/1515/1515 460/1527/1527
f 460/1527/1527 474/1515/1515 496/1516/1516
f 460/1527/1527 496/1516/1516 516/1526/1526
f 516/1526/1526 496/1516/1516 536/1517/1517
f 516/1526/1526 536/1517/1517 564/1525/1525
f 564/1525/1525 536/1517/1517 576/1518/1518
f 564/1525/1525 576/1518/1518 600/1524/1524
f 600/1524/1524 576/1518/1518 620/1519/1519
f 600/1524/1524 620/1519/1519 664/1523/1523
f 664/1523/1523 620/1519/1519 672/1520/1520
f 664/1523/1523 672/1520/1520 735/1522/1522
f 735/1522/1522 672/1520/1520 695/1508/1508
f 492/1537/1537 474/1562/1562 471/1536/1536
f 471/1563/1563 474/1555/1555 473/1556/1556
f 471/1564/1564 473/1556/1556 491/1548/1548
f 491/1548/1548 473/1556/1556 495/1557/1557
f 491/1548/1548 495/1557/1557 523/1547/1547
f 523/1547/1547 495/1557/1557 535/1558/1558
f 523/1547/1547 535/1558/1558 567/1546/1546
f 567/1546/1546 535/1558/1558 575/1559/1559
f 567/1546/1546 575/1559/1559 595/1545/1545
f 595/1545/1545 575/1559/1559 619/1560/1560
f 595/1545/1545 619/1560/1560 635/1544/1544
f 635/1544/1544 619/1560/1560 671/1561/1561
f 635/1544/1544 671/1561/1561 687/1543/1543
f 687/1543/1543 671/1561/1561 695/1549/1549
f 687/1543/1543 695/1549/1549 688/1542/1542
f 688/1542/1542 695/1549/1549 672/1550/1550
f 688/1542/1542 672/1550/1550 636/1541/1541
f 636/1541/1541 672/1550/1550 620/1551/1551
f 636/1541/1541 620/1551/1551 596/1540/1540
f 596/1540/1540 620/1551/1551 576/1552/1552
f 596/1540/1540 576/1552/1552 568/1539/1539
f 568/1539/1539 576/1552/1552 536/1553/1553
f 568/1539/1539 536/1553/1553 524/1538/1538
f 524/1538/1538 536/1553/1553 496/1554/1554
f 524/1538/1538 496/1554/1554 492/1537/1537
f 492/1537/1537 496/1554/1554 474/1565/1565
f 1046/1567/1567 1034/1592/1592 1031/1566/1566
f 1031/1593/1593 1034/1585/1585 1033/1586/1586
f 1031/1594/1594 1033/1586/1586 1045/1578/1578
f 1045/1578/1578 1033/1586/1586 1073/1587/1587
f 1045/1578/1578 1073/1587/1587 1101/1577/1577
f 1101/1577/1577 1073/1587/1587 1117/1588/1588
f 1101/1577/1577 1117/1588/1588 1145/1576/1576
f 1145/1576/1576 1117/1588/1588 1153/1589/1589
f 1145/1576/1576 1153/1589/1589 1177/1575/1575
f 1177/1575/1575 1153/1589/1589 1197/1590/1590
f 1177/1575/1575 1197/1590/1590 1213/1574/1574
f 1213/1574/1574 1197/1590/1590 1229/1591/1591
f 1213/1574/1574 1229/1591/1591 1247/1573/1573
f 1247/1573/1573 1229/1591/1591 1255/1579/1579
f 1247/1573/1573 1255/1579/1579 1248/1572/1572
f 1248/1572/1572 1255/1579/1579 1230/1580/1580
f 1248/1572/1572 1230/1580/1580 1214/1571/1571
f 1214/1571/1571 1230/1580/1580 1198/1581/1581
f 1214/1571/1571 1198/1581/1581 1178/1570/1570
f 1178/1570/1570 1198/1581/1581 1154/1582/1582
f 1178/1570/1570 1154/1582/1582 1146/1569/1569
f 1146/1569/1569 1154/1582/1582 1118/1583/1583
f 1146/1569/1569 1118/1583/1583 1102/1568/1568
f 1102/1568/1568 1118/1583/1583 1074/1584/1584
f 1102/1568/1568 1074/1584/1584 1046/1567/1567
f 1046/1567/1567 1074/1584/1584 1034/1595/1595
f 1048/1597/1597 1036/1622/1622 1032/1596/1596
f 1032/1623/1623 1036/1615/1615 1035/1616/1616
f 1032/1624/1624 1035/1616/1616 1047/1608/1608
f 1047/1608/1608 1035/1616/1616 1075/1617/1617
f 1047/1608/1608 1075/1617/1617 1103/1607/1607
f 1103/1607/1607 1075/1617/1617 1119/1618/1618
f 1103/1607/1607 1119/1618/1618 1147/1606/1606
f 1147/1606/1606 1119/1618/1618 1155/1619/1619
f 1147/1606/1606 1155/1619/1619 1179/1605/1605
f 1179/1605/1605 1155/1619/1619 1199/1620/1620
f 1179/1605/1605 1199/1620/1620 1215/1604/1604
f 1215/1604/1604 1199/1620/1620 1231/1621/1621
f 1215/1604/1604 1231/1621/1621 1249/1603/1603
f 1249/1603/1603 1231/1621/1621 1256/1609/1609
f 1249/1603/1603 1256/1609/1609 1250/1602/1602
f 1250/1602/1602 1256/1609/1609 1232/1610/1610
f 1250/1602/1602 1232/1610/1610 1216/1601/1601
f 1216/1601/1601 1232/1610/1610 1200/1611/1611
f 1216/1601/1601 1200/1611/1611 1180/1600/1600
f 1180/1600/1600 1200/1611/1611 1156/1612/1612
f 1180/1600/1600 1156/1612/1612 1148/1599/1599
f 1148/1599/1599 1156/1612/1612 1120/1613/1613
f 1148/1599/1599 1120/1613/1613 1104/1598/1598
f 1104/1598/1598 1120/1613/1613 1076/1614/1614
f 1104/1598/1598 1076/1614/1614 1048/1597/1597
f 1048/1597/1597 1076/1614/1614 1036/1625/1625
f 494/1627/1627 476/1652/1652 472/1626/1626
f 472/1653/1653 476/1645/1645 475/1646/1646
f 472/1654/1654 475/1646/1646 493/1638/1638
f 493/1638/1638 475/1646/1646 497/1647/1647
f 493/1638/1638 497/1647/1647 525/1637/1637
f 525/1637/1637 497/1647/1647 537/1648/1648
f 525/1637/1637 537/1648/1648 569/1636/1636
f 569/1636/1636 537/1648/1648 577/1649/1649
f 569/1636/1636 577/1649/1649 597/1635/1635
f 597/1635/1635 577/1649/1649 621/1650/1650
f 597/1635/1635 621/1650/1650 637/1634/1634
f 637/1634/1634 621/1650/1650 673/1651/1651
f 637/1634/1634 673/1651/1651 689/1633/1633
f 689/1633/1633 673/1651/1651 696/1639/1639
f 689/1633/1633 696/1639/1639 690/1632/1632
f 690/1632/1632 696/1639/1639 674/1640/1640
f 690/1632/1632 674/1640/1640 638/1631/1631
f 638/1631/1631 674/1640/1640 622/1641/1641
f 638/1631/1631 622/1641/1641 598/1630/1630
f 598/1630/1630 622/1641/1641 578/1642/1642
f 598/1630/1630 578/1642/1642 570/1629/1629
f 570/1629/1629 578/1642/1642 538/1643/1643
f 570/1629/1629 538/1643/1643 526/1628/1628
f 526/1628/1628 538/1643/1643 498/1644/1644
f 526/1628/1628 498/1644/1644 494/1627/1627
f 494/1627/1627 498/1644/1644 476/1655/1655
f 15/1663/1663 16/1656/1656 31/1662/1662
f 31/1662/1662 16/1656/1656 32/1657/1657
f 31/1662/1662 32/1657/1657 47/1661/1661
f 47/1661/1661 32/1657/1657 48/1658/1658
f 47/1661/1661 48/1658/1658 63/1660/1660
f 63/1660/1660 48/1658/1658 64/1659/1659
f 64/1665/1665 140/1666/1666 63/1664/1664
f 63/1664/1664 140/1666/1666 139/1667/1667
f 95/1675/1675 96/1668/1668 87/1674/1674
f 87/1674/1674 96/1668/1668 88/1669/1669
f 87/1674/1674 88/1669/1669 79/1673/1673
f 79/1673/1673 88/1669/1669 80/1670/1670
f 79/1673/1673 80/1670/1670 71/1672/1672
f 71/1672/1672 80/1670/1670 72/1671/1671
f 72/1677/1677 62/1678/1678 71/1676/1676
f 71/1676/1676 62/1678/1678 61/1679/1679
f 11/1687/1687 12/1680/1680 27/1686/1686
f 27/1686/1686 12/1680/1680 28/1681/1681
f 27/1686/1686 28/1681/1681 43/1685/1685
f 43/1685/1685 28/1681/1681 44/1682/1682
f 43/1685/1685 44/1682/1682 59/1684/1684
f 59/1684/1684 44/1682/1682 60/1683/1683
f 60/1689/1689 70/1690/1690 59/1688/1688
f 59/1688/1688 70/1690/1690 69/1691/1691
f 69/1699/1699 70/1692/1692 77/1698/1698
f 77/1698/1698 70/1692/1692 78/1693/1693
f 77/1698/1698 78/1693/1693 85/1697/1697
f 85/1697/1697 78/1693/1693 86/1694/1694
f 85/1697/1697 86/1694/1694 93/1696/1696
f 93/1696/1696 86/1694/1694 94/1695/1695
f 96/1700/1700 95/1701/1701 128/1721/1721
f 128/1721/1721 95/1701/1701 127/1702/1702
f 128/1721/1721 127/1702/1702 156/1720/1720
f 156/1720/1720 127/1702/1702 155/1703/1703
f 156/1720/1720 155/1703/1703 198/1719/1719
f 198/1719/1719 155/1703/1703 197/1704/1704
f 198/1719/1719 197/1704/1704 222/1718/1718
f 222/1718/1718 197/1704/1704 221/1705/1705
f 222/1718/1718 221/1705/1705 226/1717/1717
f 226/1717/1717 221/1705/1705 225/1706/1706
f 226/1717/1717 225/1706/1706 220/1716/1716
f 220/1716/1716 225/1706/1706 219/1707/1707
f 220/1716/1716 219/1707/1707 196/1715/1715
f 196/1715/1715 219/1707/1707 195/1708/1708
f 196/1715/1715 195/1708/1708 154/1714/1714
f 154/1714/1714 195/1708/1708 153/1709/1709
f 154/1714/1714 153/1709/1709 126/1713/1713
f 126/1713/1713 153/1709/1709 125/1710/1710
f 126/1713/1713 125/1710/1710 94/1712/1712
f 94/1712/1712 125/1710/1710 93/1711/1711
f 65/1729/1729 66/1722/1722 73/1728/1728
f 73/1728/1728 66/1722/1722 74/1723/1723
f 73/1728/1728 74/1723/1723 81/1727/1727
f 81/1727/1727 74/1723/1723 82/1724/1724
f 81/1727/1727 82/1724/1724 89/1726/1726
f 89/1726/1726 82/1724/1724 90/1725/1725
f 89/1730/1730 90/1731/1731 121/1751/1751
f 121/1751/1751 90/1731/1731 122/1732/1732
f 121/1751/1751 122/1732/1732 149/1750/1750
f 149/1750/1750 122/1732/1732 150/1733/1733
f 149/1750/1750 150/1733/1733 191/1749/1749
f 191/1749/1749 150/1733/1733 192/1734/1734
f 191/1749/1749 192/1734/1734 215/1748/1748
f 215/1748/1748 192/1734/1734 216/1735/1735
f 215/1748/1748 216/1735/1735 223/1747/1747
f 223/1747/1747 216/1735/1735 224/1736/1736
f 223/1747/1747 224/1736/1736 217/1746/1746
f 217/1746/1746 224/1736/1736 218/1737/1737
f 217/1746/1746 218/1737/1737 193/1745/1745
f 193/1745/1745 218/1737/1737 194/1738/1738
f 193/1745/1745 194/1738/1738 151/1744/1744
f 151/1744/1744 194/1738/1738 152/1739/1739
f 151/1744/1744 152/1739/1739 123/1743/1743
f 123/1743/1743 152/1739/1739 124/1740/1740
f 123/1743/1743 124/1740/1740 91/1742/1742
f 91/1742/1742 124/1740/1740 92/1741/1741
f 53/1759/1759 54/1752/1752 37/1758/1758
f 37/1758/1758 54/1752/1752 38/1753/1753
f 37/1758/1758 38/1753/1753 21/1757/1757
f 21/1757/1757 38/1753/1753 22/1754/1754
f 21/1757/1757 22/1754/1754 5/1756/1756
f 5/1756/1756 22/1754/1754 6/1755/1755
f 6/1761/1761 8/1762/1762 5/1760/1760
f 5/1760/1760 8/1762/1762 7/1763/1763
f 7/1771/1771 8/1764/1764 23/1770/1770
f 23/1770/1770 8/1764/1764 24/1765/1765
f 23/1770/1770 24/1765/1765 39/1769/1769
f 39/1769/1769 24/1765/1765 40/1766/1766
f 39/1769/1769 40/1766/1766 55/1768/1768
f 55/1768/1768 40/1766/1766 56/1767/1767
f 56/1773/1773 134/1774/1774 55/1772/1772
f 55/1772/1772 134/1774/1774 133/1775/1775
f 3/1783/1783 4/1776/1776 19/1782/1782
f 19/1782/1782 4/1776/1776 20/1777/1777
f 19/1782/1782 20/1777/1777 35/1781/1781
f 35/1781/1781 20/1777/1777 36/1778/1778
f 35/1781/1781 36/1778/1778 51/1780/1780
f 51/1780/1780 36/1778/1778 52/1779/1779
f 65/1785/1785 51/1786/1786 66/1784/1784
f 66/1784/1784 51/1786/1786 52/1787/1787
f 91/1795/1795 92/1788/1788 83/1794/1794
f 83/1794/1794 92/1788/1788 84/1789/1789
f 83/1794/1794 84/1789/1789 75/1793/1793
f 75/1793/1793 84/1789/1789 76/1790/1790
f 75/1793/1793 76/1790/1790 67/1792/1792
f 67/1792/1792 76/1790/1790 68/1791/1791
f 53/1797/1797 67/1798/1798 54/1796/1796
f 54/1796/1796 67/1798/1798 68/1799/1799
f 49/1807/1807 50/1800/1800 33/1806/1806
f 33/1806/1806 50/1800/1800 34/1801/1801
f 33/1806/1806 34/1801/1801 17/1805/1805
f 17/1805/1805 34/1801/1801 18/1802/1802
f 17/1805/1805 18/1802/1802 1/1804/1804
f 1/1804/1804 18/1802/1802 2/1803/1803
f 3/1809/1809 1/1810/1810 4/1808/1808
f 4/1808/1808 1/1810/1810 2/1811/1811
f 61/1819/1819 62/1812/1812 45/1818/1818
f 45/1818/1818 62/1812/1812 46/1813/1813
f 45/1818/1818 46/1813/1813 29/1817/1817
f 29/1817/1817 46/1813/1813 30/1814/1814
f 29/1817/1817 30/1814/1814 13/1816/1816
f 13/1816/1816 30/1814/1814 14/1815/1815
f 15/1821/1821 13/1822/1822 16/1820/1820
f 16/1820/1820 13/1822/1822 14/1823/1823
f 57/1831/1831 58/1824/1824 41/1830/1830
f 41/1830/1830 58/1824/1824 42/1825/1825
f 41/1830/1830 42/1825/1825 25/1829/1829
f 25/1829/1829 42/1825/1825 26/1826/1826
f 25/1829/1829 26/1826/1826 9/1828/1828
f 9/1828/1828 26/1826/1826 10/1827/1827
f 11/1833/1833 9/1834/1834 12/1832/1832
f 12/1832/1832 9/1834/1834 10/1835/1835
f 1653/1843/1843 1654/1836/1836 1645/1842/1842
f 1645/1842/1842 1654/1836/1836 1646/1837/1837
f 1645/1842/1842 1646/1837/1837 1637/1841/1841
f 1637/1841/1841 1646/1837/1837 1638/1838/1838
f 1637/1841/1841 1638/1838/1838 1629/1840/1840
f 1629/1840/1840 1638/1838/1838 1630/1839/1839
f 1629/1844/1844 1630/1845/1845 1595/1865/1865
f 1595/1865/1865 1630/1845/1845 1596/1846/1846
f 1595/1865/1865 1596/1846/1846 1567/1864/1864
f 1567/1864/1864 1596/1846/1846 1568/1847/1847
f 1567/1864/1864 1568/1847/1847 1525/1863/1863
f 1525/1863/1863 1568/1847/1847 1526/1848/1848
f 1525/1863/1863 1526/1848/1848 1505/1862/1862
f 1505/1862/1862 1526/1848/1848 1506/1849/1849
f 1505/1862/1862 1506/1849/1849 1493/1861/1861
f 1493/1861/1861 1506/1849/1849 1494/1850/1850
f 1493/1861/1861 1494/1850/1850 1503/1860/1860
f 1503/1860/1860 1494/1850/1850 1504/1851/1851
f 1503/1860/1860 1504/1851/1851 1523/1859/1859
f 1523/1859/1859 1504/1851/1851 1524/1852/1852
f 1523/1859/1859 1524/1852/1852 1565/1858/1858
f 1565/1858/1858 1524/1852/1852 1566/1853/1853
f 1565/1858/1858 1566/1853/1853 1593/1857/1857
f 1593/1857/1857 1566/1853/1853 1594/1854/1854
f 1593/1857/1857 1594/1854/1854 1627/1856/1856
f 1627/1856/1856 1594/1854/1854 1628/1855/1855
f 1627/1873/1873 1628/1866/1866 1635/1872/1872
f 1635/1872/1872 1628/1866/1866 1636/1867/1867
f 1635/1872/1872 1636/1867/1867 1643/1871/1871
f 1643/1871/1871 1636/1867/1867 1644/1868/1868
f 1643/1871/1871 1644/1868/1868 1651/1870/1870
f 1651/1870/1870 1644/1868/1868 1652/1869/1869
f 1652/1875/1875 1666/1876/1876 1651/1874/1874
f 1651/1874/1874 1666/1876/1876 1665/1877/1877
f 1623/1885/1885 1624/1878/1878 1631/1884/1884
f 1631/1884/1884 1624/1878/1878 1632/1879/1879
f 1631/1884/1884 1632/1879/1879 1639/1883/1883
f 1639/1883/1883 1632/1879/1879 1640/1880/1880
f 1639/1883/1883 1640/1880/1880 1647/1882/1882
f 1647/1882/1882 1640/1880/1880 1648/1881/1881
f 1648/1887/1887 1658/1888/1888 1647/1886/1886
f 1647/1886/1886 1658/1888/1888 1657/1889/1889
f 1703/1897/1897 1704/1890/1890 1687/1896/1896
f 1687/1896/1896 1704/1890/1890 1688/1891/1891
f 1687/1896/1896 1688/1891/1891 1671/1895/1895
f 1671/1895/1895 1688/1891/1891 1672/1892/1892
f 1671/1895/1895 1672/1892/1892 1655/1894/1894
f 1655/1894/1894 1672/1892/1892 1656/1893/1893
f 1703/1899/1899 1705/1900/1900 1704/1898/1898
f 1704/1898/1898 1705/1900/1900 1706/1901/1901
f 1657/1909/1909 1658/1902/1902 1673/1908/1908
f 1673/1908/1908 1658/1902/1902 1674/1903/1903
f 1673/1908/1908 1674/1903/1903 1689/1907/1907
f 1689/1907/1907 1674/1903/1903 1690/1904/1904
f 1689/1907/1907 1690/1904/1904 1705/1906/1906
f 1705/1906/1906 1690/1904/1904 1706/1905/1905
f 1649/1917/1917 1650/1910/1910 1641/1916/1916
f 1641/1916/1916 1650/1910/1910 1642/1911/1911
f 1641/1916/1916 1642/1911/1911 1633/1915/1915
f 1633/1915/1915 1642/1911/1911 1634/1912/1912
f 1633/1915/1915 1634/1912/1912 1625/1914/1914
f 1625/1914/1914 1634/1912/1912 1626/1913/1913
f 1624/1918/1918 1623/1919/1919 1590/1939/1939
f 1590/1939/1939 1623/1919/1919 1589/1920/1920
f 1590/1939/1939 1589/1920/1920 1562/1938/1938
f 1562/1938/1938 1589/1920/1920 1561/1921/1921
f 1562/1938/1938 1561/1921/1921 1520/1937/1937
f 1520/1937/1937 1561/1921/1921 1519/1922/1922
f 1520/1937/1937 1519/1922/1922 1500/1936/1936
f 1500/1936/1936 1519/1922/1922 1499/1923/1923
f 1500/1936/1936 1499/1923/1923 1492/1935/1935
f 1492/1935/1935 1499/1923/1923 1491/1924/1924
f 1492/1935/1935 1491/1924/1924 1502/1934/1934
f 1502/1934/1934 1491/1924/1924 1501/1925/1925
f 1502/1934/1934 1501/1925/1925 1522/1933/1933
f 1522/1933/1933 1501/1925/1925 1521/1926/1926
f 1522/1933/1933 1521/1926/1926 1564/1932/1932
f 1564/1932/1932 1521/1926/1926 1563/1927/1927
f 1564/1932/1932 1563/1927/1927 1592/1931/1931
f 1592/1931/1931 1563/1927/1927 1591/1928/1928
f 1592/1931/1931 1591/1928/1928 1626/1930/1930
f 1626/1930/1930 1591/1928/1928 1625/1929/1929
f 1707/1947/1947 1708/1940/1940 1691/1946/1946
f 1691/1946/1946 1708/1940/1940 1692/1941/1941
f 1691/1946/1946 1692/1941/1941 1675/1945/1945
f 1675/1945/1945 1692/1941/1941 1676/1942/1942
f 1675/1945/1945 1676/1942/1942 1659/1944/1944
f 1659/1944/1944 1676/1942/1942 1660/1943/1943
f 1707/1949/1949 1709/1950/1950 1708/1948/1948
f 1708/1948/1948 1709/1950/1950 1710/1951/1951
f 1661/1959/1959 1662/1952/1952 1677/1958/1958
f 1677/1958/1958 1662/1952/1952 1678/1953/1953
f 1677/1958/1958 1678/1953/1953 1693/1957/1957
f 1693/1957/1957 1678/1953/1953 1694/1954/1954
f 1693/1957/1957 1694/1954/1954 1709/1956/1956
f 1709/1956/1956 1694/1954/1954 1710/1955/1955
f 1669/1967/1967 1670/1960/1960 1685/1966/1966
f 1685/1966/1966 1670/1960/1960 1686/1961/1961
f 1685/1966/1966 1686/1961/1961 1701/1965/1965
f 1701/1965/1965 1686/1961/1961 1702/1962/1962
f 1701/1965/1965 1702/1962/1962 1717/1964/1964
f 1717/1964/1964 1702/1962/1962 1718/1963/1963
f 1718/1969/1969 1716/1970/1970 1717/1968/1968
f 1717/1968/1968 1716/1970/1970 1715/1971/1971
f 1715/1979/1979 1716/1972/1972 1699/1978/1978
f 1699/1978/1978 1716/1972/1972 1700/1973/1973
f 1699/1978/1978 1700/1973/1973 1683/1977/1977
f 1683/1977/1977 1700/1973/1973 1684/1974/1974
f 1683/1977/1977 1684/1974/1974 1667/1976/1976
f 1667/1976/1976 1684/1974/1974 1668/1975/1975
f 1653/1981/1981 1667/1982/1982 1654/1980/1980
f 1654/1980/1980 1667/1982/1982 1668/1983/1983
f 1665/1991/1991 1666/1984/1984 1681/1990/1990
f 1681/1990/1990 1666/1984/1984 1682/1985/1985
f 1681/1990/1990 1682/1985/1985 1697/1989/1989
f 1697/1989/1989 1682/1985/1985 1698/1986/1986
f 1697/1989/1989 1698/1986/1986 1713/1988/1988
f 1713/1988/1988 1698/1986/1986 1714/1987/1987
f 1714/1993/1993 1712/1994/1994 1713/1992/1992
f 1713/1992/1992 1712/1994/1994 1711/1995/1995
f 1711/2003/2003 1712/1996/1996 1695/2002/2002
f 1695/2002/2002 1712/1996/1996 1696/1997/1997
f 1695/2002/2002 1696/1997/1997 1679/2001/2001
f 1679/2001/2001 1696/1997/1997 1680/1998/1998
f 1679/2001/2001 1680/1998/1998 1663/2000/2000
f 1663/2000/2000 1680/1998/1998 1664/1999/1999
f 706/2014/2014 705/2004/2004 651/2013/2013
f 651/2013/2013 705/2004/2004 652/2005/2005
f 651/2013/2013 652/2005/2005 631/2012/2012
f 631/2012/2012 652/2005/2005 632/2006/2006
f 631/2012/2012 632/2006/2006 655/2011/2011
f 655/2011/2011 632/2006/2006 657/2007/2007
f 655/2011/2011 657/2007/2007 709/2010/2010
f 709/2010/2010 657/2007/2007 712/2008/2008
f 709/2010/2010 712/2008/2008 713/2009/2009
f 712/2016/2016 730/2017/2017 713/2015/2015
f 713/2015/2015 730/2017/2017 731/2018/2018
f 1061/2020/2020 1005/2028/2028 1000/2019/2019
f 1000/2019/2019 1005/2028/2028 1004/2029/2029
f 1000/2019/2019 1004/2029/2029 1004/2030/2030
f 1005/2028/2028 1061/2020/2020 1063/2027/2027
f 1063/2027/2027 1061/2020/2020 1082/2021/2021
f 1063/2027/2027 1082/2021/2021 1081/2026/2026
f 1081/2026/2026 1082/2021/2021 1066/2022/2022
f 1081/2026/2026 1066/2022/2022 1065/2025/2025
f 1065/2025/2025 1066/2022/2022 1019/2023/2023
f 1065/2025/2025 1019/2023/2023 1020/2024/2024
f 1004/2030/2030 1001/2031/2031 1000/2019/2019
f 1019/2033/2033 920/2034/2034 1020/2032/2032
f 1020/2032/2032 920/2034/2034 921/2035/2035
f 1390/2045/2045 1389/2036/2036 1414/2044/2044
f 1414/2044/2044 1389/2036/2036 1413/2037/2037
f 1414/2044/2044 1413/2037/2037 1436/2043/2043
f 1436/2043/2043 1413/2037/2037 1435/2038/2038
f 1436/2043/2043 1435/2038/2038 1456/2042/2042
f 1456/2042/2042 1435/2038/2038 1455/2039/2039
f 1456/2042/2042 1455/2039/2039 1468/2041/2041
f 1468/2041/2041 1455/2039/2039 1467/2040/2040
f 1390/2047/2047 1334/2048/2048 1389/2046/2046
f 1389/2046/2046 1334/2048/2048 1333/2049/2049
f 1422/2050/2050 1411/2051/2051 1421/2063/2063
f 1421/2063/2063 1411/2051/2051 1401/2062/2062
f 1401/2062/2062 1411/2051/2051 1395/2052/2052
f 1401/2062/2062 1395/2052/2052 1379/2061/2061
f 1379/2061/2061 1395/2052/2052 1377/2053/2053
f 1379/2061/2061 1377/2053/2053 1367/2054/2054
f 1379/2061/2061 1367/2054/2054 1365/2060/2060
f 1365/2060/2060 1367/2054/2054 1361/2055/2055
f 1365/2060/2060 1361/2055/2055 1349/2059/2059
f 1349/2059/2059 1361/2055/2055 1347/2056/2056
f 1349/2059/2059 1347/2056/2056 1357/2058/2058
f 1357/2058/2058 1347/2056/2056 1358/2057/2057
f 1421/2065/2065 1479/2066/2066 1422/2064/2064
f 1422/2064/2064 1479/2066/2066 1480/2067/2067
f 1418/2077/2077 1417/2068/2068 1398/2076/2076
f 1398/2076/2076 1417/2068/2068 1397/2069/2069
f 1398/2076/2076 1397/2069/2069 1374/2075/2075
f 1374/2075/2075 1397/2069/2069 1373/2070/2070
f 1374/2075/2075 1373/2070/2070 1352/2074/2074
f 1352/2074/2074 1373/2070/2070 1351/2071/2071
f 1352/2074/2074 1351/2071/2071 1344/2073/2073
f 1344/2073/2073 1351/2071/2071 1343/2072/2072
f 1343/2079/2079 1345/2080/2080 1344/2078/2078
f 1344/2078/2078 1345/2080/2080 1346/2081/2081
f 300/2091/2091 299/2082/2082 320/2090/2090
f 320/2090/2090 299/2082/2082 319/2083/2083
f 320/2090/2090 319/2083/2083 346/2089/2089
f 346/2089/2089 319/2083/2083 345/2084/2084
f 346/2089/2089 345/2084/2084 366/2088/2088
f 366/2088/2088 345/2084/2084 365/2085/2085
f 366/2088/2088 365/2085/2085 378/2087/2087
f 378/2087/2087 365/2085/2085 377/2086/2086
f 377/2093/2093 375/2094/2094 378/2092/2092
f 378/2092/2092 375/2094/2094 376/2095/2095
f 296/2096/2096 310/2097/2097 295/2109/2109
f 295/2109/2109 310/2097/2097 316/2108/2108
f 316/2108/2108 310/2097/2097 322/2098/2098
f 316/2108/2108 322/2098/2098 340/2107/2107
f 340/2107/2107 322/2098/2098 342/2099/2099
f 340/2107/2107 342/2099/2099 352/2100/2100
f 340/2107/2107 352/2100/2100 354/2106/2106
f 354/2106/2106 352/2100/2100 358/2101/2101
f 354/2106/2106 358/2101/2101 368/2105/2105
f 368/2105/2105 358/2101/2101 370/2102/2102
f 368/2105/2105 370/2102/2102 361/2104/2104
f 361/2104/2104 370/2102/2102 362/2103/2103
f 295/2111/2111 237/2112/2112 296/2110/2110
f 296/2110/2110 237/2112/2112 238/2113/2113
f 332/2123/2123 331/2114/2114 308/2122/2122
f 308/2122/2122 331/2114/2114 307/2115/2115
f 308/2122/2122 307/2115/2115 286/2121/2121
f 286/2121/2121 307/2115/2115 285/2116/2116
f 286/2121/2121 285/2116/2116 262/2120/2120
f 262/2120/2120 285/2116/2116 261/2117/2117
f 262/2120/2120 261/2117/2117 250/2119/2119
f 250/2119/2119 261/2117/2117 249/2118/2118
f 332/2125/2125 388/2126/2126 331/2124/2124
f 331/2124/2124 388/2126/2126 387/2127/2127
f 658/2129/2129 710/2137/2137 714/2128/2128
f 714/2128/2128 710/2137/2137 711/2138/2138
f 714/2128/2128 711/2138/2138 711/2139/2139
f 710/2137/2137 658/2129/2129 656/2136/2136
f 656/2136/2136 658/2129/2129 633/2130/2130
f 656/2136/2136 633/2130/2130 634/2135/2135
f 634/2135/2135 633/2130/2130 653/2131/2131
f 634/2135/2135 653/2131/2131 654/2134/2134
f 654/2134/2134 653/2131/2131 707/2132/2132
f 654/2134/2134 707/2132/2132 708/2133/2133
f 711/2139/2139 715/2140/2140 714/2128/2128
f 707/2142/2142 800/2143/2143 708/2141/2141
f 708/2141/2141 800/2143/2143 801/2144/2144
f 329/2154/2154 330/2145/2145 305/2153/2153
f 305/2153/2153 330/2145/2145 306/2146/2146
f 305/2153/2153 306/2146/2146 283/2152/2152
f 283/2152/2152 306/2146/2146 284/2147/2147
f 283/2152/2152 284/2147/2147 259/2151/2151
f 259/2151/2151 284/2147/2147 260/2148/2148
f 259/2151/2151 260/2148/2148 247/2150/2150
f 247/2150/2150 260/2148/2148 248/2149/2149
f 329/2156/2156 385/2157/2157 330/2155/2155
f 330/2155/2155 385/2157/2157 386/2158/2158
f 376/2168/2168 375/2159/2159 364/2167/2167
f 364/2167/2167 375/2159/2159 363/2160/2160
f 364/2167/2167 363/2160/2160 344/2166/2166
f 344/2166/2166 363/2160/2160 343/2161/2161
f 344/2166/2166 343/2161/2161 318/2165/2165
f 318/2165/2165 343/2161/2161 317/2162/2162
f 318/2165/2165 317/2162/2162 298/2164/2164
f 298/2164/2164 317/2162/2162 297/2163/2163
f 297/2170/2170 233/2171/2171 298/2169/2169
f 298/2169/2169 233/2171/2171 234/2172/2172
f 294/2186/2186 293/2173/2173 309/2185/2185
f 309/2185/2185 293/2173/2173 315/2174/2174
f 309/2185/2185 315/2174/2174 321/2184/2184
f 321/2184/2184 315/2174/2174 339/2175/2175
f 321/2184/2184 339/2175/2175 341/2183/2183
f 341/2183/2183 339/2175/2175 351/2182/2182
f 351/2182/2182 339/2175/2175 353/2176/2176
f 351/2182/2182 353/2176/2176 357/2181/2181
f 357/2181/2181 353/2176/2176 367/2177/2177
f 357/2181/2181 367/2177/2177 369/2180/2180
f 369/2180/2180 367/2177/2177 359/2178/2178
f 369/2180/2180 359/2178/2178 360/2179/2179
f 294/2188/2188 232/2189/2189 293/2187/2187
f 293/2187/2187 232/2189/2189 231/2190/2190
f 1022/2201/2201 1021/2191/2191 1068/2200/2200
f 1068/2200/2200 1021/2191/2191 1067/2192/2192
f 1068/2200/2200 1067/2192/2192 1084/2199/2199
f 1084/2199/2199 1067/2192/2192 1083/2193/2193
f 1084/2199/2199 1083/2193/2193 1064/2198/2198
f 1064/2198/2198 1083/2193/2193 1062/2194/2194
f 1064/2198/2198 1062/2194/2194 1006/2197/2197
f 1006/2197/2197 1062/2194/2194 1002/2195/2195
f 1006/2197/2197 1002/2195/2195 1003/2196/2196
f 1002/2203/2203 984/2204/2204 1003/2202/2202
f 1003/2202/2202 984/2204/2204 985/2205/2205
f 1391/2215/2215 1392/2206/2206 1415/2214/2214
f 1415/2214/2214 1392/2206/2206 1416/2207/2207
f 1415/2214/2214 1416/2207/2207 1437/2213/2213
f 1437/2213/2213 1416/2207/2207 1438/2208/2208
f 1437/2213/2213 1438/2208/2208 1457/2212/2212
f 1457/2212/2212 1438/2208/2208 1458/2209/2209
f 1457/2212/2212 1458/2209/2209 1469/2211/2211
f 1469/2211/2211 1458/2209/2209 1470/2210/2210
f 1391/2217/2217 1335/2218/2218 1392/2216/2216
f 1392/2216/2216 1335/2218/2218 1336/2219/2219
f 1424/2233/2233 1423/2220/2220 1412/2232/2232
f 1412/2232/2232 1423/2220/2220 1402/2221/2221
f 1412/2232/2232 1402/2221/2221 1396/2231/2231
f 1396/2231/2231 1402/2221/2221 1380/2222/2222
f 1396/2231/2231 1380/2222/2222 1378/2230/2230
f 1378/2230/2230 1380/2222/2222 1368/2229/2229
f 1368/2229/2229 1380/2222/2222 1366/2223/2223
f 1368/2229/2229 1366/2223/2223 1362/2228/2228
f 1362/2228/2228 1366/2223/2223 1350/2224/2224
f 1362/2228/2228 1350/2224/2224 1348/2227/2227
f 1348/2227/2227 1350/2224/2224 1359/2225/2225
f 1348/2227/2227 1359/2225/2225 1360/2226/2226
f 1424/2235/2235 1486/2236/2236 1423/2234/2234
f 1423/2234/2234 1486/2236/2236 1485/2237/2237
f 1346/2247/2247 1345/2238/2238 1354/2246/2246
f 1354/2246/2246 1345/2238/2238 1353/2239/2239
f 1354/2246/2246 1353/2239/2239 1376/2245/2245
f 1376/2245/2245 1353/2239/2239 1375/2240/2240
f 1376/2245/2245 1375/2240/2240 1400/2244/2244
f 1400/2244/2244 1375/2240/2240 1399/2241/2241
f 1400/2244/2244 1399/2241/2241 1420/2243/2243
f 1420/2243/2243 1399/2241/2241 1419/2242/2242
f 1419/2249/2249 1483/2250/2250 1420/2248/2248
f 1420/2248/2248 1483/2250/2250 1484/2251/2251
f 1607/2268/2268 1610/2252/2252 1560/2269/2269
f 1560/2269/2269 1610/2252/2252 1608/2253/2253
f 1560/2269/2269 1608/2253/2253 1554/2281/2281
f 1554/2281/2281 1608/2253/2253 1580/2254/2254
f 1554/2281/2281 1580/2254/2254 1518/2280/2280
f 1518/2280/2280 1580/2254/2254 1546/2255/2255
f 1518/2280/2280 1546/2255/2255 1490/2279/2279
f 1490/2279/2279 1546/2255/2255 1498/2256/2256
f 1490/2279/2279 1498/2256/2256 1462/2257/2257
f 1490/2279/2279 1462/2257/2257 1466/2278/2278
f 1466/2278/2278 1462/2257/2257 1428/2258/2258
f 1466/2278/2278 1428/2258/2258 1446/2277/2277
f 1446/2277/2277 1428/2258/2258 1406/2259/2259
f 1446/2277/2277 1406/2259/2259 1434/2276/2276
f 1434/2276/2276 1406/2259/2259 1388/2260/2260
f 1434/2276/2276 1388/2260/2260 1387/2282/2282
f 1434/2276/2276 1387/2283/2283 1433/2275/2275
f 1433/2284/2284 1387/2261/2261 1405/2262/2262
f 1433/2285/2285 1405/2262/2262 1445/2274/2274
f 1445/2274/2274 1405/2262/2262 1427/2263/2263
f 1445/2274/2274 1427/2263/2263 1465/2273/2273
f 1465/2273/2273 1427/2263/2263 1461/2264/2264
f 1465/2273/2273 1461/2264/2264 1489/2272/2272
f 1489/2272/2272 1461/2264/2264 1497/2265/2265
f 1489/2272/2272 1497/2265/2265 1545/2266/2266
f 1489/2272/2272 1545/2266/2266 1517/2271/2271
f 1517/2271/2271 1545/2266/2266 1579/2267/2267
f 1517/2271/2271 1579/2267/2267 1553/2270/2270
f 1553/2270/2270 1579/2267/2267 1607/2268/2268
f 1553/2270/2270 1607/2268/2268 1560/2269/2269
f 1442/2287/2287 1434/2312/2312 1430/2286/2286
f 1430/2313/2313 1434/2305/2305 1433/2306/2306
f 1430/2314/2314 1433/2306/2306 1441/2298/2298
f 1441/2298/2298 1433/2306/2306 1445/2307/2307
f 1441/2298/2298 1445/2307/2307 1453/2297/2297
f 1453/2297/2297 1445/2307/2307 1465/2308/2308
f 1453/2297/2297 1465/2308/2308 1473/2296/2296
f 1473/2296/2296 1465/2308/2308 1489/2309/2309
f 1473/2296/2296 1489/2309/2309 1513/2295/2295
f 1513/2295/2295 1489/2309/2309 1517/2310/2310
f 1513/2295/2295 1517/2310/2310 1541/2294/2294
f 1541/2294/2294 1517/2310/2310 1553/2311/2311
f 1541/2294/2294 1553/2311/2311 1557/2293/2293
f 1557/2293/2293 1553/2311/2311 1560/2299/2299
f 1557/2293/2293 1560/2299/2299 1558/2292/2292
f 1558/2292/2292 1560/2299/2299 1554/2300/2300
f 1558/2292/2292 1554/2300/2300 1542/2291/2291
f 1542/2291/2291 1554/2300/2300 1518/2301/2301
f 1542/2291/2291 1518/2301/2301 1514/2290/2290
f 1514/2290/2290 1518/2301/2301 1490/2302/2302
f 1514/2290/2290 1490/2302/2302 1474/2289/2289
f 1474/2289/2289 1490/2302/2302 1466/2303/2303
f 1474/2289/2289 1466/2303/2303 1454/2288/2288
f 1454/2288/2288 1466/2303/2303 1446/2304/2304
f 1454/2288/2288 1446/2304/2304 1442/2287/2287
f 1442/2287/2287 1446/2304/2304 1434/2315/2315
f 1605/2332/2332 1609/2316/2316 1559/2333/2333
f 1559/2333/2333 1609/2316/2316 1606/2317/2317
f 1559/2333/2333 1606/2317/2317 1552/2345/2345
f 1552/2345/2345 1606/2317/2317 1578/2318/2318
f 1552/2345/2345 1578/2318/2318 1516/2344/2344
f 1516/2344/2344 1578/2318/2318 1544/2319/2319
f 1516/2344/2344 1544/2319/2319 1488/2343/2343
f 1488/2343/2343 1544/2319/2319 1496/2320/2320
f 1488/2343/2343 1496/2320/2320 1460/2321/2321
f 1488/2343/2343 1460/2321/2321 1464/2342/2342
f 1464/2342/2342 1460/2321/2321 1426/2322/2322
f 1464/2342/2342 1426/2322/2322 1444/2341/2341
f 1444/2341/2341 1426/2322/2322 1404/2323/2323
f 1444/2341/2341 1404/2323/2323 1432/2340/2340
f 1432/2340/2340 1404/2323/2323 1386/2324/2324
f 1432/2340/2340 1386/2324/2324 1385/2346/2346
f 1432/2340/2340 1385/2347/2347 1431/2339/2339
f 1431/2348/2348 1385/2325/2325 1403/2326/2326
f 1431/2349/2349 1403/2326/2326 1443/2338/2338
f 1443/2338/2338 1403/2326/2326 1425/2327/2327
f 1443/2338/2338 1425/2327/2327 1463/2337/2337
f 1463/2337/2337 1425/2327/2327 1459/2328/2328
f 1463/2337/2337 1459/2328/2328 1487/2336/2336
f 1487/2336/2336 1459/2328/2328 1495/2329/2329
f 1487/2336/2336 1495/2329/2329 1543/2330/2330
f 1487/2336/2336 1543/2330/2330 1515/2335/2335
f 1515/2335/2335 1543/2330/2330 1577/2331/2331
f 1515/2335/2335 1577/2331/2331 1551/2334/2334
f 1551/2334/2334 1577/2331/2331 1605/2332/2332
f 1551/2334/2334 1605/2332/2332 1559/2333/2333
f 1440/2351/2351 1432/2376/2376 1429/2350/2350
f 1429/2377/2377 1432/2369/2369 1431/2370/2370
f 1429/2378/2378 1431/2370/2370 1439/2362/2362
f 1439/2362/2362 1431/2370/2370 1443/2371/2371
f 1439/2362/2362 1443/2371/2371 1451/2361/2361
f 1451/2361/2361 1443/2371/2371 1463/2372/2372
f 1451/2361/2361 1463/2372/2372 1471/2360/2360
f 1471/2360/2360 1463/2372/2372 1487/2373/2373
f 1471/2360/2360 1487/2373/2373 1511/2359/2359
f 1511/2359/2359 1487/2373/2373 1515/2374/2374
f 1511/2359/2359 1515/2374/2374 1539/2358/2358
f 1539/2358/2358 1515/2374/2374 1551/2375/2375
f 1539/2358/2358 1551/2375/2375 1555/2357/2357
f 1555/2357/2357 1551/2375/2375 1559/2363/2363
f 1555/2357/2357 1559/2363/2363 1556/2356/2356
f 1556/2356/2356 1559/2363/2363 1552/2364/2364
f 1556/2356/2356 1552/2364/2364 1540/2355/2355
f 1540/2355/2355 1552/2364/2364 1516/2365/2365
f 1540/2355/2355 1516/2365/2365 1512/2354/2354
f 1512/2354/2354 1516/2365/2365 1488/2366/2366
f 1512/2354/2354 1488/2366/2366 1472/2353/2353
f 1472/2353/2353 1488/2366/2366 1464/2367/2367
f 1472/2353/2353 1464/2367/2367 1452/2352/2352
f 1452/2352/2352 1464/2367/2367 1444/2368/2368
f 1452/2352/2352 1444/2368/2368 1440/2351/2351
f 1440/2351/2351 1444/2368/2368 1432/2379/2379
f 323/2396/2396 335/2380/2380 291/2397/2397
f 291/2397/2397 335/2380/2380 324/2381/2381
f 291/2397/2397 324/2381/2381 280/2409/2409
f 280/2409/2409 324/2381/2381 302/2382/2382
f 280/2409/2409 302/2382/2382 264/2408/2408
f 264/2408/2408 302/2382/2382 276/2383/2383
f 264/2408/2408 276/2383/2383 244/2407/2407
f 244/2407/2407 276/2383/2383 252/2384/2384
f 244/2407/2407 252/2384/2384 204/2385/2385
f 244/2407/2407 204/2385/2385 208/2406/2406
f 208/2406/2406 204/2385/2385 158/2386/2386
f 208/2406/2406 158/2386/2386 176/2405/2405
f 176/2405/2405 158/2386/2386 130/2387/2387
f 176/2405/2405 130/2387/2387 164/2404/2404
f 164/2404/2404 130/2387/2387 110/2388/2388
f 164/2404/2404 110/2388/2388 109/2410/2410
f 164/2404/2404 109/2411/2411 163/2403/2403
f 163/2412/2412 109/2389/2389 129/2390/2390
f 163/2413/2413 129/2390/2390 175/2402/2402
f 175/2402/2402 129/2390/2390 157/2391/2391
f 175/2402/2402 157/2391/2391 207/2401/2401
f 207/2401/2401 157/2391/2391 203/2392/2392
f 207/2401/2401 203/2392/2392 243/2400/2400
f 243/2400/2400 203/2392/2392 251/2393/2393
f 243/2400/2400 251/2393/2393 275/2394/2394
f 243/2400/2400 275/2394/2394 263/2399/2399
f 263/2399/2399 275/2394/2394 301/2395/2395
f 263/2399/2399 301/2395/2395 279/2398/2398
f 279/2398/2398 301/2395/2395 323/2396/2396
f 279/2398/2398 323/2396/2396 291/2397/2397
f 168/2415/2415 164/2440/2440 161/2414/2414
f 161/2441/2441 164/2433/2433 163/2434/2434
f 161/2442/2442 163/2434/2434 167/2426/2426
f 167/2426/2426 163/2434/2434 175/2435/2435
f 167/2426/2426 175/2435/2435 199/2425/2425
f 199/2425/2425 175/2435/2435 207/2436/2436
f 199/2425/2425 207/2436/2436 227/2424/2424
f 227/2424/2424 207/2436/2436 243/2437/2437
f 227/2424/2424 243/2437/2437 255/2423/2423
f 255/2423/2423 243/2437/2437 263/2438/2438
f 255/2423/2423 263/2438/2438 271/2422/2422
f 271/2422/2422 263/2438/2438 279/2439/2439
f 271/2422/2422 279/2439/2439 287/2421/2421
f 287/2421/2421 279/2439/2439 291/2427/2427
f 287/2421/2421 291/2427/2427 288/2420/2420
f 288/2420/2420 291/2427/2427 280/2428/2428
f 288/2420/2420 280/2428/2428 272/2419/2419
f 272/2419/2419 280/2428/2428 264/2429/2429
f 272/2419/2419 264/2429/2429 256/2418/2418
f 256/2418/2418 264/2429/2429 244/2430/2430
f 256/2418/2418 244/2430/2430 228/2417/2417
f 228/2417/2417 244/2430/2430 208/2431/2431
f 228/2417/2417 208/2431/2431 200/2416/2416
f 200/2416/2416 208/2431/2431 176/2432/2432
f 200/2416/2416 176/2432/2432 168/2415/2415
f 168/2415/2415 176/2432/2432 164/2443/2443
f 325/2460/2460 336/2444/2444 292/2461/2461
f 292/2461/2461 336/2444/2444 326/2445/2445
f 292/2461/2461 326/2445/2445 282/2473/2473
f 282/2473/2473 326/2445/2445 304/2446/2446
f 282/2473/2473 304/2446/2446 266/2472/2472
f 266/2472/2472 304/2446/2446 278/2447/2447
f 266/2472/2472 278/2447/2447 246/2471/2471
f 246/2471/2471 278/2447/2447 254/2448/2448
f 246/2471/2471 254/2448/2448 206/2449/2449
f 246/2471/2471 206/2449/2449 210/2470/2470
f 210/2470/2470 206/2449/2449 160/2450/2450
f 210/2470/2470 160/2450/2450 178/2469/2469
f 178/2469/2469 160/2450/2450 132/2451/2451
f 178/2469/2469 132/2451/2451 166/2468/2468
f 166/2468/2468 132/2451/2451 112/2452/2452
f 166/2468/2468 112/2452/2452 111/2474/2474
f 166/2468/2468 111/2475/2475 165/2467/2467
f 165/2476/2476 111/2453/2453 131/2454/2454
f 165/2477/2477 131/2454/2454 177/2466/2466
f 177/2466/2466 131/2454/2454 159/2455/2455
f 177/2466/2466 159/2455/2455 209/2465/2465
f 209/2465/2465 159/2455/2455 205/2456/2456
f 209/2465/2465 205/2456/2456 245/2464/2464
f 245/2464/2464 205/2456/2456 253/2457/2457
f 245/2464/2464 253/2457/2457 277/2458/2458
f 245/2464/2464 277/2458/2458 265/2463/2463
f 265/2463/2463 277/2458/2458 303/2459/2459
f 265/2463/2463 303/2459/2459 281/2462/2462
f 281/2462/2462 303/2459/2459 325/2460/2460
f 281/2462/2462 325/2460/2460 292/2461/2461
f 170/2479/2479 166/2504/2504 162/2478/2478
f 162/2505/2505 166/2497/2497 165/2498/2498
f 162/2506/2506 165/2498/2498 169/2490/2490
f 169/2490/2490 165/2498/2498 177/2499/2499
f 169/2490/2490 177/2499/2499 201/2489/2489
f 201/2489/2489 177/2499/2499 209/2500/2500
f 201/2489/2489 209/2500/2500 229/2488/2488
f 229/2488/2488 209/2500/2500 245/2501/2501
f 229/2488/2488 245/2501/2501 257/2487/2487
f 257/2487/2487 245/2501/2501 265/2502/2502
f 257/2487/2487 265/2502/2502 273/2486/2486
f 273/2486/2486 265/2502/2502 281/2503/2503
f 273/2486/2486 281/2503/2503 289/2485/2485
f 289/2485/2485 281/2503/2503 292/2491/2491
f 289/2485/2485 292/2491/2491 290/2484/2484
f 290/2484/2484 292/2491/2491 282/2492/2492
f 290/2484/2484 282/2492/2492 274/2483/2483
f 274/2483/2483 282/2492/2492 266/2493/2493
f 274/2483/2483 266/2493/2493 258/2482/2482
f 258/2482/2482 266/2493/2493 246/2494/2494
f 258/2482/2482 246/2494/2494 230/2481/2481
f 230/2481/2481 246/2494/2494 210/2495/2495
f 230/2481/2481 210/2495/2495 202/2480/2480
f 202/2480/2480 210/2495/2495 178/2496/2496
f 202/2480/2480 178/2496/2496 170/2479/2479
f 170/2479/2479 178/2496/2496 166/2507/2507
f 806/2526/2526 813/2508/2508 719/2527/2527
f 719/2527/2527 813/2508/2508 807/2509/2509
f 719/2527/2527 807/2509/2509 704/2540/2540
f 704/2540/2540 807/2509/2509 785/2510/2510
f 704/2540/2540 785/2510/2510 630/2539/2539
f 630/2539/2539 785/2510/2510 723/2511/2511
f 630/2539/2539 723/2511/2511 594/2538/2538
f 594/2538/2538 723/2511/2511 618/2512/2512
f 594/2538/2538 618/2512/2512 554/2513/2513
f 594/2538/2538 554/2513/2513 548/2537/2537
f 548/2537/2537 554/2513/2513 490/2514/2514
f 548/2537/2537 490/2514/2514 506/2536/2536
f 506/2536/2536 490/2514/2514 416/2515/2515
f 506/2536/2536 416/2515/2515 458/2535/2535
f 458/2535/2535 416/2515/2515 384/2516/2516
f 458/2535/2535 384/2516/2516 374/2541/2541
f 458/2535/2535 374/2542/2542 444/2534/2534
f 444/2543/2543 374/2517/2517 373/2518/2518
f 444/2544/2544 373/2518/2518 456/2533/2533
f 456/2533/2533 373/2518/2518 383/2519/2519
f 456/2533/2533 383/2519/2519 415/2520/2520
f 456/2533/2533 415/2520/2520 504/2532/2532
f 504/2532/2532 415/2520/2520 489/2521/2521
f 504/2532/2532 489/2521/2521 546/2531/2531
f 546/2531/2531 489/2521/2521 553/2522/2522
f 546/2531/2531 553/2522/2522 592/2530/2530
f 592/2530/2530 553/2522/2522 617/2523/2523
f 592/2530/2530 617/2523/2523 722/2524/2524
f 592/2530/2530 722/2524/2524 628/2529/2529
f 628/2529/2529 722/2524/2524 784/2525/2525
f 628/2529/2529 784/2525/2525 702/2528/2528
f 702/2528/2528 784/2525/2525 806/2526/2526
f 702/2528/2528 806/2526/2526 719/2527/2527
f 457/2546/2546 458/2565/2565 443/2545/2545
f 443/2545/2545 458/2565/2565 444/2573/2573
f 443/2574/2574 444/2566/2566 455/2558/2558
f 455/2558/2558 444/2566/2566 456/2567/2567
f 455/2558/2558 456/2567/2567 503/2557/2557
f 503/2557/2557 456/2567/2567 504/2568/2568
f 503/2557/2557 504/2568/2568 545/2556/2556
f 545/2556/2556 504/2568/2568 546/2569/2569
f 545/2556/2556 546/2569/2569 591/2555/2555
f 591/2555/2555 546/2569/2569 592/2570/2570
f 591/2555/2555 592/2570/2570 627/2554/2554
f 627/2554/2554 592/2570/2570 628/2571/2571
f 627/2554/2554 628/2571/2571 701/2553/2553
f 701/2553/2553 628/2571/2571 702/2572/2572
f 701/2553/2553 702/2572/2572 718/2552/2552
f 718/2552/2552 702/2572/2572 719/2559/2559
f 718/2552/2552 719/2559/2559 703/2551/2551
f 703/2551/2551 719/2559/2559 704/2560/2560
f 703/2551/2551 704/2560/2560 629/2550/2550
f 629/2550/2550 704/2560/2560 630/2561/2561
f 629/2550/2550 630/2561/2561 593/2549/2549
f 593/2549/2549 630/2561/2561 594/2562/2562
f 593/2549/2549 594/2562/2562 547/2548/2548
f 547/2548/2548 594/2562/2562 548/2563/2563
f 547/2548/2548 548/2563/2563 505/2547/2547
f 505/2547/2547 548/2563/2563 506/2564/2564
f 505/2547/2547 506/2564/2564 457/2546/2546
f 457/2546/2546 506/2564/2564 458/2565/2565
f 1341/2593/2593 1356/2575/2575 1270/2594/2594
f 1270/2594/2594 1356/2575/2575 1342/2576/2576
f 1270/2594/2594 1342/2576/2576 1264/2607/2607
f 1264/2607/2607 1342/2576/2576 1326/2577/2577
f 1264/2607/2607 1326/2577/2577 1212/2606/2606
f 1212/2606/2606 1326/2577/2577 1278/2578/2578
f 1212/2606/2606 1278/2578/2578 1174/2605/2605
f 1174/2605/2605 1278/2578/2578 1196/2579/2579
f 1174/2605/2605 1196/2579/2579 1136/2580/2580
f 1174/2605/2605 1136/2580/2580 1128/2604/2604
f 1128/2604/2604 1136/2580/2580 1056/2581/2581
f 1128/2604/2604 1056/2581/2581 1092/2603/2603
f 1092/2603/2603 1056/2581/2581 969/2582/2582
f 1092/2603/2603 969/2582/2582 1030/2602/2602
f 1030/2602/2602 969/2582/2582 919/2583/2583
f 1030/2602/2602 919/2583/2583 909/2608/2608
f 1030/2602/2602 909/2609/2609 995/2601/2601
f 995/2610/2610 909/2584/2584 908/2585/2585
f 995/2611/2611 908/2585/2585 1028/2600/2600
f 1028/2600/2600 908/2585/2585 918/2586/2586
f 1028/2600/2600 918/2586/2586 968/2587/2587
f 1028/2600/2600 968/2587/2587 1090/2599/2599
f 1090/2599/2599 968/2587/2587 1055/2588/2588
f 1090/2599/2599 1055/2588/2588 1126/2598/2598
f 1126/2598/2598 1055/2588/2588 1135/2589/2589
f 1126/2598/2598 1135/2589/2589 1172/2597/2597
f 1172/2597/2597 1135/2589/2589 1195/2590/2590
f 1172/2597/2597 1195/2590/2590 1277/2591/2591
f 1172/2597/2597 1277/2591/2591 1210/2596/2596
f 1210/2596/2596 1277/2591/2591 1325/2592/2592
f 1210/2596/2596 1325/2592/2592 1262/2595/2595
f 1262/2595/2595 1325/2592/2592 1341/2593/2593
f 1262/2595/2595 1341/2593/2593 1270/2594/2594
f 1029/2613/2613 1030/2632/2632 994/2612/2612
f 994/2612/2612 1030/2632/2632 995/2640/2640
f 994/2641/2641 995/2633/2633 1027/2625/2625
f 1027/2625/2625 995/2633/2633 1028/2634/2634
f 1027/2625/2625 1028/2634/2634 1089/2624/2624
f 1089/2624/2624 1028/2634/2634 1090/2635/2635
f 1089/2624/2624 1090/2635/2635 1125/2623/2623
f 1125/2623/2623 1090/2635/2635 1126/2636/2636
f 1125/2623/2623 1126/2636/2636 1171/2622/2622
f 1171/2622/2622 1126/2636/2636 1172/2637/2637
f 1171/2622/2622 1172/2637/2637 1209/2621/2621
f 1209/2621/2621 1172/2637/2637 1210/2638/2638
f 1209/2621/2621 1210/2638/2638 1261/2620/2620
f 1261/2620/2620 1210/2638/2638 1262/2639/2639
f 1261/2620/2620 1262/2639/2639 1269/2619/2619
f 1269/2619/2619 1262/2639/2639 1270/2626/2626
f 1269/2619/2619 1270/2626/2626 1263/2618/2618
f 1263/2618/2618 1270/2626/2626 1264/2627/2627
f 1263/2618/2618 1264/2627/2627 1211/2617/2617
f 1211/2617/2617 1264/2627/2627 1212/2628/2628
f 1211/2617/2617 1212/2628/2628 1173/2616/2616
f 1173/2616/2616 1212/2628/2628 1174/2629/2629
f 1173/2616/2616 1174/2629/2629 1127/2615/2615
f 1127/2615/2615 1174/2629/2629 1128/2630/2630
f 1127/2615/2615 1128/2630/2630 1091/2614/2614
f 1091/2614/2614 1128/2630/2630 1092/2631/2631
f 1091/2614/2614 1092/2631/2631 1029/2613/2613
f 1029/2613/2613 1092/2631/2631 1030/2632/2632
f 1339/2660/2660 1355/2642/2642 1268/2661/2661
f 1268/2661/2661 1355/2642/2642 1340/2643/2643
f 1268/2661/2661 1340/2643/2643 1260/2674/2674
f 1260/2674/2674 1340/2643/2643 1324/2644/2644
f 1260/2674/2674 1324/2644/2644 1208/2673/2673
f 1208/2673/2673 1324/2644/2644 1276/2645/2645
f 1208/2673/2673 1276/2645/2645 1170/2672/2672
f 1170/2672/2672 1276/2645/2645 1194/2646/2646
f 1170/2672/2672 1194/2646/2646 1134/2647/2647
f 1170/2672/2672 1134/2647/2647 1124/2671/2671
f 1124/2671/2671 1134/2647/2647 1054/2648/2648
f 1124/2671/2671 1054/2648/2648 1088/2670/2670
f 1088/2670/2670 1054/2648/2648 967/2649/2649
f 1088/2670/2670 967/2649/2649 1026/2669/2669
f 1026/2669/2669 967/2649/2649 917/2650/2650
f 1026/2669/2669 917/2650/2650 907/2675/2675
f 1026/2669/2669 907/2676/2676 993/2668/2668
f 993/2677/2677 907/2651/2651 906/2652/2652
f 993/2678/2678 906/2652/2652 1024/2667/2667
f 1024/2667/2667 906/2652/2652 916/2653/2653
f 1024/2667/2667 916/2653/2653 966/2654/2654
f 1024/2667/2667 966/2654/2654 1086/2666/2666
f 1086/2666/2666 966/2654/2654 1053/2655/2655
f 1086/2666/2666 1053/2655/2655 1122/2665/2665
f 1122/2665/2665 1053/2655/2655 1133/2656/2656
f 1122/2665/2665 1133/2656/2656 1168/2664/2664
f 1168/2664/2664 1133/2656/2656 1193/2657/2657
f 1168/2664/2664 1193/2657/2657 1275/2658/2658
f 1168/2664/2664 1275/2658/2658 1206/2663/2663
f 1206/2663/2663 1275/2658/2658 1323/2659/2659
f 1206/2663/2663 1323/2659/2659 1258/2662/2662
f 1258/2662/2662 1323/2659/2659 1339/2660/2660
f 1258/2662/2662 1339/2660/2660 1268/2661/2661
f 1025/2680/2680 1026/2699/2699 992/2679/2679
f 992/2679/2679 1026/2699/2699 993/2707/2707
f 992/2708/2708 993/2700/2700 1023/2692/2692
f 1023/2692/2692 993/2700/2700 1024/2701/2701
f 1023/2692/2692 1024/2701/2701 1085/2691/2691
f 1085/2691/2691 1024/2701/2701 1086/2702/2702
f 1085/2691/2691 1086/2702/2702 1121/2690/2690
f 1121/2690/2690 1086/2702/2702 1122/2703/2703
f 1121/2690/2690 1122/2703/2703 1167/2689/2689
f 1167/2689/2689 1122/2703/2703 1168/2704/2704
f 1167/2689/2689 1168/2704/2704 1205/2688/2688
f 1205/2688/2688 1168/2704/2704 1206/2705/2705
f 1205/2688/2688 1206/2705/2705 1257/2687/2687
f 1257/2687/2687 1206/2705/2705 1258/2706/2706
f 1257/2687/2687 1258/2706/2706 1267/2686/2686
f 1267/2686/2686 1258/2706/2706 1268/2693/2693
f 1267/2686/2686 1268/2693/2693 1259/2685/2685
f 1259/2685/2685 1268/2693/2693 1260/2694/2694
f 1259/2685/2685 1260/2694/2694 1207/2684/2684
f 1207/2684/2684 1260/2694/2694 1208/2695/2695
f 1207/2684/2684 1208/2695/2695 1169/2683/2683
f 1169/2683/2683 1208/2695/2695 1170/2696/2696
f 1169/2683/2683 1170/2696/2696 1123/2682/2682
f 1123/2682/2682 1170/2696/2696 1124/2697/2697
f 1123/2682/2682 1124/2697/2697 1087/2681/2681
f 1087/2681/2681 1124/2697/2697 1088/2698/2698
f 1087/2681/2681 1088/2698/2698 1025/2680/2680
f 1025/2680/2680 1088/2698/2698 1026/2699/2699
f 804/2727/2727 812/2709/2709 717/2728/2728
f 717/2728/2728 812/2709/2709 805/2710/2710
f 717/2728/2728 805/2710/2710 700/2741/2741
f 700/2741/2741 805/2710/2710 783/2711/2711
f 700/2741/2741 783/2711/2711 626/2740/2740
f 626/2740/2740 783/2711/2711 721/2712/2712
f 626/2740/2740 721/2712/2712 590/2739/2739
f 590/2739/2739 721/2712/2712 616/2713/2713
f 590/2739/2739 616/2713/2713 552/2714/2714
f 590/2739/2739 552/2714/2714 544/2738/2738
f 544/2738/2738 552/2714/2714 488/2715/2715
f 544/2738/2738 488/2715/2715 502/2737/2737
f 502/2737/2737 488/2715/2715 414/2716/2716
f 502/2737/2737 414/2716/2716 454/2736/2736
f 454/2736/2736 414/2716/2716 382/2717/2717
f 454/2736/2736 382/2717/2717 372/2742/2742
f 454/2736/2736 372/2743/2743 442/2735/2735
f 442/2744/2744 372/2718/2718 371/2719/2719
f 442/2745/2745 371/2719/2719 452/2734/2734
f 452/2734/2734 371/2719/2719 381/2720/2720
f 452/2734/2734 381/2720/2720 413/2721/2721
f 452/2734/2734 413/2721/2721 500/2733/2733
f 500/2733/2733 413/2721/2721 487/2722/2722
f 500/2733/2733 487/2722/2722 542/2732/2732
f 542/2732/2732 487/2722/2722 551/2723/2723
f 542/2732/2732 551/2723/2723 588/2731/2731
f 588/2731/2731 551/2723/2723 615/2724/2724
f 588/2731/2731 615/2724/2724 720/2725/2725
f 588/2731/2731 720/2725/2725 624/2730/2730
f 624/2730/2730 720/2725/2725 782/2726/2726
f 624/2730/2730 782/2726/2726 698/2729/2729
f 698/2729/2729 782/2726/2726 804/2727/2727
f 698/2729/2729 804/2727/2727 717/2728/2728
f 453/2747/2747 454/2766/2766 441/2746/2746
f 441/2746/2746 454/2766/2766 442/2774/2774
f 441/2775/2775 442/2767/2767 451/2759/2759
f 451/2759/2759 442/2767/2767 452/2768/2768
f 451/2759/2759 452/2768/2768 499/2758/2758
f 499/2758/2758 452/2768/2768 500/2769/2769
f 499/2758/2758 500/2769/2769 541/2757/2757
f 541/2757/2757 500/2769/2769 542/2770/2770
f 541/2757/2757 542/2770/2770 587/2756/2756
f 587/2756/2756 542/2770/2770 588/2771/2771
f 587/2756/2756 588/2771/2771 623/2755/2755
f 623/2755/2755 588/2771/2771 624/2772/2772
f 623/2755/2755 624/2772/2772 697/2754/2754
f 697/2754/2754 624/2772/2772 698/2773/2773
f 697/2754/2754 698/2773/2773 716/2753/2753
f 716/2753/2753 698/2773/2773 717/2760/2760
f 716/2753/2753 717/2760/2760 699/2752/2752
f 699/2752/2752 717/2760/2760 700/2761/2761
f 699/2752/2752 700/2761/2761 625/2751/2751
f 625/2751/2751 700/2761/2761 626/2762/2762
f 625/2751/2751 626/2762/2762 589/2750/2750
f 589/2750/2750 626/2762/2762 590/2763/2763
f 589/2750/2750 590/2763/2763 543/2749/2749
f 543/2749/2749 590/2763/2763 544/2764/2764
f 543/2749/2749 544/2764/2764 501/2748/2748
f 501/2748/2748 544/2764/2764 502/2765/2765
f 501/2748/2748 502/2765/2765 453/2747/2747
f 453/2747/2747 502/2765/2765 454/2766/2766
f 865/2785/2785 864/2776/2776 872/2784/2784
f 872/2784/2784 864/2776/2776 886/2777/2777
f 872/2784/2784 886/2777/2777 894/2783/2783
f 894/2783/2783 886/2777/2777 914/2782/2782
f 914/2782/2782 886/2777/2777 930/2778/2778
f 914/2782/2782 930/2778/2778 950/2781/2781
f 950/2781/2781 930/2778/2778 982/2779/2779
f 950/2781/2781 982/2779/2779 983/2780/2780
f 1000/2786/2786 1001/2787/2787 982/2792/2792
f 982/2792/2792 1001/2787/2787 983/2791/2791
f 983/2791/2791 1001/2787/2787 1004/2788/2788
f 983/2791/2791 1004/2788/2788 1004/2789/2789
f 1004/2789/2789 1005/2790/2790 983/2791/2791
f 362/2794/2794 350/2795/2795 361/2793/2793
f 361/2793/2793 350/2795/2795 348/2801/2801
f 348/2801/2801 350/2795/2795 338/2796/2796
f 348/2801/2801 338/2796/2796 334/2800/2800
f 334/2800/2800 338/2796/2796 328/2797/2797
f 334/2800/2800 328/2797/2797 313/2799/2799
f 313/2799/2799 328/2797/2797 314/2798/2798
f 136/2809/2809 135/2802/2802 182/2808/2808
f 182/2808/2808 135/2802/2802 181/2803/2803
f 182/2808/2808 181/2803/2803 242/2807/2807
f 242/2807/2807 181/2803/2803 241/2804/2804
f 242/2807/2807 241/2804/2804 270/2806/2806
f 270/2806/2806 241/2804/2804 269/2805/2805
f 314/2811/2811 270/2812/2812 313/2810/2810
f 313/2810/2810 270/2812/2812 269/2813/2813
f 1070/2827/2827 1069/2814/2814 1050/2826/2826
f 1050/2826/2826 1069/2814/2814 1049/2815/2815
f 1050/2826/2826 1049/2815/2815 989/2825/2825
f 989/2825/2825 1049/2815/2815 988/2816/2816
f 989/2825/2825 988/2816/2816 943/2824/2824
f 943/2824/2824 988/2816/2816 942/2817/2817
f 943/2824/2824 942/2817/2817 903/2823/2823
f 903/2823/2823 942/2817/2817 902/2818/2818
f 903/2823/2823 902/2818/2818 869/2822/2822
f 869/2822/2822 902/2818/2818 868/2819/2819
f 869/2822/2822 868/2819/2819 861/2821/2821
f 861/2821/2821 868/2819/2819 860/2820/2820
f 860/2829/2829 856/2830/2830 861/2828/2828
f 861/2828/2828 856/2830/2830 857/2831/2831
f 650/2845/2845 649/2832/2832 670/2844/2844
f 670/2844/2844 649/2832/2832 669/2833/2833
f 670/2844/2844 669/2833/2833 727/2843/2843
f 727/2843/2843 669/2833/2833 726/2834/2834
f 727/2843/2843 726/2834/2834 777/2842/2842
f 777/2842/2842 726/2834/2834 776/2835/2835
f 777/2842/2842 776/2835/2835 817/2841/2841
f 817/2841/2841 776/2835/2835 816/2836/2836
f 817/2841/2841 816/2836/2836 851/2840/2840
f 851/2840/2840 816/2836/2836 850/2837/2837
f 851/2840/2840 850/2837/2837 859/2839/2839
f 859/2839/2839 850/2837/2837 858/2838/2838
f 858/2847/2847 862/2848/2848 859/2846/2846
f 859/2846/2846 862/2848/2848 863/2849/2849
f 863/2863/2863 862/2850/2850 871/2862/2862
f 871/2862/2862 862/2850/2850 870/2851/2851
f 871/2862/2862 870/2851/2851 905/2861/2861
f 905/2861/2861 870/2851/2851 904/2852/2852
f 905/2861/2861 904/2852/2852 945/2860/2860
f 945/2860/2860 904/2852/2852 944/2853/2853
f 945/2860/2860 944/2853/2853 991/2859/2859
f 991/2859/2859 944/2853/2853 990/2854/2854
f 991/2859/2859 990/2854/2854 1052/2858/2858
f 1052/2858/2858 990/2854/2854 1051/2855/2855
f 1052/2858/2858 1051/2855/2855 1072/2857/2857
f 1072/2857/2857 1051/2855/2855 1071/2856/2856
f 1070/2865/2865 1072/2866/2866 1069/2864/2864
f 1069/2864/2864 1072/2866/2866 1071/2867/2867
f 985/2877/2877 984/2868/2868 951/2876/2876
f 951/2876/2876 984/2868/2868 931/2869/2869
f 951/2876/2876 931/2869/2869 915/2875/2875
f 915/2875/2875 931/2869/2869 887/2870/2870
f 915/2875/2875 887/2870/2870 895/2874/2874
f 895/2874/2874 887/2870/2870 873/2873/2873
f 873/2873/2873 887/2870/2870 866/2871/2871
f 873/2873/2873 866/2871/2871 867/2872/2872
f 866/2879/2879 854/2880/2880 867/2878/2878
f 867/2878/2878 854/2880/2880 855/2881/2881
f 1360/2882/2882 1359/2883/2883 1370/2890/2890
f 1370/2890/2890 1359/2883/2883 1372/2884/2884
f 1370/2890/2890 1372/2884/2884 1382/2889/2889
f 1382/2889/2889 1372/2884/2884 1384/2885/2885
f 1382/2889/2889 1384/2885/2885 1394/2888/2888
f 1394/2888/2888 1384/2885/2885 1409/2886/2886
f 1394/2888/2888 1409/2886/2886 1410/2887/2887
f 1409/2892/2892 1449/2893/2893 1410/2891/2891
f 1410/2891/2891 1449/2893/2893 1450/2894/2894
f 1450/2902/2902 1449/2895/2895 1478/2901/2901
f 1478/2901/2901 1449/2895/2895 1477/2896/2896
f 1478/2901/2901 1477/2896/2896 1538/2900/2900
f 1538/2900/2900 1477/2896/2896 1537/2897/2897
f 1538/2900/2900 1537/2897/2897 1588/2899/2899
f 1588/2899/2899 1537/2897/2897 1587/2898/2898
f 1664/2904/2904 1588/2905/2905 1663/2903/2903
f 1663/2903/2903 1588/2905/2905 1587/2906/2906
f 855/2916/2916 854/2907/2907 847/2915/2915
f 847/2915/2915 854/2907/2907 833/2908/2908
f 847/2915/2915 833/2908/2908 825/2914/2914
f 825/2914/2914 833/2908/2908 803/2913/2913
f 803/2913/2913 833/2908/2908 791/2909/2909
f 803/2913/2913 791/2909/2909 765/2912/2912
f 765/2912/2912 791/2909/2909 732/2910/2910
f 765/2912/2912 732/2910/2910 733/2911/2911
f 714/2917/2917 715/2918/2918 732/2923/2923
f 732/2923/2923 715/2918/2918 733/2922/2922
f 733/2922/2922 715/2918/2918 711/2919/2919
f 733/2922/2922 711/2919/2919 711/2920/2920
f 711/2920/2920 710/2921/2921 733/2922/2922
f 1358/2925/2925 1369/2926/2926 1357/2924/2924
f 1357/2924/2924 1369/2926/2926 1371/2932/2932
f 1371/2932/2932 1369/2926/2926 1381/2927/2927
f 1371/2932/2932 1381/2927/2927 1383/2931/2931
f 1383/2931/2931 1381/2927/2927 1393/2928/2928
f 1383/2931/2931 1393/2928/2928 1407/2930/2930
f 1407/2930/2930 1393/2928/2928 1408/2929/2929
f 1586/2940/2940 1585/2933/2933 1536/2939/2939
f 1536/2939/2939 1585/2933/2933 1535/2934/2934
f 1536/2939/2939 1535/2934/2934 1476/2938/2938
f 1476/2938/2938 1535/2934/2934 1475/2935/2935
f 1476/2938/2938 1475/2935/2935 1448/2937/2937
f 1448/2937/2937 1475/2935/2935 1447/2936/2936
f 1408/2942/2942 1448/2943/2943 1407/2941/2941
f 1407/2941/2941 1448/2943/2943 1447/2944/2944
f 857/2958/2958 856/2945/2945 849/2957/2957
f 849/2957/2957 856/2945/2945 848/2946/2946
f 849/2957/2957 848/2946/2946 815/2956/2956
f 815/2956/2956 848/2946/2946 814/2947/2947
f 815/2956/2956 814/2947/2947 775/2955/2955
f 775/2955/2955 814/2947/2947 774/2948/2948
f 775/2955/2955 774/2948/2948 725/2954/2954
f 725/2954/2954 774/2948/2948 724/2949/2949
f 725/2954/2954 724/2949/2949 668/2953/2953
f 668/2953/2953 724/2949/2949 667/2950/2950
f 668/2953/2953 667/2950/2950 648/2952/2952
f 648/2952/2952 667/2950/2950 647/2951/2951
f 650/2960/2960 648/2961/2961 649/2959/2959
f 649/2959/2959 648/2961/2961 647/2962/2962
f 360/2963/2963 359/2964/2964 349/2971/2971
f 349/2971/2971 359/2964/2964 347/2965/2965
f 349/2971/2971 347/2965/2965 337/2970/2970
f 337/2970/2970 347/2965/2965 333/2966/2966
f 337/2970/2970 333/2966/2966 327/2969/2969
f 327/2969/2969 333/2966/2966 311/2967/2967
f 327/2969/2969 311/2967/2967 312/2968/2968
f 311/2973/2973 267/2974/2974 312/2972/2972
f 312/2972/2972 267/2974/2974 268/2975/2975
f 268/2983/2983 267/2976/2976 240/2982/2982
f 240/2982/2982 267/2976/2976 239/2977/2977
f 240/2982/2982 239/2977/2977 180/2981/2981
f 180/2981/2981 239/2977/2977 179/2978/2978
f 180/2981/2981 179/2978/2978 134/2980/2980
f 134/2980/2980 179/2978/2978 133/2979/2979
f 731/2993/2993 730/2984/2984 764/2992/2992
f 764/2992/2992 730/2984/2984 790/2985/2985
f 764/2992/2992 790/2985/2985 802/2991/2991
f 802/2991/2991 790/2985/2985 832/2986/2986
f 802/2991/2991 832/2986/2986 824/2990/2990
f 824/2990/2990 832/2986/2986 846/2989/2989
f 846/2989/2989 832/2986/2986 852/2987/2987
f 846/2989/2989 852/2987/2987 853/2988/2988
f 865/2995/2995 853/2996/2996 864/2994/2994
f 864/2994/2994 853/2996/2996 852/2997/2997
f 1649/2999/2999 1659/3000/3000 1650/2998/2998
f 1650/2998/2998 1659/3000/3000 1660/3001/3001
f 1656/3003/3003 1582/3004/3004 1655/3002/3002
f 1655/3002/3002 1582/3004/3004 1581/3005/3005
f 1468/3006/3006 1467/3007/3007 1508/3013/3013
f 1508/3013/3013 1467/3007/3007 1507/3008/3008
f 1508/3013/3013 1507/3008/3008 1548/3012/3012
f 1548/3012/3012 1507/3008/3008 1547/3009/3009
f 1548/3012/3012 1547/3009/3009 1582/3011/3011
f 1582/3011/3011 1547/3009/3009 1581/3010/3010
f 921/3037/3037 920/3014/3014 899/3036/3036
f 899/3036/3036 920/3014/3014 898/3015/3015
f 899/3036/3036 898/3015/3015 883/3035/3035
f 883/3035/3035 898/3015/3015 882/3016/3016
f 883/3035/3035 882/3016/3016 877/3034/3034
f 877/3034/3034 882/3016/3016 876/3017/3017
f 877/3034/3034 876/3017/3017 889/3033/3033
f 889/3033/3033 876/3017/3017 888/3018/3018
f 889/3033/3033 888/3018/3018 911/3032/3032
f 911/3032/3032 888/3018/3018 910/3019/3019
f 911/3032/3032 910/3019/3019 955/3031/3031
f 955/3031/3031 910/3019/3019 954/3020/3020
f 955/3031/3031 954/3020/3020 1058/3030/3030
f 1058/3030/3030 954/3020/3020 1057/3021/3021
f 1058/3030/3030 1057/3021/3021 1150/3029/3029
f 1150/3029/3029 1057/3021/3021 1149/3022/3022
f 1150/3029/3029 1149/3022/3022 1202/3028/3028
f 1202/3028/3028 1149/3022/3022 1201/3023/3023
f 1202/3028/3028 1201/3023/3023 1294/3027/3027
f 1294/3027/3027 1201/3023/3023 1293/3024/3024
f 1294/3027/3027 1293/3024/3024 1334/3026/3026
f 1334/3026/3026 1293/3024/3024 1333/3025/3025
f 706/3039/3039 799/3040/3040 705/3038/3038
f 705/3038/3038 799/3040/3040 798/3041/3041
f 386/3065/3065 385/3042/3042 430/3064/3064
f 430/3064/3064 385/3042/3042 429/3043/3043
f 430/3064/3064 429/3043/3043 520/3063/3063
f 520/3063/3063 429/3043/3043 519/3044/3044
f 520/3063/3063 519/3044/3044 572/3062/3062
f 572/3062/3062 519/3044/3044 571/3045/3045
f 572/3062/3062 571/3045/3045 660/3061/3061
f 660/3061/3061 571/3045/3045 659/3046/3046
f 660/3061/3061 659/3046/3046 761/3060/3060
f 761/3060/3060 659/3046/3046 760/3047/3047
f 761/3060/3060 760/3047/3047 809/3059/3059
f 809/3059/3059 760/3047/3047 808/3048/3048
f 809/3059/3059 808/3048/3048 829/3058/3058
f 829/3058/3058 808/3048/3048 828/3049/3049
f 829/3058/3058 828/3049/3049 841/3057/3057
f 841/3057/3057 828/3049/3049 840/3050/3050
f 841/3057/3057 840/3050/3050 835/3056/3056
f 835/3056/3056 840/3050/3050 834/3051/3051
f 835/3056/3056 834/3051/3051 819/3055/3055
f 819/3055/3055 834/3051/3051 818/3052/3052
f 819/3055/3055 818/3052/3052 799/3054/3054
f 799/3054/3054 818/3052/3052 798/3053/3053
f 247/3066/3066 248/3067/3067 211/3073/3073
f 211/3073/3073 248/3067/3067 212/3068/3068
f 211/3073/3073 212/3068/3068 171/3072/3072
f 171/3072/3072 212/3068/3068 172/3069/3069
f 171/3072/3072 172/3069/3069 137/3071/3071
f 137/3071/3071 172/3069/3069 138/3070/3070
f 49/3075/3075 137/3076/3076 50/3074/3074
f 50/3074/3074 137/3076/3076 138/3077/3077
f 234/3099/3099 233/3078/3078 186/3098/3098
f 186/3098/3098 233/3078/3078 185/3079/3079
f 186/3098/3098 185/3079/3079 143/3080/3080
f 186/3098/3098 143/3080/3080 144/3097/3097
f 144/3097/3097 143/3080/3080 115/3081/3081
f 144/3097/3097 115/3081/3081 116/3096/3096
f 116/3096/3096 115/3081/3081 103/3082/3082
f 116/3096/3096 103/3082/3082 104/3095/3095
f 104/3095/3095 103/3082/3082 97/3083/3083
f 104/3095/3095 97/3083/3083 98/3094/3094
f 98/3094/3094 97/3083/3083 101/3084/3084
f 98/3094/3094 101/3084/3084 102/3093/3093
f 102/3093/3093 101/3084/3084 113/3085/3085
f 102/3093/3093 113/3085/3085 114/3092/3092
f 114/3092/3092 113/3085/3085 141/3086/3086
f 114/3092/3092 141/3086/3086 142/3091/3091
f 142/3091/3091 141/3086/3086 183/3087/3087
f 142/3091/3091 183/3087/3087 184/3090/3090
f 184/3090/3090 183/3087/3087 232/3089/3089
f 232/3089/3089 183/3087/3087 231/3088/3088
f 300/3101/3101 236/3102/3102 299/3100/3100
f 299/3100/3100 236/3102/3102 235/3103/3103
f 238/3125/3125 237/3104/3104 190/3124/3124
f 190/3124/3124 237/3104/3104 189/3105/3105
f 190/3124/3124 189/3105/3105 147/3106/3106
f 190/3124/3124 147/3106/3106 148/3123/3123
f 148/3123/3123 147/3106/3106 119/3107/3107
f 148/3123/3123 119/3107/3107 120/3122/3122
f 120/3122/3122 119/3107/3107 107/3108/3108
f 120/3122/3122 107/3108/3108 108/3121/3121
f 108/3121/3121 107/3108/3108 99/3109/3109
f 108/3121/3121 99/3109/3109 100/3120/3120
f 100/3120/3120 99/3109/3109 105/3110/3110
f 100/3120/3120 105/3110/3110 106/3119/3119
f 106/3119/3119 105/3110/3110 117/3111/3111
f 106/3119/3119 117/3111/3111 118/3118/3118
f 118/3118/3118 117/3111/3111 145/3112/3112
f 118/3118/3118 145/3112/3112 146/3117/3117
f 146/3117/3117 145/3112/3112 187/3113/3113
f 146/3117/3117 187/3113/3113 188/3116/3116
f 188/3116/3116 187/3113/3113 236/3115/3115
f 236/3115/3115 187/3113/3113 235/3114/3114
f 57/3127/3127 135/3128/3128 58/3126/3126
f 58/3126/3126 135/3128/3128 136/3129/3129
f 250/3130/3130 249/3131/3131 214/3137/3137
f 214/3137/3137 249/3131/3131 213/3132/3132
f 214/3137/3137 213/3132/3132 174/3136/3136
f 174/3136/3136 213/3132/3132 173/3133/3133
f 174/3136/3136 173/3133/3133 140/3135/3135
f 140/3135/3135 173/3133/3133 139/3134/3134
f 801/3161/3161 800/3138/3138 821/3160/3160
f 821/3160/3160 800/3138/3138 820/3139/3139
f 821/3160/3160 820/3139/3139 837/3159/3159
f 837/3159/3159 820/3139/3139 836/3140/3140
f 837/3159/3159 836/3140/3140 843/3158/3158
f 843/3158/3158 836/3140/3140 842/3141/3141
f 843/3158/3158 842/3141/3141 831/3157/3157
f 831/3157/3157 842/3141/3141 830/3142/3142
f 831/3157/3157 830/3142/3142 811/3156/3156
f 811/3156/3156 830/3142/3142 810/3143/3143
f 811/3156/3156 810/3143/3143 763/3155/3155
f 763/3155/3155 810/3143/3143 762/3144/3144
f 763/3155/3155 762/3144/3144 662/3154/3154
f 662/3154/3154 762/3144/3144 661/3145/3145
f 662/3154/3154 661/3145/3145 574/3153/3153
f 574/3153/3153 661/3145/3145 573/3146/3146
f 574/3153/3153 573/3146/3146 522/3152/3152
f 522/3152/3152 573/3146/3146 521/3147/3147
f 522/3152/3152 521/3147/3147 432/3151/3151
f 432/3151/3151 521/3147/3147 431/3148/3148
f 432/3151/3151 431/3148/3148 388/3150/3150
f 388/3150/3150 431/3148/3148 387/3149/3149
f 1022/3163/3163 923/3164/3164 1021/3162/3162
f 1021/3162/3162 923/3164/3164 922/3165/3165
f 1336/3189/3189 1335/3166/3166 1296/3188/3188
f 1296/3188/3188 1335/3166/3166 1295/3167/3167
f 1296/3188/3188 1295/3167/3167 1204/3187/3187
f 1204/3187/3187 1295/3167/3167 1203/3168/3168
f 1204/3187/3187 1203/3168/3168 1152/3186/3186
f 1152/3186/3186 1203/3168/3168 1151/3169/3169
f 1152/3186/3186 1151/3169/3169 1060/3185/3185
f 1060/3185/3185 1151/3169/3169 1059/3170/3170
f 1060/3185/3185 1059/3170/3170 957/3184/3184
f 957/3184/3184 1059/3170/3170 956/3171/3171
f 957/3184/3184 956/3171/3171 913/3183/3183
f 913/3183/3183 956/3171/3171 912/3172/3172
f 913/3183/3183 912/3172/3172 891/3182/3182
f 891/3182/3182 912/3172/3172 890/3173/3173
f 891/3182/3182 890/3173/3173 879/3181/3181
f 879/3181/3181 890/3173/3173 878/3174/3174
f 879/3181/3181 878/3174/3174 885/3180/3180
f 885/3180/3180 878/3174/3174 884/3175/3175
f 885/3180/3180 884/3175/3175 901/3179/3179
f 901/3179/3179 884/3175/3175 900/3176/3176
f 901/3179/3179 900/3176/3176 923/3178/3178
f 923/3178/3178 900/3176/3176 922/3177/3177
f 1469/3190/3190 1470/3191/3191 1509/3197/3197
f 1509/3197/3197 1470/3191/3191 1510/3192/3192
f 1509/3197/3197 1510/3192/3192 1549/3196/3196
f 1549/3196/3196 1510/3192/3192 1550/3193/3193
f 1549/3196/3196 1550/3193/3193 1583/3195/3195
f 1583/3195/3195 1550/3193/3193 1584/3194/3194
f 1669/3199/3199 1583/3200/3200 1670/3198/3198
f 1670/3198/3198 1583/3200/3200 1584/3201/3201
f 1484/3223/3223 1483/3202/3202 1532/3222/3222
f 1532/3222/3222 1483/3202/3202 1531/3203/3203
f 1532/3222/3222 1531/3203/3203 1573/3204/3204
f 1532/3222/3222 1573/3204/3204 1574/3221/3221
f 1574/3221/3221 1573/3204/3204 1601/3205/3205
f 1574/3221/3221 1601/3205/3205 1602/3220/3220
f 1602/3220/3220 1601/3205/3205 1615/3206/3206
f 1602/3220/3220 1615/3206/3206 1616/3219/3219
f 1616/3219/3219 1615/3206/3206 1621/3207/3207
f 1616/3219/3219 1621/3207/3207 1622/3218/3218
f 1622/3218/3218 1621/3207/3207 1617/3208/3208
f 1622/3218/3218 1617/3208/3208 1618/3217/3217
f 1618/3217/3217 1617/3208/3208 1603/3209/3209
f 1618/3217/3217 1603/3209/3209 1604/3216/3216
f 1604/3216/3216 1603/3209/3209 1575/3210/3210
f 1604/3216/3216 1575/3210/3210 1576/3215/3215
f 1576/3215/3215 1575/3210/3210 1533/3211/3211
f 1576/3215/3215 1533/3211/3211 1534/3214/3214
f 1534/3214/3214 1533/3211/3211 1486/3213/3213
f 1486/3213/3213 1533/3211/3211 1485/3212/3212
f 1418/3225/3225 1482/3226/3226 1417/3224/3224
f 1417/3224/3224 1482/3226/3226 1481/3227/3227
f 1480/3249/3249 1479/3228/3228 1528/3248/3248
f 1528/3248/3248 1479/3228/3228 1527/3229/3229
f 1528/3248/3248 1527/3229/3229 1569/3230/3230
f 1528/3248/3248 1569/3230/3230 1570/3247/3247
f 1570/3247/3247 1569/3230/3230 1597/3231/3231
f 1570/3247/3247 1597/3231/3231 1598/3246/3246
f 1598/3246/3246 1597/3231/3231 1611/3232/3232
f 1598/3246/3246 1611/3232/3232 1612/3245/3245
f 1612/3245/3245 1611/3232/3232 1619/3233/3233
f 1612/3245/3245 1619/3233/3233 1620/3244/3244
f 1620/3244/3244 1619/3233/3233 1613/3234/3234
f 1620/3244/3244 1613/3234/3234 1614/3243/3243
f 1614/3243/3243 1613/3234/3234 1599/3235/3235
f 1614/3243/3243 1599/3235/3235 1600/3242/3242
f 1600/3242/3242 1599/3235/3235 1571/3236/3236
f 1600/3242/3242 1571/3236/3236 1572/3241/3241
f 1572/3241/3241 1571/3236/3236 1529/3237/3237
f 1572/3241/3241 1529/3237/3237 1530/3240/3240
f 1530/3240/3240 1529/3237/3237 1482/3239/3239
f 1482/3239/3239 1529/3237/3237 1481/3238/3238
f 1661/3251/3251 1585/3252/3252 1662/3250/3250
f 1662/3250/3250 1585/3252/3252 1586/3253/3253
f 1239/3255/3255 1365/3421/3421 1329/3254/3254
f 1329/3254/3254 1365/3421/3421 1349/3422/3422
f 1329/3254/3254 1349/3422/3422 1357/3423/3423
f 1039/3256/3256 1049/3755/3755 1239/3255/3255
f 1239/3255/3255 1049/3755/3755 1069/3756/3756
f 1239/3255/3255 1069/3756/3756 1351/3403/3403
f 1351/3403/3403 1069/3756/3756 1343/3402/3402
f 1343/3402/3402 1069/3756/3756 1345/3401/3401
f 1345/3401/3401 1069/3756/3756 1071/3757/3757
f 1345/3401/3401 1071/3757/3757 1353/3400/3400
f 1353/3400/3400 1071/3757/3757 1241/3260/3260
f 1353/3400/3400 1241/3260/3260 1375/3399/3399
f 1375/3399/3399 1241/3260/3260 1430/3642/3642
f 1375/3399/3399 1430/3642/3642 1399/3398/3398
f 1399/3398/3398 1430/3642/3642 1441/3643/3643
f 1399/3398/3398 1441/3643/3643 1419/3397/3397
f 1419/3397/3397 1441/3643/3643 1453/3644/3644
f 1419/3397/3397 1453/3644/3644 1483/3396/3396
f 1483/3396/3396 1453/3644/3644 1473/3645/3645
f 1483/3396/3396 1473/3645/3645 1513/3646/3646
f 924/3257/3257 942/3753/3753 1039/3256/3256
f 1039/3256/3256 942/3753/3753 988/3754/3754
f 1039/3256/3256 988/3754/3754 1049/3755/3755
f 1037/3258/3258 930/3490/3490 924/3257/3257
f 924/3257/3257 930/3490/3490 886/3491/3491
f 924/3257/3257 886/3491/3491 864/3492/3492
f 1237/3259/3259 1061/3487/3487 1037/3258/3258
f 1037/3258/3258 1061/3487/3487 1000/3488/3488
f 1037/3258/3258 1000/3488/3488 982/3489/3489
f 1329/3254/3254 1357/3423/3423 1237/3259/3259
f 1237/3259/3259 1357/3423/3423 1371/3424/3424
f 1237/3259/3259 1371/3424/3424 1383/3425/3425
f 1331/3261/3261 1366/3382/3382 1241/3260/3260
f 1241/3260/3260 1366/3382/3382 1380/3383/3383
f 1241/3260/3260 1380/3383/3383 1430/3642/3642
f 1430/3642/3642 1380/3383/3383 1402/3384/3384
f 1430/3642/3642 1402/3384/3384 1442/3654/3654
f 1442/3654/3654 1402/3384/3384 1423/3385/3385
f 1442/3654/3654 1423/3385/3385 1454/3653/3653
f 1454/3653/3653 1423/3385/3385 1485/3386/3386
f 1454/3653/3653 1485/3386/3386 1474/3652/3652
f 1474/3652/3652 1485/3386/3386 1514/3651/3651
f 1514/3651/3651 1485/3386/3386 1533/3387/3387
f 1514/3651/3651 1533/3387/3387 1542/3650/3650
f 1542/3650/3650 1533/3387/3387 1575/3388/3388
f 1542/3650/3650 1575/3388/3388 1603/3389/3389
f 1243/3262/3262 1359/3380/3380 1331/3261/3261
f 1331/3261/3261 1359/3380/3380 1350/3381/3381
f 1331/3261/3261 1350/3381/3381 1366/3382/3382
f 1043/3263/3263 1062/3316/3316 1243/3262/3262
f 1243/3262/3262 1062/3316/3316 1083/3317/3317
f 1243/3262/3262 1083/3317/3317 1171/3712/3712
f 1171/3712/3712 1083/3317/3317 1067/3318/3318
f 1171/3712/3712 1067/3318/3318 1125/3711/3711
f 1125/3711/3711 1067/3318/3318 1021/3319/3319
f 1125/3711/3711 1021/3319/3319 1089/3710/3710
f 1089/3710/3710 1021/3319/3319 922/3320/3320
f 1089/3710/3710 922/3320/3320 1027/3709/3709
f 1027/3709/3709 922/3320/3320 900/3321/3321
f 1027/3709/3709 900/3321/3321 994/3708/3708
f 994/3708/3708 900/3321/3321 884/3322/3322
f 994/3708/3708 884/3322/3322 878/3323/3323
f 926/3264/3264 931/3313/3313 1043/3263/3263
f 1043/3263/3263 931/3313/3313 984/3314/3314
f 1043/3263/3263 984/3314/3314 1002/3315/3315
f 1041/3265/3265 944/3760/3760 926/3264/3264
f 926/3264/3264 944/3760/3760 904/3761/3761
f 926/3264/3264 904/3761/3761 870/3762/3762
f 1241/3260/3260 1051/3758/3758 1041/3265/3265
f 1041/3265/3265 1051/3758/3758 990/3759/3759
f 1041/3265/3265 990/3759/3759 944/3760/3760
f 389/3267/3267 353/3564/3564 481/3266/3266
f 481/3266/3266 353/3564/3564 339/3565/3565
f 481/3266/3266 339/3565/3565 287/3674/3674
f 287/3674/3674 339/3565/3565 315/3566/3566
f 287/3674/3674 315/3566/3566 271/3673/3673
f 271/3673/3673 315/3566/3566 293/3567/3567
f 271/3673/3673 293/3567/3567 255/3672/3672
f 255/3672/3672 293/3567/3567 231/3568/3568
f 255/3672/3672 231/3568/3568 227/3671/3671
f 227/3671/3671 231/3568/3568 183/3569/3569
f 227/3671/3671 183/3569/3569 199/3670/3670
f 199/3670/3670 183/3569/3569 141/3570/3570
f 199/3670/3670 141/3570/3570 167/3669/3669
f 167/3669/3669 141/3570/3570 113/3571/3571
f 167/3669/3669 113/3571/3571 101/3572/3572
f 479/3268/3268 359/3562/3562 389/3267/3267
f 389/3267/3267 359/3562/3562 367/3563/3563
f 389/3267/3267 367/3563/3563 353/3564/3564
f 679/3269/3269 657/3498/3498 479/3268/3268
f 479/3268/3268 657/3498/3498 632/3499/3499
f 479/3268/3268 632/3499/3499 543/3747/3747
f 543/3747/3747 632/3499/3499 652/3500/3500
f 543/3747/3747 652/3500/3500 589/3746/3746
f 589/3746/3746 652/3500/3500 705/3501/3501
f 589/3746/3746 705/3501/3501 625/3745/3745
f 625/3745/3745 705/3501/3501 798/3502/3502
f 625/3745/3745 798/3502/3502 699/3744/3744
f 699/3744/3744 798/3502/3502 818/3503/3503
f 699/3744/3744 818/3503/3503 716/3743/3743
f 716/3743/3743 818/3503/3503 834/3504/3504
f 716/3743/3743 834/3504/3504 840/3505/3505
f 794/3270/3270 790/3495/3495 679/3269/3269
f 679/3269/3269 790/3495/3495 730/3496/3496
f 679/3269/3269 730/3496/3496 712/3497/3497
f 681/3271/3271 774/3774/3774 794/3270/3270
f 794/3270/3270 774/3774/3774 814/3775/3775
f 794/3270/3270 814/3775/3775 848/3776/3776
f 481/3266/3266 667/3772/3772 681/3271/3271
f 681/3271/3271 667/3772/3772 724/3773/3773
f 681/3271/3271 724/3773/3773 774/3774/3774
f 483/3273/3273 354/3603/3603 391/3272/3272
f 391/3272/3272 354/3603/3603 368/3604/3604
f 391/3272/3272 368/3604/3604 361/3605/3605
f 683/3274/3274 669/3769/3769 483/3273/3273
f 483/3273/3273 669/3769/3769 649/3770/3770
f 483/3273/3273 649/3770/3770 365/3585/3585
f 365/3585/3585 649/3770/3770 377/3584/3584
f 377/3584/3584 649/3770/3770 647/3771/3771
f 377/3584/3584 647/3771/3771 375/3583/3583
f 375/3583/3583 647/3771/3771 363/3582/3582
f 363/3582/3582 647/3771/3771 481/3266/3266
f 363/3582/3582 481/3266/3266 343/3581/3581
f 343/3581/3581 481/3266/3266 288/3675/3675
f 343/3581/3581 288/3675/3675 317/3580/3580
f 317/3580/3580 288/3675/3675 272/3676/3676
f 317/3580/3580 272/3676/3676 297/3579/3579
f 297/3579/3579 272/3676/3676 256/3677/3677
f 297/3579/3579 256/3677/3677 233/3578/3578
f 233/3578/3578 256/3677/3677 228/3678/3678
f 233/3578/3578 228/3678/3678 185/3577/3577
f 185/3577/3577 228/3678/3678 200/3679/3679
f 185/3577/3577 200/3679/3679 143/3576/3576
f 143/3576/3576 200/3679/3679 168/3680/3680
f 143/3576/3576 168/3680/3680 115/3575/3575
f 115/3575/3575 168/3680/3680 103/3574/3574
f 103/3574/3574 168/3680/3680 161/3668/3668
f 103/3574/3574 161/3668/3668 97/3573/3573
f 97/3573/3573 161/3668/3668 101/3572/3572
f 101/3572/3572 161/3668/3668 167/3669/3669
f 796/3275/3275 776/3767/3767 683/3274/3274
f 683/3274/3274 776/3767/3767 726/3768/3768
f 683/3274/3274 726/3768/3768 669/3769/3769
f 685/3276/3276 791/3308/3308 796/3275/3275
f 796/3275/3275 791/3308/3308 833/3309/3309
f 796/3275/3275 833/3309/3309 854/3310/3310
f 485/3277/3277 658/3305/3305 685/3276/3276
f 685/3276/3276 658/3305/3305 714/3306/3306
f 685/3276/3276 714/3306/3306 732/3307/3307
f 391/3272/3272 361/3605/3605 485/3277/3277
f 485/3277/3277 361/3605/3605 348/3606/3606
f 485/3277/3277 348/3606/3606 334/3607/3607
f 31/3279/3279 47/3280/3280 15/3278/3278
f 15/3278/3278 47/3280/3280 63/3281/3281
f 15/3278/3278 63/3281/3281 13/3641/3641
f 13/3641/3641 63/3281/3281 29/3640/3640
f 29/3640/3640 63/3281/3281 45/3639/3639
f 45/3639/3639 63/3281/3281 61/3638/3638
f 61/3638/3638 63/3281/3281 71/3637/3637
f 71/3637/3637 63/3281/3281 95/3634/3634
f 71/3637/3637 95/3634/3634 79/3636/3636
f 79/3636/3636 95/3634/3634 87/3635/3635
f 63/3281/3281 139/3282/3282 95/3634/3634
f 95/3634/3634 139/3282/3282 127/3633/3633
f 127/3633/3633 139/3282/3282 155/3632/3632
f 155/3632/3632 139/3282/3282 173/3283/3283
f 155/3632/3632 173/3283/3283 197/3631/3631
f 197/3631/3631 173/3283/3283 213/3284/3284
f 197/3631/3631 213/3284/3284 249/3285/3285
f 197/3631/3631 249/3285/3285 221/3630/3630
f 221/3630/3630 249/3285/3285 261/3286/3286
f 221/3630/3630 261/3286/3286 225/3629/3629
f 225/3629/3629 261/3286/3286 285/3287/3287
f 225/3629/3629 285/3287/3287 307/3288/3288
f 331/3289/3289 443/3694/3694 307/3288/3288
f 307/3288/3288 443/3694/3694 455/3695/3695
f 307/3288/3288 455/3695/3695 269/3609/3609
f 269/3609/3609 455/3695/3695 313/3608/3608
f 313/3608/3608 455/3695/3695 503/3696/3696
f 313/3608/3608 503/3696/3696 485/3277/3277
f 485/3277/3277 503/3696/3696 545/3697/3697
f 485/3277/3277 545/3697/3697 633/3304/3304
f 633/3304/3304 545/3697/3697 653/3303/3303
f 653/3303/3303 545/3697/3697 591/3698/3698
f 653/3303/3303 591/3698/3698 707/3302/3302
f 707/3302/3302 591/3698/3698 627/3699/3699
f 707/3302/3302 627/3699/3699 800/3301/3301
f 800/3301/3301 627/3699/3699 701/3700/3700
f 800/3301/3301 701/3700/3700 820/3300/3300
f 820/3300/3300 701/3700/3700 718/3701/3701
f 820/3300/3300 718/3701/3701 836/3299/3299
f 836/3299/3299 718/3701/3701 842/3298/3298
f 842/3298/3298 718/3701/3701 830/3297/3297
f 830/3297/3297 718/3701/3701 703/3702/3702
f 830/3297/3297 703/3702/3702 810/3296/3296
f 810/3296/3296 703/3702/3702 762/3295/3295
f 762/3295/3295 703/3702/3702 629/3703/3703
f 762/3295/3295 629/3703/3703 661/3294/3294
f 661/3294/3294 629/3703/3703 593/3704/3704
f 661/3294/3294 593/3704/3704 573/3293/3293
f 573/3293/3293 593/3704/3704 547/3705/3705
f 573/3293/3293 547/3705/3705 521/3292/3292
f 521/3292/3292 547/3705/3705 505/3706/3706
f 521/3292/3292 505/3706/3706 431/3291/3291
f 431/3291/3291 505/3706/3706 457/3707/3707
f 431/3291/3291 457/3707/3707 387/3290/3290
f 387/3290/3290 457/3707/3707 331/3289/3289
f 331/3289/3289 457/3707/3707 443/3694/3694
f 633/3304/3304 658/3305/3305 485/3277/3277
f 732/3307/3307 791/3308/3308 685/3276/3276
f 866/3311/3311 858/3764/3764 854/3310/3310
f 854/3310/3310 858/3764/3764 850/3765/3765
f 854/3310/3310 850/3765/3765 796/3275/3275
f 796/3275/3275 850/3765/3765 816/3766/3766
f 796/3275/3275 816/3766/3766 776/3767/3767
f 887/3312/3312 926/3264/3264 866/3311/3311
f 866/3311/3311 926/3264/3264 870/3762/3762
f 866/3311/3311 870/3762/3762 862/3763/3763
f 887/3312/3312 931/3313/3313 926/3264/3264
f 1002/3315/3315 1062/3316/3316 1043/3263/3263
f 878/3323/3323 890/3324/3324 994/3708/3708
f 994/3708/3708 890/3324/3324 1029/3721/3721
f 1029/3721/3721 890/3324/3324 912/3325/3325
f 1029/3721/3721 912/3325/3325 956/3326/3326
f 1029/3721/3721 956/3326/3326 1091/3720/3720
f 1091/3720/3720 956/3326/3326 1059/3327/3327
f 1091/3720/3720 1059/3327/3327 1127/3719/3719
f 1127/3719/3719 1059/3327/3327 1151/3328/3328
f 1127/3719/3719 1151/3328/3328 1173/3718/3718
f 1173/3718/3718 1151/3328/3328 1203/3329/3329
f 1173/3718/3718 1203/3329/3329 1211/3717/3717
f 1211/3717/3717 1203/3329/3329 1295/3330/3330
f 1211/3717/3717 1295/3330/3330 1263/3716/3716
f 1263/3716/3716 1295/3330/3330 1335/3331/3331
f 1263/3716/3716 1335/3331/3331 1391/3332/3332
f 1263/3716/3716 1391/3332/3332 1269/3715/3715
f 1269/3715/3715 1391/3332/3332 1415/3333/3333
f 1269/3715/3715 1415/3333/3333 1261/3714/3714
f 1261/3714/3714 1415/3333/3333 1449/3376/3376
f 1261/3714/3714 1449/3376/3376 1409/3377/3377
f 1449/3376/3376 1415/3333/3333 1493/3356/3356
f 1493/3356/3356 1415/3333/3333 1437/3334/3334
f 1493/3356/3356 1437/3334/3334 1457/3335/3335
f 1493/3356/3356 1457/3335/3335 1505/3355/3355
f 1505/3355/3355 1457/3335/3335 1469/3336/3336
f 1505/3355/3355 1469/3336/3336 1525/3354/3354
f 1525/3354/3354 1469/3336/3336 1509/3337/3337
f 1525/3354/3354 1509/3337/3337 1549/3338/3338
f 1525/3354/3354 1549/3338/3338 1567/3353/3353
f 1567/3353/3353 1549/3338/3338 1583/3339/3339
f 1567/3353/3353 1583/3339/3339 1595/3352/3352
f 1595/3352/3352 1583/3339/3339 1629/3351/3351
f 1629/3351/3351 1583/3339/3339 1669/3340/3340
f 1629/3351/3351 1669/3340/3340 1653/3348/3348
f 1653/3348/3348 1669/3340/3340 1667/3347/3347
f 1667/3347/3347 1669/3340/3340 1683/3346/3346
f 1683/3346/3346 1669/3340/3340 1699/3345/3345
f 1699/3345/3345 1669/3340/3340 1715/3344/3344
f 1715/3344/3344 1669/3340/3340 1717/3343/3343
f 1717/3343/3343 1669/3340/3340 1685/3341/3341
f 1717/3343/3343 1685/3341/3341 1701/3342/3342
f 1653/3348/3348 1645/3349/3349 1629/3351/3351
f 1629/3351/3351 1645/3349/3349 1637/3350/3350
f 1493/3356/3356 1503/3357/3357 1449/3376/3376
f 1449/3376/3376 1503/3357/3357 1477/3375/3375
f 1477/3375/3375 1503/3357/3357 1523/3358/3358
f 1477/3375/3375 1523/3358/3358 1537/3374/3374
f 1537/3374/3374 1523/3358/3358 1565/3359/3359
f 1537/3374/3374 1565/3359/3359 1587/3373/3373
f 1587/3373/3373 1565/3359/3359 1593/3360/3360
f 1587/3373/3373 1593/3360/3360 1627/3361/3361
f 1635/3362/3362 1643/3363/3363 1627/3361/3361
f 1627/3361/3361 1643/3363/3363 1651/3364/3364
f 1627/3361/3361 1651/3364/3364 1663/3372/3372
f 1663/3372/3372 1651/3364/3364 1665/3365/3365
f 1663/3372/3372 1665/3365/3365 1681/3366/3366
f 1681/3366/3366 1697/3367/3367 1663/3372/3372
f 1663/3372/3372 1697/3367/3367 1713/3368/3368
f 1663/3372/3372 1713/3368/3368 1711/3369/3369
f 1695/3370/3370 1679/3371/3371 1711/3369/3369
f 1711/3369/3369 1679/3371/3371 1663/3372/3372
f 1663/3372/3372 1587/3373/3373 1627/3361/3361
f 1384/3378/3378 1243/3262/3262 1409/3377/3377
f 1409/3377/3377 1243/3262/3262 1209/3713/3713
f 1409/3377/3377 1209/3713/3713 1261/3714/3714
f 1384/3378/3378 1372/3379/3379 1243/3262/3262
f 1243/3262/3262 1372/3379/3379 1359/3380/3380
f 1542/3650/3650 1603/3389/3389 1558/3649/3649
f 1558/3649/3649 1603/3389/3389 1617/3390/3390
f 1558/3649/3649 1617/3390/3390 1621/3391/3391
f 1558/3649/3649 1621/3391/3391 1557/3648/3648
f 1557/3648/3648 1621/3391/3391 1615/3392/3392
f 1557/3648/3648 1615/3392/3392 1601/3393/3393
f 1557/3648/3648 1601/3393/3393 1541/3647/3647
f 1541/3647/3647 1601/3393/3393 1573/3394/3394
f 1541/3647/3647 1573/3394/3394 1531/3395/3395
f 1541/3647/3647 1531/3395/3395 1513/3646/3646
f 1513/3646/3646 1531/3395/3395 1483/3396/3396
f 1351/3403/3403 1373/3404/3404 1239/3255/3255
f 1239/3255/3255 1373/3404/3404 1429/3655/3655
f 1239/3255/3255 1429/3655/3655 1379/3420/3420
f 1379/3420/3420 1429/3655/3655 1401/3419/3419
f 1401/3419/3419 1429/3655/3655 1439/3656/3656
f 1401/3419/3419 1439/3656/3656 1421/3418/3418
f 1421/3418/3418 1439/3656/3656 1451/3657/3657
f 1421/3418/3418 1451/3657/3657 1479/3417/3417
f 1479/3417/3417 1451/3657/3657 1471/3658/3658
f 1479/3417/3417 1471/3658/3658 1511/3659/3659
f 1373/3404/3404 1397/3405/3405 1429/3655/3655
f 1429/3655/3655 1397/3405/3405 1440/3667/3667
f 1440/3667/3667 1397/3405/3405 1417/3406/3406
f 1440/3667/3667 1417/3406/3406 1452/3666/3666
f 1452/3666/3666 1417/3406/3406 1481/3407/3407
f 1452/3666/3666 1481/3407/3407 1472/3665/3665
f 1472/3665/3665 1481/3407/3407 1512/3664/3664
f 1512/3664/3664 1481/3407/3407 1529/3408/3408
f 1512/3664/3664 1529/3408/3408 1540/3663/3663
f 1540/3663/3663 1529/3408/3408 1571/3409/3409
f 1540/3663/3663 1571/3409/3409 1599/3410/3410
f 1540/3663/3663 1599/3410/3410 1556/3662/3662
f 1556/3662/3662 1599/3410/3410 1613/3411/3411
f 1556/3662/3662 1613/3411/3411 1619/3412/3412
f 1556/3662/3662 1619/3412/3412 1555/3661/3661
f 1555/3661/3661 1619/3412/3412 1611/3413/3413
f 1555/3661/3661 1611/3413/3413 1597/3414/3414
f 1555/3661/3661 1597/3414/3414 1539/3660/3660
f 1539/3660/3660 1597/3414/3414 1569/3415/3415
f 1539/3660/3660 1569/3415/3415 1527/3416/3416
f 1539/3660/3660 1527/3416/3416 1511/3659/3659
f 1511/3659/3659 1527/3416/3416 1479/3417/3417
f 1379/3420/3420 1365/3421/3421 1239/3255/3255
f 1383/3425/3425 1407/3426/3426 1237/3259/3259
f 1237/3259/3259 1407/3426/3426 1207/3731/3731
f 1237/3259/3259 1207/3731/3731 1169/3732/3732
f 1207/3731/3731 1407/3426/3426 1259/3730/3730
f 1259/3730/3730 1407/3426/3426 1447/3427/3427
f 1259/3730/3730 1447/3427/3427 1413/3470/3470
f 1413/3470/3470 1447/3427/3427 1491/3447/3447
f 1413/3470/3470 1491/3447/3447 1435/3469/3469
f 1435/3469/3469 1491/3447/3447 1455/3468/3468
f 1455/3468/3468 1491/3447/3447 1499/3448/3448
f 1455/3468/3468 1499/3448/3448 1467/3467/3467
f 1467/3467/3467 1499/3448/3448 1519/3449/3449
f 1467/3467/3467 1519/3449/3449 1507/3466/3466
f 1507/3466/3466 1519/3449/3449 1547/3465/3465
f 1547/3465/3465 1519/3449/3449 1561/3450/3450
f 1547/3465/3465 1561/3450/3450 1581/3464/3464
f 1581/3464/3464 1561/3450/3450 1589/3451/3451
f 1581/3464/3464 1589/3451/3451 1623/3452/3452
f 1491/3447/3447 1447/3427/3427 1501/3446/3446
f 1501/3446/3446 1447/3427/3427 1475/3428/3428
f 1501/3446/3446 1475/3428/3428 1521/3445/3445
f 1521/3445/3445 1475/3428/3428 1535/3429/3429
f 1521/3445/3445 1535/3429/3429 1563/3444/3444
f 1563/3444/3444 1535/3429/3429 1585/3430/3430
f 1563/3444/3444 1585/3430/3430 1591/3443/3443
f 1591/3443/3443 1585/3430/3430 1625/3442/3442
f 1625/3442/3442 1585/3430/3430 1661/3431/3431
f 1625/3442/3442 1661/3431/3431 1649/3439/3439
f 1649/3439/3439 1661/3431/3431 1659/3438/3438
f 1659/3438/3438 1661/3431/3431 1675/3437/3437
f 1675/3437/3437 1661/3431/3431 1691/3436/3436
f 1691/3436/3436 1661/3431/3431 1707/3435/3435
f 1707/3435/3435 1661/3431/3431 1709/3434/3434
f 1709/3434/3434 1661/3431/3431 1677/3432/3432
f 1709/3434/3434 1677/3432/3432 1693/3433/3433
f 1649/3439/3439 1641/3440/3440 1625/3442/3442
f 1625/3442/3442 1641/3440/3440 1633/3441/3441
f 1631/3453/3453 1639/3454/3454 1623/3452/3452
f 1623/3452/3452 1639/3454/3454 1647/3455/3455
f 1623/3452/3452 1647/3455/3455 1655/3463/3463
f 1655/3463/3463 1647/3455/3455 1657/3456/3456
f 1655/3463/3463 1657/3456/3456 1673/3457/3457
f 1673/3457/3457 1689/3458/3458 1655/3463/3463
f 1655/3463/3463 1689/3458/3458 1705/3459/3459
f 1655/3463/3463 1705/3459/3459 1703/3460/3460
f 1687/3461/3461 1671/3462/3462 1703/3460/3460
f 1703/3460/3460 1671/3462/3462 1655/3463/3463
f 1655/3463/3463 1581/3464/3464 1623/3452/3452
f 1259/3730/3730 1413/3470/3470 1267/3729/3729
f 1267/3729/3729 1413/3470/3470 1389/3471/3471
f 1267/3729/3729 1389/3471/3471 1257/3728/3728
f 1257/3728/3728 1389/3471/3471 1333/3472/3472
f 1257/3728/3728 1333/3472/3472 1293/3473/3473
f 1257/3728/3728 1293/3473/3473 1205/3727/3727
f 1205/3727/3727 1293/3473/3473 1201/3474/3474
f 1205/3727/3727 1201/3474/3474 1167/3726/3726
f 1167/3726/3726 1201/3474/3474 1149/3475/3475
f 1167/3726/3726 1149/3475/3475 1121/3725/3725
f 1121/3725/3725 1149/3475/3475 1057/3476/3476
f 1121/3725/3725 1057/3476/3476 1085/3724/3724
f 1085/3724/3724 1057/3476/3476 954/3477/3477
f 1085/3724/3724 954/3477/3477 1023/3723/3723
f 1023/3723/3723 954/3477/3477 910/3478/3478
f 1023/3723/3723 910/3478/3478 888/3479/3479
f 1023/3723/3723 888/3479/3479 992/3722/3722
f 992/3722/3722 888/3479/3479 876/3480/3480
f 992/3722/3722 876/3480/3480 882/3481/3481
f 882/3481/3481 898/3482/3482 992/3722/3722
f 992/3722/3722 898/3482/3482 1025/3735/3735
f 1025/3735/3735 898/3482/3482 920/3483/3483
f 1025/3735/3735 920/3483/3483 1087/3734/3734
f 1087/3734/3734 920/3483/3483 1019/3484/3484
f 1087/3734/3734 1019/3484/3484 1123/3733/3733
f 1123/3733/3733 1019/3484/3484 1066/3485/3485
f 1123/3733/3733 1066/3485/3485 1169/3732/3732
f 1169/3732/3732 1066/3485/3485 1082/3486/3486
f 1169/3732/3732 1082/3486/3486 1237/3259/3259
f 1237/3259/3259 1082/3486/3486 1061/3487/3487
f 982/3489/3489 930/3490/3490 1037/3258/3258
f 852/3493/3493 860/3750/3750 864/3492/3492
f 864/3492/3492 860/3750/3750 868/3751/3751
f 864/3492/3492 868/3751/3751 924/3257/3257
f 924/3257/3257 868/3751/3751 902/3752/3752
f 924/3257/3257 902/3752/3752 942/3753/3753
f 832/3494/3494 794/3270/3270 852/3493/3493
f 852/3493/3493 794/3270/3270 848/3776/3776
f 852/3493/3493 848/3776/3776 856/3777/3777
f 832/3494/3494 790/3495/3495 794/3270/3270
f 712/3497/3497 657/3498/3498 679/3269/3269
f 840/3505/3505 828/3506/3506 716/3743/3743
f 716/3743/3743 828/3506/3506 697/3742/3742
f 697/3742/3742 828/3506/3506 808/3507/3507
f 697/3742/3742 808/3507/3507 760/3508/3508
f 697/3742/3742 760/3508/3508 623/3741/3741
f 623/3741/3741 760/3508/3508 659/3509/3509
f 623/3741/3741 659/3509/3509 587/3740/3740
f 587/3740/3740 659/3509/3509 571/3510/3510
f 587/3740/3740 571/3510/3510 541/3739/3739
f 541/3739/3739 571/3510/3510 519/3511/3511
f 541/3739/3739 519/3511/3511 499/3738/3738
f 499/3738/3738 519/3511/3511 429/3512/3512
f 499/3738/3738 429/3512/3512 451/3737/3737
f 451/3737/3737 429/3512/3512 385/3513/3513
f 451/3737/3737 385/3513/3513 329/3514/3514
f 451/3737/3737 329/3514/3514 441/3736/3736
f 441/3736/3736 329/3514/3514 305/3515/3515
f 441/3736/3736 305/3515/3515 453/3749/3749
f 453/3749/3749 305/3515/3515 267/3558/3558
f 453/3749/3749 267/3558/3558 311/3559/3559
f 267/3558/3558 305/3515/3515 223/3538/3538
f 223/3538/3538 305/3515/3515 283/3516/3516
f 223/3538/3538 283/3516/3516 259/3517/3517
f 223/3538/3538 259/3517/3517 215/3537/3537
f 215/3537/3537 259/3517/3517 247/3518/3518
f 215/3537/3537 247/3518/3518 191/3536/3536
f 191/3536/3536 247/3518/3518 211/3519/3519
f 191/3536/3536 211/3519/3519 171/3520/3520
f 191/3536/3536 171/3520/3520 149/3535/3535
f 149/3535/3535 171/3520/3520 137/3521/3521
f 149/3535/3535 137/3521/3521 121/3534/3534
f 121/3534/3534 137/3521/3521 89/3533/3533
f 89/3533/3533 137/3521/3521 49/3522/3522
f 89/3533/3533 49/3522/3522 65/3530/3530
f 65/3530/3530 49/3522/3522 51/3529/3529
f 51/3529/3529 49/3522/3522 35/3528/3528
f 35/3528/3528 49/3522/3522 19/3527/3527
f 19/3527/3527 49/3522/3522 3/3526/3526
f 3/3526/3526 49/3522/3522 1/3525/3525
f 1/3525/3525 49/3522/3522 33/3523/3523
f 1/3525/3525 33/3523/3523 17/3524/3524
f 65/3530/3530 73/3531/3531 89/3533/3533
f 89/3533/3533 73/3531/3531 81/3532/3532
f 223/3538/3538 217/3539/3539 267/3558/3558
f 267/3558/3558 217/3539/3539 239/3557/3557
f 239/3557/3557 217/3539/3539 193/3540/3540
f 239/3557/3557 193/3540/3540 179/3556/3556
f 179/3556/3556 193/3540/3540 151/3541/3541
f 179/3556/3556 151/3541/3541 133/3555/3555
f 133/3555/3555 151/3541/3541 123/3542/3542
f 133/3555/3555 123/3542/3542 91/3543/3543
f 83/3544/3544 75/3545/3545 91/3543/3543
f 91/3543/3543 75/3545/3545 67/3546/3546
f 91/3543/3543 67/3546/3546 55/3554/3554
f 55/3554/3554 67/3546/3546 53/3547/3547
f 55/3554/3554 53/3547/3547 39/3553/3553
f 39/3553/3553 53/3547/3547 37/3548/3548
f 39/3553/3553 37/3548/3548 5/3550/3550
f 5/3550/3550 37/3548/3548 21/3549/3549
f 5/3550/3550 7/3551/3551 39/3553/3553
f 39/3553/3553 7/3551/3551 23/3552/3552
f 55/3554/3554 133/3555/3555 91/3543/3543
f 333/3560/3560 479/3268/3268 311/3559/3559
f 311/3559/3559 479/3268/3268 501/3748/3748
f 311/3559/3559 501/3748/3748 453/3749/3749
f 333/3560/3560 347/3561/3561 479/3268/3268
f 479/3268/3268 347/3561/3561 359/3562/3562
f 365/3585/3585 345/3586/3586 483/3273/3273
f 483/3273/3273 345/3586/3586 289/3687/3687
f 483/3273/3273 289/3687/3687 290/3688/3688
f 345/3586/3586 319/3587/3587 289/3687/3687
f 289/3687/3687 319/3587/3587 273/3686/3686
f 273/3686/3686 319/3587/3587 299/3588/3588
f 273/3686/3686 299/3588/3588 257/3685/3685
f 257/3685/3685 299/3588/3588 235/3589/3589
f 257/3685/3685 235/3589/3589 229/3684/3684
f 229/3684/3684 235/3589/3589 187/3590/3590
f 229/3684/3684 187/3590/3590 201/3683/3683
f 201/3683/3683 187/3590/3590 145/3591/3591
f 201/3683/3683 145/3591/3591 169/3682/3682
f 169/3682/3682 145/3591/3591 117/3592/3592
f 169/3682/3682 117/3592/3592 105/3593/3593
f 169/3682/3682 105/3593/3593 162/3681/3681
f 162/3681/3681 105/3593/3593 99/3594/3594
f 162/3681/3681 99/3594/3594 107/3595/3595
f 162/3681/3681 107/3595/3595 170/3693/3693
f 170/3693/3693 107/3595/3595 119/3596/3596
f 170/3693/3693 119/3596/3596 147/3597/3597
f 170/3693/3693 147/3597/3597 202/3692/3692
f 202/3692/3692 147/3597/3597 189/3598/3598
f 202/3692/3692 189/3598/3598 230/3691/3691
f 230/3691/3691 189/3598/3598 237/3599/3599
f 230/3691/3691 237/3599/3599 258/3690/3690
f 258/3690/3690 237/3599/3599 295/3600/3600
f 258/3690/3690 295/3600/3600 274/3689/3689
f 274/3689/3689 295/3600/3600 316/3601/3601
f 274/3689/3689 316/3601/3601 290/3688/3688
f 290/3688/3688 316/3601/3601 340/3602/3602
f 290/3688/3688 340/3602/3602 483/3273/3273
f 483/3273/3273 340/3602/3602 354/3603/3603
f 334/3607/3607 313/3608/3608 485/3277/3277
f 241/3610/3610 219/3628/3628 269/3609/3609
f 269/3609/3609 219/3628/3628 225/3629/3629
f 269/3609/3609 225/3629/3629 307/3288/3288
f 219/3628/3628 241/3610/3610 195/3627/3627
f 195/3627/3627 241/3610/3610 181/3611/3611
f 195/3627/3627 181/3611/3611 153/3626/3626
f 153/3626/3626 181/3611/3611 135/3612/3612
f 153/3626/3626 135/3612/3612 125/3625/3625
f 125/3625/3625 135/3612/3612 93/3624/3624
f 93/3624/3624 135/3612/3612 57/3613/3613
f 93/3624/3624 57/3613/3613 69/3621/3621
f 69/3621/3621 57/3613/3613 59/3620/3620
f 59/3620/3620 57/3613/3613 43/3619/3619
f 43/3619/3619 57/3613/3613 27/3618/3618
f 27/3618/3618 57/3613/3613 11/3617/3617
f 11/3617/3617 57/3613/3613 9/3616/3616
f 9/3616/3616 57/3613/3613 41/3614/3614
f 9/3616/3616 41/3614/3614 25/3615/3615
f 69/3621/3621 77/3622/3622 93/3624/3624
f 93/3624/3624 77/3622/3622 85/3623/3623
f 287/3674/3674 288/3675/3675 481/3266/3266
f 1171/3712/3712 1209/3713/3713 1243/3262/3262
f 543/3747/3747 501/3748/3748 479/3268/3268
f 1071/3757/3757 1051/3758/3758 1241/3260/3260
f 862/3763/3763 858/3764/3764 866/3311/3311
f 647/3771/3771 667/3772/3772 481/3266/3266
f 856/3777/3777 860/3750/3750 852/3493/3493
# 1718 vertices
# 3777 texture params
# 3777 normals
# 3488 facets

# 1 groups
